sr_no,date,startup,industry,sub_vertical,city,investors,investment_type,amount_usd,amount_inr_crore,year,month
1,2020-01-09,BYJU’S,E-Tech,E-learning,Bengaluru,Tiger Global Management,Private Equity Round,200000000.0,1680.0,2020,January
2,2020-01-13,Shuttl,Transportation,App based shuttle service,Gurugram,Susquehanna Growth Equity,Series C,8048394.0,67.61,2020,January
3,2020-01-09,Mamaearth,E-commerce,Retailer of baby and toddler products,Bengaluru,Sequoia Capital India,Series B,18358860.0,154.21,2020,January
4,2020-01-02,wealthbucket.in,FinTech,Online Investment,New Delhi,Vinod Khatumal,Pre-series A,3000000.0,25.2,2020,January
5,2020-01-02,Fashor,Fashion and Apparel,Embroiled Clothes For Women,Mumbai,Sprout Venture Partners,Seed Round,1800000.0,15.12,2020,January
6,2020-01-13,Pando,Logistics,"Open-market, freight management platform",Chennai,Chiratae Ventures,Series A,9000000.0,75.6,2020,January
7,2020-01-10,Zomato,Hospitality,Online Food Delivery Platform,Gurugram,Ant Financial,Private Equity Round,150000000.0,1260.0,2020,January
8,2019-12-12,Ecozen,Technology,Agritech,Pune,Sathguru Catalyzer Advisors,Series A,6000000.0,50.4,2019,December
9,2019-12-06,CarDekho,E-Commerce,Automobile,Gurugram,Ping An Global Voyager Fund,Series D,70000000.0,588.0,2019,December
10,2019-12-03,Dhruva Space,Aerospace,Satellite Communication,Bengaluru,"Mumbai Angels, Ravikanth Reddy",Seed,50000000.0,420.0,2019,December
11,2019-12-13,Rivigo,Technology,Logistics Services and Solutions,Gurugram,"Saif Partners, Spring Canter Investment Ltd.",Series F,20000000.0,168.0,2019,December
12,2019-12-17,Healthians,B2B-focused foodtech startup,Food Solutions For Corporate,Bengaluru,"Paytm, Nptk, Sabre Partners And Neoplux",Series C,12000000.0,100.8,2019,December
13,2019-12-16,Licious,E-Commerce,Online Meat And Seafood Ordering Startup,Bengaluru,Vertex Growth Fund,Series E,30000000.0,252.0,2019,December
14,2019-12-16,InCred,Finance,Non-Banking Financial Company,Mumbai,Undisclosed,Debt Funding,5900000.0,49.56,2019,December
15,2019-12-14,Trell,Video,Experience Discovery Platform,Bengaluru,Ruizheng Investment,Seed Round,2000000.0,16.8,2019,December
16,2019-12-11,Rein Games,Gaming,Real money based gaming startup,Noida,Manipal Education And Medical Group,Seed Round,50000000.0,420.0,2019,December
17,2019-12-20,Lenskart.com,E-Commerce,Online Eyewear Shopping Portal,Faridabad,Softbank Vision Fund,Series G,231000000.0,1940.4,2019,December
18,2019-11-13,Freshworks,Software,Business and customer engagement tools,San Francisco,"Sequoia, Capitalg, Accel",Series H,150000000.0,1260.0,2019,November
19,2019-11-14,Misters,Health and wellness,Men's Health and Wellness brand,Gurugram,"Sauce.Vc, Rainforest Ventures",Series B,486000.0,4.08,2019,November
20,2019-11-13,Sunstone Eduversity Pvt. Ltd,Education,Elearning,Gurugram,"Prime Venture Partners, Letsventure, Ps1 Venture And Globallogic Co-Founder Rajul Garg",Seed,1500000.0,12.6,2019,November
21,2019-11-17,Burger Singh,Food and Beverage,Indian Burger Brand,Gurugram,Rb Investments,Venture,0.0,0.0,2019,November
22,2019-11-18,Healthians,Health and Wellness,Healthcare services,Gurugram,"Dg Daiwa Ventures, Dg Incubation",Series B,12000000.0,100.8,2019,November
23,2019-11-15,Ninjacart,B2B Marketing,Agritech,Bengaluru,Trifecta Capital Advisors,Debt Funding,26000000.0,218.4,2019,November
24,2019-11-20,Aye Finance,FinTech,Financial Services To MSMEs,Gurugram,Fintech,Debt Funding,17411265.0,146.25,2019,November
25,2019-11-12,SuperGaming,Video Games,Social gaming platform,Pune,Dream Incubator,Seed Funding,1300000.0,10.92,2019,November
26,2019-11-20,Clumio,SaaS,Recovery software,"San Jose,","Altimeter Capital, Sutter Hill Ventures",Series C,135000000.0,1134.0,2019,November
27,2019-11-11,eBikeGo,Last Mile Transportation,Electric bike rental,Amritsar,Startup Buddy,Seed,300000.0,2.52,2019,November
28,2019-11-19,Digital Mall Asia,E-Commerce,Virtual e-commerce platform,New Delhi,Amour Infrastructure,Seed Funding,220000000.0,1848.0,2019,November
29,2019-11-18,Medikabazaar,Healthcare,B2B platform for medical supplies,Mumbai,"Ackermans & Van Haaren, Healthquad, Rebright Partners, Toppan Printing",Series B,15800000.0,132.72,2019,November
30,2019-11-15,Vogo Automotive,Last Mile Transportation,Scooter sharing app,Kormangala,"Matrix Partners, Stellaris Venture Partners, Kalaari Capital",Series B,283000000.0,2377.2,2019,November
31,2019-11-19,Furtados School of Music,Education,Music Education,Tulangan,Ian Fund And Dsg Consumer Partners,Undisclosed,200000000.0,1680.0,2019,November
32,2019-11-25,Paytm,FinTech,Mobile Wallet,Noida,Vijay Shekhar Sharma,Funding Round,1000000000.0,8400.0,2019,November
33,2019-10-04,Dunzo,Customer Service,Delivery Service,Bengaluru,Lightbox,Series D,45000000.0,378.0,2019,October
34,2019-10-02,Udaan,B2B,Business development,Bengaluru,"Altimeter Capital, Dst Global",Series D,585000000.0,4914.0,2019,October
35,2019-10-21,The Man Company,Consumer Goods,Beauty and Grooming,Gurugram,Ayushmann Khurana,Corporate Round,0.0,0.0,2019,October
36,2019-09-05,FPL Technologies,FinTech,Financial Services,Pune,"Matrix Partners India, Sequoia India",Maiden Round,4500000.0,37.8,2019,September
37,2019-09-04,Cashflo,FinTech,Invoice discounting platform and SME lending marketplace,Mumbai,Saif Partners,Series A,3300000.0,27.72,2019,September
38,2019-09-04,Digital F5,"Advertising, Marketing",Digital marketing firm,Mumbai,Tiw Private Equity,Private Equity Round,6000000.0,50.4,2019,September
39,2019-09-04,3rdFlix,SaaS,Education Technology,Hyderabad,Exfinity Venture Partners,pre-series A,5000000.0,42.0,2019,September
40,2019-09-04,75F,IoT,Building automation system,Burnsville,Breakthrough Energy Ventures,Series A,18000000.0,151.2,2019,September
41,2019-09-04,Myelin Foundry,Information Technology,Deep-technology,Bengaluru,Endiya Partners,Seed,1000000.0,8.4,2019,September
42,2019-09-04,Atomberg Technology,Consumer Technology,"Consumer Electronics, Home Appliances",Mumbai,A91 Partners,Series A,10000000.0,84.0,2019,September
43,2019-09-04,GOQii,Health and Wellness,Wearable Fitness Bands,Menlo Park,Bennett Coleman And Company Ltd,Series C,450000000.0,3780.0,2019,September
44,2019-09-03,Vyapar App,Accounting,Mobile-based Accounting Software,Bengaluru,"India Quotient, Axilor Ventures",Series A,5000000.0,42.0,2019,September
45,2019-08-01,CarDekho,E-Commerce,Automotive,Gurugram,Sc Gg India Mobility Holdings Llc,Series C,20000000.0,168.0,2019,August
46,2019-08-01,Progcap,Finance,Supply Chain Management,New Delhi,Sequoia India,Series A,5000000.0,42.0,2019,August
47,2019-08-01,MyPetrolPump,Retail,Fuel Delivery,Bengaluru,Undisclosed,Seed Funding Round,1600000.0,13.44,2019,August
48,2019-08-01,Alteria Capital,Finance,VC Funds,Mumbai,"Azim Premji, Binny Bansal",Single Venture,140000000.0,1176.0,2019,August
49,2019-08-01,Pine Labs,Information Technology,Last-mile retail transaction technology,Noida,Pine Labs Pte Ltd,Corporate Round,38080000.0,319.87,2019,August
50,2019-08-12,Meesho,E-Commerce,Social Commerce,Bengaluru,Naspers,Series D,125000000.0,1050.0,2019,August
51,2019-08-13,Cars24,E-Commerce,Car Retail,Gurugram,Ms Dhoni,Series D,11000000.0,92.4,2019,August
52,2019-08-13,Uniphore,Customer Service Platform,Conversational AI,Palo Alto,March Capital Partners,Series C,51000000.0,428.4,2019,August
53,2019-08-23,Zendrive,Automotive,Road Safety Analytics,San Francisco,Xl Innovate,Series B,37000000.0,310.8,2019,August
54,2019-08-23,Lo! Foods,Consumer Goods,Low carb food for Diabetics,Bengaluru,"Rashmi Daga, Raveen Sastry And Mitesh Shah",Seed Round,500000.0,4.2,2019,August
55,2019-08-23,Tala,FinTech,Digital Lending Platform,Santa Monica,Rps Ventures,Series D,110000000.0,924.0,2019,August
56,2019-08-22,INDwealth,FinTech,Wealth Management,Gurugram,Tiger Global Management,Venture Round,15000000.0,126.0,2019,August
57,2019-08-21,HungerBox,Food and Beverage,B2B Foodtech,Bengaluru,One97 Communication Ltd,Series C,6590000.0,55.36,2019,August
58,2019-08-23,AdmitKard,EdTech,University Admissions,Noida,Growth Dna,Seed Round,1000000.0,8.4,2019,August
59,2019-08-19,Mishry Reviews,Services,Product Review,Gurugram,Vir Sanghvi,Series A,0.0,0.0,2019,August
60,2019-08-19,Grofers,E-Commerce,Grocery Delivery,Gurugram,Softbank Vision Fund,Series F,70000000.0,588.0,2019,August
61,2019-08-27,Rapido Bike Taxi,Transportation,Bike Taxi,Bengaluru,Westbridge Capital,Series B,3900000000.0,32760.0,2019,August
62,2019-07-02,RenewBuy,Finance,Auto Insurance,Gurugram,"Lok Capital, Iifl Wealth",Series B,19000000.0,159.6,2019,July
63,2019-07-02,Atlan,Information Technology,Big Data,Singapore,Waterbridge Ventures,Pre-Series A,2500000.0,21.0,2019,July
64,2019-07-01,WizCounsel,Compliance,Consulting,New Delhi,Kapil Dev,Angel,145000.0,1.22,2019,July
65,2019-07-03,Ola Cabs,Transport,Cabs,Kormangala,"Dig Investment Ab, Deshe Holdings, Samih Toukan And Hussam Khoury",Series J,1000000.0,8.4,2019,July
66,2019-07-01,Uniphore,Artificial Intelligence,Speech Recognition,Taramani,March Capital Partners,Series C,38080000.0,319.87,2019,July
67,2019-07-04,Daalchini Technologies,Food and Beverage,Digital Vending Machine,New Delhi,Artha Venture,Seed Round,500000.0,4.2,2019,July
68,2019-07-10,"""BYJU\\'S""",EdTech,Education,Bengaluru,Qatar Investment Authority,Private Equity Round,150000000.0,1260.0,2019,July
69,2019-07-11,Moglix,E-Commerce,Industrial Tools and Equipments,Singapore,"Composite Capital Management, Sequoia Capital India, Tiger Global Management",Series D,60000000.0,504.0,2019,July
70,2019-07-10,Ezyhaul,Tech,Logistics,Singapore,Undisclosed,Series B,16000000.0,134.4,2019,July
71,2019-07-10,Indus OS,Tech,Smartphone Operating System,Andheri,Ventureast,Series B,5750000.0,48.3,2019,July
72,2019-07-10,HealthAssure,Health Care,Primary care medical network,Mumbai,Blume Ventures,Series A,2500000.0,21.0,2019,July
73,2019-07-09,House of Msasaba,Luxury Label,Clothes and Apparel,Mumbai,Binny Bansal,Series A,1000000.0,8.4,2019,July
74,2019-07-08,Board Infinity,EdTech,Full-stack career platform,Chembur,Multiple Angel Investors,Angel Round,319605.0,2.68,2019,July
75,2019-06-05,NoBroker,E-Commerce,Real Estate,Bengaluru,General Atlantic,Series C,51000000.0,428.4,2019,June
76,2019-06-04,Bira91,Food and Beverage,Brewery,New Delhi,Anicut Capital,Debt Funding,10000000.0,84.0,2019,June
77,2019-06-03,FabHotels,E-Commerce,Hospitality,Gurugram,"Goldman Sachs, Accel Partners And Qualcomm",Undisclosed,4889975.54,41.08,2019,June
78,2019-06-03,Avail Finance,Finance,FinTech,Bengaluru,Matrix Partners,Series A,9000000.0,75.6,2019,June
79,2019-06-04,BharatPe,Finance,FinTech,New Delhi,Insight Partners,Series B,75000000.0,630.0,2019,June
80,2019-06-04,Recykal,Waste Management Service,Optimization,Hyderabad,"Triton Investment Advisors, Pidilite Industries Director Ajay Parekh",pre-Series A,26000000.0,218.4,2019,June
81,2019-06-03,Agara Labs,Deep-Tech,Artificial Intelligence,Bengaluru,Blume Ventures And Rtp Global,pre-Series A,2500000.0,21.0,2019,June
82,2019-06-06,Sistema.bio,Agriculture,Hybrid Reactor Biodigestor,Nairobi,"Shell Foundation, Dila Capital, Engie Rde Fund, Ecoenterprise Fund, Edfimc, Endeavor Catalyst Fund, Cocapital, Triodos, Alpha Mundi, And Lendahand",Undisclosed,2739034.68,23.01,2019,June
83,2019-06-06,Chakr Innovation,Energy,Renewable Energy,New Delhi,Ian Fund,Series A,26000000.0,218.4,2019,June
84,2019-06-06,Pratilipi,Digital Media,E-Books,Bengaluru,Qiming Venture Partners,Series B,15109500.0,126.92,2019,June
85,2019-06-10,Bolo App,Digital Media,Video Platform,Bengaluru,Nexus Venture Partners,Seed Funding,430200.0,3.61,2019,June
86,2019-06-10,OkCredit,FinTech,Financial Services,Haryana,Tiger Global Management,Series A,15500000.0,130.2,2019,June
87,2019-06-06,Biz2Credit,FinTech,Online Lending Platform,New York,Westbridge Capital,Series B,52000000.0,436.8,2019,June
88,2019-06-08,Vogo Automotive Pvt. Ltd.,Transportation,Dockless Scooter Rental Company,Karnataka,Alteria Capital,Debt Funding,3584000.0,30.11,2019,June
89,2019-06-04,Leegality,Services,Digital Documentation,Mumbai/Bengaluru,Mumbai Angels,Series A,3400000.0,28.56,2019,June
90,2019-05-06,Ola Electric,Transport,Cabs,Bengaluru,Tata Sons,Series A,0.0,0.0,2019,May
91,2019-05-06,Saahas Zero Waste,Waste Management Service,Optimization,Bengaluru,C4D Partners,Venture - Series Unknown,868600.0,7.3,2019,May
92,2019-05-05,StyleDotMe,E-commerce,Fashion and Shopping,New Delhi,"Indian Angel Network And Other Angel Investors, Innov8 Founder Ritesh Malik, Josh Talks Founders Supriya Paul And Shobha Banga, And Former Hero Corporate President Rohit Chanana",Bridge Round,0.0,0.0,2019,May
93,2019-05-01,BlackBuck,Transport,Logistics,Bengaluru,"Goldman Sachs Investment Partners And Silicon Valley-Based Accel, Wellington, Sequoia Capital, B Capital, Lightstreet, Sands Capital And International Finance Corporation,",Series D,150000000.0,1260.0,2019,May
94,2019-05-02,Zenoti,Saas,Beauty and Wellness Industry,Hyderabad,Tiger Global Management,Series C,50000000.0,420.0,2019,May
95,2019-05-28,Ather Energy,Automobile,Electric Vehicle,Bengaluru,Sachin Bansal,Series C,51000000.0,428.4,2019,May
96,2019-05-28,FreshVnF,Agtech,Fresh Agriculture Produces,Mumbai,Equanimity Ventures,Seed Round,140000000.0,1176.0,2019,May
97,2019-05-30,GlowRoad,E-commerce,Retail,Bengaluru,"Korea Investment Partners, Vertex Ventures",Series B,11500000.0,96.6,2019,May
98,2019-05-31,Bira91,Food and Beverage,Brewery,New Delhi,Sixth Sense Ventures,Series B,5600000.0,47.04,2019,May
99,2019-04-16,Kuvera,Finance,Wealth Management,Bengaluru,Eight Roads,Series A,45000000.0,378.0,2019,April
100,2019-04-12,Medlife,E-commerce,Online Medicine,Bengaluru,Prasid Uno Family Trust,Private Equity,17000000.0,142.8,2019,April
101,2019-04-10,Kabadiwala,E-commerce,Waste Management,Bhopal,"Unilever, Beehive Capital Advisor, Abcom Investments, Parekh Marine Transport,",Private Equity,430665.0,3.62,2019,April
102,2019-04-13,Tripoto,Social Media,Travel,New Delhi,"Orchid India, Hornbill Orchid India Fund, Chiratae Ventures, 3One4 Capital, Lasmer Nv",Series B,3591375.0,30.17,2019,April
103,2019-04-12,Azah,Health and Wellness,Organic wellness,Gurugram,Unnamed Angel Investors,Seed Funding,200000.0,1.68,2019,April
104,2019-04-11,Setu,Fintech,Banking,Bengaluru,Lightspeed India Partners,Seed Funding,3500000.0,29.4,2019,April
105,2019-04-10,Toppr,Edtech,E-learning,Mumbai,Milestone,Debt and Preference capital,6320820.0,53.09,2019,April
106,2019-04-10,Craftsvilla,E-commerce,Fashion and Apparel,Mumbai,Supera Pte Ltd,Inhouse Funding,2443495.0,20.53,2019,April
107,2019-04-10,Unacademy,Edtech,E-learning,Bengaluru,Kalyan Krishnamurthy,Seed/ Angel Funding,307000.0,2.58,2019,April
108,2019-04-11,CleverTap,SaaS,Mobile analytics and marketing,Mumbai,"Sequoia India, Tiger Global Management, Accel Partners",Series B,26000000.0,218.4,2019,April
109,2019-04-19,My Healthcare,E-commerce,Software Solutions,Bengaluru and Gurugram,Sixth Sense Ventures,Series A,3000000.0,25.2,2019,April
110,2019-04-19,KrazyBee,E-commerce,Lending Platform,Bengaluru,"Bac Acquisitions, Unifi Aif, Brd Securities, Northern R Capital",Debt,0.0,0.0,2019,April
111,2019-04-17,Shuttl,Transportation,Bus Aggregation,Gurugram,New Atlantic Ventures,Venture Round,5000000.0,42.0,2019,April
112,2019-04-17,Increff,Technology,Supply-chain technology solutions,Bengaluru,"021 Capita, Binny Bansal",Series A,3000000.0,25.2,2019,April
113,2019-02-01,FleetX,AI,Logistics,Gurugram,India Quotient And Letsventure\\Xe2\\X80\\X99S Angel Fund,Pre Series A,0.0,0.0,2019,February
114,2019-02-08,Zilingo,Ecommerce,Fashion & Apparel,India/Singapore,"Sequoia Capital And Temasek Holdings, Edbi, Burda Principal Investments, And Sofina",Series D,226000000.0,1898.4,2019,February
115,2019-02-13,NanoClean Global,Nanotechnology,Anti-Pollution,New Delhi,"Letsventure, Pitchright Venture, 91Springboard, Al Nour International Holdings And Mark V Investments",Series A,600000.0,5.04,2019,February
116,2018-02-14,OyoRooms,Hospitality,Budget Rooms,Gurugram,Didi Chuxing,Equity,100000000.0,840.0,2018,February
117,2019-01-03,CarDekho,Automobile,Online Marketplace,Jaipur,"Sequoia India, Hillhouse Capital, Alphabet\\Xe2\\X80\\X99S Growth Investment Arm Capital G And Axis Bank",Series C,110000000.0,924.0,2019,January
118,2019-01-04,Vyome Therapeutics Inc.,Health and Wellness,Specialty pharmaceutical,India/US,"Iron Pillar, Perceptive Advisors, Romulus Capital And Kalaari Capital",Series D,22000000.0,184.8,2019,January
119,2019-01-04,Samunnati Financial Intermediation & Services Pvt. Ltd,Finance,Non-banking financial company,Chennai,"Massif, A Dutch Government Fund",Debt-Funding,5000000.0,42.0,2019,January
120,2018-12-04,Manch,Social Media,Hyperlocal Content,New Delhi,Stellaris Venture Partners,Seed Funding,700000.0,5.88,2018,December
121,2018-12-01,UrbanClap Technologies Pvt. Ltd,Services Platform,Home services marketplace,New Delhi,Steadview Capital And Vy Capital.,Series D,50000000.0,420.0,2018,December
122,2018-12-02,Guiddoo,Travel Tech,Platform for travel agents,Mumbai,Individual Investors,Pre-Series A,800000.0,6.72,2018,December
123,2018-12-02,Career Anna,Online Education,"Video-based certification, trainings",Gurugram,Individual Investors,Pre-Series A,572000.0,4.8,2018,December
124,2018-12-04,Nagpur Wholesale,Online Marketplace,eCommerce,Nagpur,Omphalos Ventures India Llp,Seed Funding,143000.0,1.2,2018,December
125,2018-12-06,ShopKirana,B2B,eCommerce,Indore,"Info Edge, Aet Fund, Akatsuki And Incubate Fund From Japan And Better Capital Angellist Syndicate.",Seed Funding,2000000.0,16.8,2018,December
126,2018-12-06,BuildSupply,"SaaS, Ecommerce","Real Estate, ERP",Gurugram,"Venture Highway, Gree Ventures, Space Matrix, Individual Investors",Series A,3500000.0,29.4,2018,December
127,2018-11-01,GoDesi,Food and Beverage,Regional Flavours,Bengaluru,Lead Angel Network,Seed/ Angel Funding,138995.0,1.17,2018,November
128,2018-11-03,Veritas Finance Ltd.,NBFC,MSME Finance,Chennai,"Norwest Venture Partners, Cdc Group, The Uk\\Xe2\\X80\\X99S Development Finance Institution And P Surendra Pai",Series D,27799000.0,233.51,2018,November
129,2018-11-06,Meesho,Ecommerce,Social Commerce,Bengaluru,"Shunwei Capital, Dst Partners And Rps Ventures",Series C,50000000.0,420.0,2018,November
130,2018-11-08,Mobile Premier League,Gaming,Mobile e-Sports,Bengaluru,Undisclosed,Series A,500000.0,4.2,2018,November
131,2018-11-08,A&R Bon Vivants,Food,Meat Retail Chain,Jaipur,"Rb Investments, Singapore",Equity,1000000.0,8.4,2018,November
132,2018-11-12,Blackbuck,Food Tech,POS For Online Ordering,"New York, Bengaluru",Tiger Global,Series A,1000000.0,8.4,2018,November
133,2018-11-12,MilkBAsket,Food,Micro-delivery grocery service,New Delhi,Mayfield Fund,Series B,1300000.0,10.92,2018,November
134,2018-11-13,DriveU,Transport,On-Demand Drivers,Bengaluru,Stevens Creek Ventures,Mezzanine,1000000.0,8.4,2018,November
135,2018-11-14,CleanseCar,Services,Car Wash,Bengaluru,Venture Catalysts,Seed/ Angel Funding,500000.0,4.2,2018,November
136,2018-11-19,Automation Anywhere,Automation,Robotics,California,Softbank Vision Fund,Series B,300000000.0,2520.0,2018,November
137,2018-11-20,HealthifyMe,Health and Wellness,Wellness Coach,Bengaluru,"Sistema Asia Fund, Vc Samsung Next, Chiratae Ventures, Inventus Capital, Blume Ventures And Innoven Capital.",Series B (Extension),6000000.0,50.4,2018,November
138,2018-11-21,Genius Corner,Education,Personalized Learning,Noida,Individual Investors,Seed Funding,278000.0,2.34,2018,November
139,2018-11-22,Aavishkaar-Intellecap Group,Investment,SME Funding,Mumbai,Teachers Insurance And Annuity Association,Equity Based Funding,31000000.0,260.4,2018,November
140,2018-11-22,Skillbox,Social Network,Art,Gurugram,Individual Investors,Seed Funding,0.0,0.0,2018,November
141,2018-11-23,Signzy,Financial Tech,Digital Onboarding Solution,Mumbai/Bengaluru,"Stellaris Venture Partners And Kalaari Capital, Rajan Anandan From Google, Dilip Khandwelwal From Sap Labs India, And Amrish Rau From Payu India",Series A,3400000.0,28.56,2018,November
142,2018-11-24,Engineer.ai,Software,AI Platform,India/US,"Lakestar And Jungle Ventures, Softbank\\Xe2\\X80\\X99S Deepcore.",Series A,29500000.0,247.8,2018,November
143,2018-11-25,InCred Finance,Finance,SME Lending,India,"Paragon Partners, Individual Investors",Private Equity,42000000.0,352.8,2018,November
144,2018-11-25,Roposo,Social Media,Video Sharing,New Delhi,Bertelsmann India Investments,Series B,1700000.0,14.28,2018,November
145,2018-10-01,Northmist,Fashion,Mens Wear,New Delhi,Prashant Jaiswal,Seed/ Angel Funding,0.0,0.0,2018,October
146,2018-10-02,Origo Commodities India Pvt. Ltd,Logistics,Supply Chain,Hyderabad,"Cooperative Oikocredit, Caspian And Hivos-Triodos Fund",Seed/ Angel Funding,11000000.0,92.4,2018,October
147,2018-10-04,Grover Zampa,Food,Wine,Mumbai,Ravi Viswanathan,Private Equity,8200000.0,68.88,2018,October
148,2018-10-05,Droom,Automobile,New and Used Cars Platform,Gurugram,Zigexn,Series E,3000000.0,25.2,2018,October
149,2018-10-11,Innov8,Real Estate,Co-Working,New Delhi,Credence Family Office,Pre-Series A,4000000.0,33.6,2018,October
150,2018-10-12,Blackbuck,Logistics Tech,Largest Trucking Platform,Bengaluru,Sequoia Capital India,Private Funding,14680000.0,123.31,2018,October
151,2018-10-12,LetsTransport,Logistics Tech,Book Trucks Online,Bengaluru,Fosun International,Series C,12000000.0,100.8,2018,October
152,2018-09-01,Netmeds,Consumer Internet,Online Pharmacy Chain,Chennai,"Sistema Asia Fund, Sistema Jsfc And Tanncam Investment",Private Equity,35000000.0,294.0,2018,September
153,2018-09-03,Udaan,B2B Platform,Logistics and Shipping,Bengaluru,Dst Global And Lightspeed Venture Partners\\Xe2\\X80\\X99 Global Fund.,Private Equity,225000000.0,1890.0,2018,September
154,2018-09-03,Daily hunt,Consumer Internet,News and ebooks Mobile App\\xc2\\xa0,Bengaluru,Falcon Edge,Private Equity,6390000.0,53.68,2018,September
155,2018-09-04,3HCare,Healthcare,Healthcare Service Provider,New Delhi,Undisclosed,Seed / Angel Funding,1000000.0,8.4,2018,September
156,2018-09-04,HappyGoEasy,Consumer Internet,Online Travel Agecy,Gurugram,"Korea Investment Partners, Samsung And China-Based Citic Capital And Others",Private Equity,0.0,0.0,2018,September
157,2018-09-05,Nykaa,Consumer Internet,Online Marketplace For Multi-brand Beauty Cosmetic and Wellness Products,Mumbai,Lighthouse,Private Equity,157200000.0,1320.48,2018,September
158,2018-09-05,Mad Street Den,Technology,Computer Vision And Artificial Intelligence (Ai) Platform,Chennai,Kddi\\Xc2\\Xa0,Private Equity,0.0,0.0,2018,September
159,2018-09-06,Dream11,Consumer Internet,Online Gaming Platform,Mumbai,"Tencent, Kalaari Capital And Private Equity Firm Multiples Alternate Asset Management",Private Equity,100000000.0,840.0,2018,September
160,2018-09-10,MamaEarth,Healthcare,Online Marketplace For Mother and Babycare Products,Gurugram,Stellaris Ventures & Others,Private Equity,4000000.0,33.6,2018,September
161,2018-09-11,AutoGrid,Technology,AI-Based Energy Optimisation and Control Provider,Bengaluru,"Clp Holdings Group, Innogy, \\Xc3\\X98Rstead, And Tenaska",Private Equity,32000000.0,268.8,2018,September
162,2018-09-11,Pharmeasy,Consumer Internet,Online Marketplace For Pharmaceutical Products,Mumbai,Innoven Capital,Debt Funding,5500000.0,46.2,2018,September
163,2018-09-11,Upwards,Fin-Tech,Online Micro Lending Marketplace,Mumbai,"Shunwei Capital,Quotient, Mayfield & Others",Private Equity,5000000.0,42.0,2018,September
164,2018-09-12,Kissht,Fin-Tech,Online lending Platform,Mumbai,"Vertex Ventures Southeast Asia And India And Sistema Asia Fund, Fosun Rz Capital, Ventureast, And Endiya Partners.\\N\\N",Private Equity,30000000.0,252.0,2018,September
165,2018-08-01,dishq,Food-Tech,Personalisation Technology Firm Focusing On The Food And Beverage Industry,Bengaluru,"Farm To Fork, Arts Alliance, The Syndicate Fund, Sven Hensen, Zeroth And Artesian Venture Partners",Seed/ Angel Funding,400000.0,3.36,2018,August
166,2018-08-01,HealthFin,Finance,Patient Financing Platform,Pune,"Axilor, Sprout Venture Partners And Others",Seed/ Angel Funding,0.0,0.0,2018,August
167,2018-08-02,Samosa Labs,Consumer Internet,Social Media and Chat Entertainment Platform,Hyderabad,Xiaomi And Sequoia Capital India,Private Equity,7000000.0,58.8,2018,August
168,2018-08-03,ZiffyHomes,Consumer Internet,Online Home Rental Marketplace,Gurugram,Y Combinator,Private Equity,120000.0,1.01,2018,August
169,2018-08-07,My OmNamo,Consumer Internet,Holy Platform Offering Customised Puja Packages To Individuals and Corporates,Mumbai,Undisclosed,Seed/ Angel Funding,1000000.0,8.4,2018,August
170,2018-08-07,ShopX,Consumer Internet,Assisted E-commerce Platform,Bengaluru,Fung Strategic Holdings,Private Equity,35000000.0,294.0,2018,August
171,2018-08-07,MakeMyTrip,Consumer Internet,Online Travel Aggregator,Gurugram,Makemytrip Limited,Private Equity,10000000.0,84.0,2018,August
172,2018-08-08,Hansel io,Consumer Internet,Real-time Mobile App Management,Bengaluru,Vertex Ventures,Seed/ Angel Funding,4000000.0,33.6,2018,August
173,2018-08-08,Metro Bikes,Consumer Internet,Online Bike Rental Marketplace,Bengaluru,"Sequoia Capital India Advisors, Accel Partners And G Raghunandan",Private Equity,12200000.0,102.48,2018,August
174,2018-08-08,Phone Pe,Consumer Internet,UPI Payments App,Bengaluru,Flipkart,Private Equity,66000000.0,554.4,2018,August
175,2018-08-09,quizizz,Ed-Tech,e-learning Platform,Bengaluru,"Nexus Venture Partners, Prime Venture Partners And Others",Seed/ Angel Funding,3000000.0,25.2,2018,August
176,2018-08-09,Happy EMI,Fin-Tech,Consumer Financing Platform,Bengaluru,Aj Ventures And Jain International Trade Organisation,Seed/ Angel Funding,1000000.0,8.4,2018,August
177,2018-08-13,Inthree,Consumer Internet,Rural E-commerce Platform,Chennai,"Ventureast, Orios Venture Partners And The Ian Fund",Seed/ Angel Funding,4000000.0,33.6,2018,August
178,2018-08-13,Observe AI,Technology,AI Based Solutions Platform,Bengaluru,"Nexus Venture Partners, Mgv, Liquid 2 Ventures, Hack Vc, Emergent Ventures And Y Combinator",Private Equity,8000000.0,67.2,2018,August
179,2018-08-16,Enakshi,Consumer Internet,AI Based Solutions Platform,Ahemadabad,Undisclosed,Seed/ Angel Funding,114811.0,0.96,2018,August
180,2018-08-17,EazyDiner,Consumer Internet,Online Restaurant Table Reservation Platform,Gurugram,Denlow Investment Trust And Beenext,Private Equity,5850000.0,49.14,2018,August
181,2018-08-20,Finzy,Finance,Online Loan Matchmaking Platform,Bengaluru,Undisclosed,Seed / Angel Funding,1000000.0,8.4,2018,August
182,2018-08-20,RawPressery,Consumer Internet,Online Organic Juice Delivery Service,Mumbai,Alteria Capital,Debt Funding,4800000.0,40.32,2018,August
183,2018-08-22,Pi Ventures,Technology,Applied Artificial Intelligence and IoT focused\\xc2\\xa0Platform,Bengaluru,Cdc Group Plc\\Xc2\\Xa0,Private Equity,6000000.0,50.4,2018,August
184,2018-08-22,Revv,Consumer Internet,Online Indian Car Rental Platform,Gurugram,"Hyundai, Edelweiss And Beenext, Dream Incubator, Sunjay Kapoor And Telama Investment",Private Equity,14270000.0,119.87,2018,August
185,2018-08-26,ZestMoney,Consumer Internet,Online Lending Platform,Bengaluru,"Xiaomi,Payu, Ribbit Capital And Omidyar Network",Private Equity,13400000.0,112.56,2018,August
186,2018-08-26,Shubh Loans,Fin-Tech,\\xc2\\xa0Customer Sourcing Platform\\xc2\\xa0,Bengaluru,"Saama Capital, Sri Capital, Beenext, And Pravega Ventures",Private Equity,4200000.0,35.28,2018,August
187,2018-08-27,MyUpchar,Healthcare,Local Language Health Content App,New Delhi,"Nexus Venture Partners, Omidyar Network And Shunwei Capital",Private Equity,5000000.0,42.0,2018,August
188,2018-08-28,Narvar,IT,Post-Purchase Customer Engagement Platform\\xc2\\xa0,Bengaluru,Accel,Private Equity,3000000.0,25.2,2018,August
189,2018-08-30,True North,Finance,Private Equity Firm,Mumbai,Undisclosed,Private Equity,600000000.0,5040.0,2018,August
190,2018-07-01,Leena AI,Technology,HR Virtual Agent For Employees,Gurugram,Y Combinator,Seed/ Angel Funding,0.0,0.0,2018,July
191,2018-07-02,Biryani By Kilo,Consumer Internet,Online Food Delivery,Gurugram,Ajay Relan And Vinay Mittal,Seed/ Angel Funding,1000000.0,8.4,2018,July
192,2018-07-04,Anchanto,IT,E-commerce Fulfilment Platform,Pune,Mdi Ventures & Telkom Indonesia,Private Equity,4000000.0,33.6,2018,July
193,,Loan Tap,Consumer Internet,Online Lending Platform For Salaried Professionals,Mumbai,"Shunwei Capital, Tuscan Ventures, Ashish Goenka, Vc Firms India Quotient And Kae Capital",Private Equity,6250000.0,52.5,2016,Unknown
194,2018-07-06,PolicyBazaar,Consumer Internet,Online Insurance Selling Platform,Gurugram,Info Edge Ltd And Temasek,Private Equity,27700000.0,232.68,2018,July
195,2018-07-09,zippserv,Consumer Internet,Online Platform For Risk-Assessment Services For Real Estate Investments,Bengaluru,Info Edge Ltd,Seed/ Angel Funding,440000.0,3.7,2018,July
196,2018-07-09,Groww,Consumer Internet,Online Platform That Sells Direct Plans Of Mutual Funds,Bengaluru,"Insignia Ventures Partners, Lightbridge Partners & Kairos",Seed/ Angel Funding,1100000.0,9.24,2018,July
197,2018-07-10,Avenue Growth,Consumer Internet,Online Platform That Connects Brands With Freelance Sales Professionals,Gurugram,"Avtar Monga, Chief Operating Office At Idfc Bank, Aditya Malik & Others",Seed/ Angel Funding,437000.0,3.67,2018,July
198,2018-07-10,iNICU,Healthcare,Med-tech Platform Providing Care For Newborns,New Delhi,Venture Catalysts,Seed/ Angel Funding,0.0,0.0,2018,July
199,2018-07-10,Kinara Capital,Finance,Lending Platform For Micro and Small Enterprises,Bengaluru,Responsability,Private Equity,5000000.0,42.0,2018,July
200,2018-07-10,Shop 101,Consumer Internet,Mobile Storefront And Commerce Platform For Sellers,Mumbai,"Stellaris Venture Partners, Vy Capital, Raghunandan G, And Ramakant Sharma",Private Equity,5000000.0,42.0,2018,July
201,2018-07-11,Sambandh,Consumer Internet,Online Micro Lending Platform,Rourkela,Base Of Pyramid Asia Pte Ltd,Private Equity,2500000.0,21.0,2018,July
202,2018-07-12,19th mile,IT,Artificial intelligence-based sales acceleration software platform,Gurugram,"Rishi Vasudev, Excelsior Investments, Ritesh Vohra, Praveer Kumar, Prashant Gupta And Others",Seed/ Angel Funding,180000.0,1.51,2018,July
203,2018-07-12,5th Vital,Healthcare,Home diagnostics services provider,Bengaluru,Brand Capital And Others,Seed/ Angel Funding,500000.0,4.2,2018,July
204,2018-07-13,MEngage,Healthcare,A Doctor-Patient Engagement Platform,Jaipur,"Siddharth Agarwal, Mahavir Sharma, Amit Singal, 100 Co-Founders Lab And Others.",Seed/ Angel Funding,175000.0,1.47,2018,July
205,2018-07-17,Ofbusiness,Finance,Online Lending Platform For SME,Gurugram,"Creation Investments, Falcon Edge, Matrix Partners India And Zodius Capital",Private Equity,29000000.0,243.6,2018,July
206,2018-07-17,Cars24,Consumer Internet,Online Used Car Marketplace,Gurugram,"Kingsway Fci Fund, Kck Global & Others",Private Equity,49700000.0,417.48,2018,July
207,2018-07-18,The Ken,Consumer Internet,Subscription-Only News Website,Bengaluru,Omidyar Network & Others,Seed/ Angel Funding,1500000.0,12.6,2018,July
208,2018-07-19,Book My Show,Consumer Internet,Online Ticketing Platform,Mumbai,"Tpg Growth, The Rise Fund & Others",Private Equity,100000000.0,840.0,2018,July
209,2018-07-20,HousingMan,Consumer Internet,Property Discovery Platform,Bengaluru,Undisclosed,Seed/ Angel Funding,1500000.0,12.6,2018,July
210,2018-07-21,PaySense,Consumer Internet,Online Consumer Lending Platform,Mumbai,Payu & Others,Private Equity,18000000.0,151.2,2018,July
211,2018-07-23,Yulu Bikes,Technology,Bicycle-Sharing Platform,Bengaluru,Undisclosed,Seed/ Angel Funding,0.0,0.0,2018,July
212,2018-07-23,VTION,Technology,Media Analytics,Gurugram,"Angellist, Rahul Khanna, Rajeev Arora And Ram Ramsundar.",Seed/ Angel Funding,280000.0,2.35,2018,July
213,2018-07-23,Log9 Materials,Technology,Nanotechnology Company Specializing In Graphene,Bengaluru,"Metaform Ventures, Hemant Luthra, Micro Venture Capital Firm Gems Partners And Others",Seed/ Angel Funding,436000.0,3.66,2018,July
214,2018-07-24,kidovators,Ed-Tech,Skill Learning Platform,Bengaluru,Gray Matters,Seed/ Angel Funding,180000.0,1.51,2018,July
215,2018-07-24,Digit,Consumer Internet,Online Insurance Startup,Pune,Fairfax,Private Equity,45000000.0,378.0,2018,July
216,2018-07-25,Black Soil,Finance,Non-Banking Financial Company,Mumbai,"Allcargo Logistics, Navneet Education And Mahavir Agency",Private Equity,17000000.0,142.8,2018,July
217,2018-07-25,Trell,Consumer Internet,Mobile-First Video Blogging App,Bengaluru,"Beenext , Weh Ventures And Sprout Ventures",Seed/ Angel Funding,1250000.0,10.5,2018,July
218,2018-07-25,iqlect,Technology,Data Analytics Firm,Bengaluru,Ventureast And Exfinity,Seed/ Angel Funding,2500000.0,21.0,2018,July
219,2018-07-26,Entropik,IT,Software-As-A-Service Platform,Bengaluru,"Bharat Innovation, Idfc-Parampara Capital, Arthavida Ventures, Jitendra Gupta & Others",Seed/ Angel Funding,1100000.0,9.24,2018,July
220,2018-07-26,Bitla Software,Technology,Travel-Focused Tech Startup,Bengaluru,Makemytrip,Private Equity,0.0,0.0,2018,July
221,2018-07-26,TheCapitalNet,Fin-Tech,Unified Global Investments Ecosystem,Hyderabad,Lindwall Family Investments Llc,Private Equity,500000.0,4.2,2018,July
222,2018-07-30,Shuttl,Consumer Internet,Bus Aggregation Platform,Gurugram,Amazon Alexa Fund & Dentsu Ventures,Private Equity,11000000.0,92.4,2018,July
223,2018-07-30,Cure Fit,Consumer Internet,Health and fitness Platform,Bengaluru,"Idg Ventures, Accel Partners, Kalaari Capital And Others",Private Equity,120000000.0,1008.0,2018,July
224,2018-07-31,Five Star Group,Fin-Tech,Non-Bank Lending Platform For SME,Chennai,"Tpg, Norwest Venture Partners, Sequoia Capital & Matrix Partners",Private Equity,100000000.0,840.0,2018,July
225,2018-07-31,Healthsignz,Healthcare,Health and Well being Platform,Hyderabad,Kantilal Patel,Seed/ Angel Funding,5000000.0,42.0,2018,July
226,2018-06-01,CoinTribe,Finance,Credit-Based Lending Marketplace For Small And Medium Enterprises,Gurugram,"Sabre Partners, Puneet Dalmia & Others",Private Equity,10000000.0,84.0,2018,June
227,2018-06-04,Digiconectt,Technology,Sales Analytics and Enablement Platform,Bengaluru,Aspire Logistics Llc,Seed/ Angel Funding,125000.0,1.05,2018,June
228,2018-06-04,Kashmir Box,E-Commerce,"Online Marketplace For Handicrafts, Handlooms And Local Produce",Srinagar,"Bhairavi Jani, Alok Divatia, Namrata Kaul, Sohail Hashemi, Aijaz Saleem",Seed/ Angel Funding,0.0,0.0,2018,June
229,2018-06-05,Crowdera,Finance,Online Crowdfunding Platform,Nagpur,"Anil Advani, Pramod Jain, Amrendra Reddy And Manish Satnaliwala.",Seed/ Angel Funding,0.0,0.0,2018,June
230,2018-06-05,Zoctr,Healthcare,Online Healthcare Aggregator,Mumbai,Nb Ventures And Others,Seed/ Angel Funding,0.0,0.0,2018,June
231,2018-06-07,Annapurna Finance,Finance,Non-Banking Financial Company,Bhubneswar,Oman India Joint Investment Fund,Private Equity,23000000.0,193.2,2018,June
232,2018-06-07,Meesho,Consumer Internet,Online Marketplace For Resellers,Bengaluru,"Sequoia Capital India, Saif Partners, Y Combinator And Venture Highway",Private Equity,11500000.0,96.6,2018,June
233,2018-06-10,AyeFinance,Finance,Online Lending Platform,Gurugram,"Capitalg, Saif Partners And Lgt Impact Ventures",Private Equity,21500000.0,180.6,2018,June
234,2018-06-11,Theranosis,Healthcare,Specialised diagnostics Platform,Hyderabad,Mumbai Angels Network,Seed/ Angel Funding,0.0,0.0,2018,June
235,2018-06-12,Alpha Capital,Finance,Supplychain Finance,Mumbai,Alpha Capital,Private Equity,14800000.0,124.32,2018,June
236,2018-06-12,eshakti,E-Commerce,Fashion e-tailer,Chennai,Paragon Partners,Private Equity,10100000.0,84.84,2018,June
237,2018-06-12,Daily Ninja,Consumer Internet,Hyperlocal Delivery Platform,Bengaluru,Saama Capital And Sequoia Capital,Seed/ Angel Funding,3000000.0,25.2,2018,June
238,2018-06-13,NirogStreet,Healthcare,An Online Platform That Connects Ayurveda Doctors With Patients,Gurugram,"Spiral Ventures, Subho Ray And Samir Kumar",Seed/ Angel Funding,300000.0,2.52,2018,June
239,2018-06-13,Nivesh,Finance,Mass Market Mutual Fund Investment Platform,Noida,"Letsventure, Rajan Anandan, Basab Pradhan, Vivek Khare And Bijoy George",Seed/ Angel Funding,450000.0,3.78,2018,June
240,2018-06-13,What\\xe2\\x80\\x99s Up Life,Consumer Internet,"A Local Discovery App For Dining-Out, Party, Leisure and Events",Gurugram,Rannvijay Singha,Seed/ Angel Funding,0.0,0.0,2018,June
241,2018-06-14,HomeLane,Consumer Internet,Online Home Furnishing Solutions,Bengaluru,Brand Capital,Seed/ Angel Funding,3450000.0,28.98,2018,June
242,2018-06-14,Network Intelligence,Technology,Cybersecurity Specialist,Mumbai,Helix Investments,Private Equity,4800000.0,40.32,2018,June
243,2018-06-18,Tynor Othontics,Healthcare,Prosthetics Manufacturers,Chandigarh,Lighthouse Funds & Thuasne Participations,Private Equity,21000000.0,176.4,2018,June
244,2018-06-18,Elucidata,IT,Data Analytics (SaaS),Delhi & Cambridge,Hyperplane Venture Capital And Several Angel Investors,Seed/ Angel Funding,1700000.0,14.28,2018,June
245,2018-06-19,Chrysalis,Ed-Tech,Education Services Provider,Pune,Menterra Venture & Artha Initiatives,Seed/ Angel Funding,0.0,0.0,2018,June
246,2018-06-19,RentSher,Consumer Internet,Online Rental Marketplace,Bengaluru,"Shorooq Investments, Letsventure & Others",Seed/ Angel Funding,1100000.0,9.24,2018,June
247,2018-06-20,Drip capital,Finance,Trade Finance Firm,Mumbai,"Accel Partners, Sequoia India, Y Combinator And Others.",Private Equity,15000000.0,126.0,2018,June
248,2018-06-22,WickedRide,Consumer Internet,Online Motorbike And Scooter Rental Platforms,Bengaluru,"Sequoia Capital, Accel Partners & Raghunandan Gangappa",Private Equity,9100000.0,76.44,2018,June
249,2018-06-25,PolicyBazaar,Consumer Internet,Online Insurance Selling Platform,Gurugram,Softbank Vision Fund & Info Edge Ltd,Private Equity,200000000.0,1680.0,2018,June
250,2018-06-25,HipBar,Consumer Internet,Digital Payment Platform For Beverage Delivery,Bengaluru,Diageo India,Private Equity,4000000.0,33.6,2018,June
251,2018-06-25,Sqqrl,Finance,App-based investment platform,Gurugram,Equanimity Venture Fund,Seed/ Angel Funding,1000000.0,8.4,2018,June
252,2018-06-26,Paytm,Technology,Digital Payment Platform,Noida,One 97 Communications,Private Equity,8950000.0,75.18,2018,June
253,2018-06-26,Sigtuple,Healthcare,Data Driven Intelligence Solutions Platform,Bengaluru,"Accel Partners, Idg Venture, Endiya Partners, Pi Ventures, Vh Capital, Axilor Ventures And Binny Bansal",Private Equity,19000000.0,159.6,2018,June
254,2018-06-27,Wow Express,Technology,E-commerce Logistics Platform,Mumbai,Undisclosed Existing Investors As Well As The Tamarind Family Trust,Private Equity,4500000.0,37.8,2018,June
255,2018-06-28,Front Desk AI,Technology,An AI Platform Offering Automated Customer Service Software,Bengaluru,Speciale Invest & Others,Seed/ Angel Funding,1100000.0,9.24,2018,June
256,2018-06-28,Edureka,Ed-Tech,Online Education Platform,Bengaluru,Leo Capital,Seed/ Angel Funding,2000000.0,16.8,2018,June
257,2018-06-29,Numeroseven,Technology,An Artificial Intelligence-Based Recruitment Platform,Kolkatta,Shiva Gunapu & Others,Seed/ Angel Funding,0.0,0.0,2018,June
258,2018-05-02,OpenTap,Finance,Online Lending Platform,Chennai,Unknown High Net-Worth Individuals,Seed / Angel Funding,450000.0,3.78,2018,May
259,2018-05-02,Bizongo,Consumer Internet,Aggregator For Packaging Material,Mumbai,"B Capital, International Finance Corporation, Accel Partners And Idg Ventures",Private Equity,22000000.0,184.8,2018,May
260,2018-05-03,Disprz,IT,SaaS,Chennai,"Il&Fs Private Equity, Kae Capital & Others",Seed / Angel Funding,2500000.0,21.0,2018,May
261,2018-05-07,PaisaDukan,Consumer Internet,P2P Lending Platform,Mumbai,Undisclosed,Seed / Angel Funding,225000.0,1.89,2018,May
262,2018-05-09,i3sysytems,Technology,AI product company For Health and Life Insurane Companies,Mumbai,"Unitus Ventures, Behram Vakil And Jerxis Vandrevala",Seed / Angel Funding,1000000.0,8.4,2018,May
263,2018-05-11,Earth Food,Consumer Internet,Agri-tech,Pune,Rairah Corporation,Seed / Angel Funding,949000.0,7.97,2018,May
264,2018-05-14,Nykaa,Consumer Internet,Beauty e-tailer,Mumbai,"Sunil Munjal, Harsh Mariwala, Dalip Pathak And Others",Private Equity,24000000.0,201.6,2018,May
265,2018-05-16,mfine,Healthcare,Doctor-Consultation App,Bengaluru,"Prime Venture Partners, Stellaris Venture Partners And Mayur Abhaya Srisrimal",Private Equity,4200000.0,35.28,2018,May
266,2018-05-21,Rocketium,Technology,Online Video Creation Platform,Bengaluru,Blume Ventures,Seed/ Angel Funding,300000.0,2.52,2018,May
267,2018-05-21,MilkBasket,Technology,Micro-Delivery Grocery Startup,Gurugram,"Kalaari Capital, Unilever Ventures And Blume Ventures",Private Equity,7000000.0,58.8,2018,May
268,2018-05-22,Vola,Finance,Micro Lending Platform,Bengaluru,Credika And Unnamed Angel Investors,Seed/ Angel Funding,500000.0,4.2,2018,May
269,2018-05-22,Cashkumar,Consumer Internet,P2P Lending Platform,Bengaluru,Letsventure,Seed/ Angel Funding,735000.0,6.17,2018,May
270,2018-05-23,Edyoo,E-Commerce,Products For Shoolgoing Children,Bengaluru,Rs Shanbag,Seed/ Angel Funding,735000.0,6.17,2018,May
271,2018-05-23,Aashiyaan,Finance,Housing Finance For Low-Income Families,Kolkata,"Insistor, Oikocredit",Seed/ Angel Funding,2000000.0,16.8,2018,May
272,2018-05-24,Smartivity,Ed-tech,Designer Of Toys and Learning Projects For Kids,New Delhi,"Ashish Kacholi, S Chand Group",Seed/ Angel Funding,2000000.0,16.8,2018,May
273,2018-05-24,Bonphulapl,Clean-tech,Oxygen Optimiser Manufacturer,New Delhi,Atul Gupta And Saurabh Rastogi,Seed/ Angel Funding,293000.0,2.46,2018,May
274,2018-05-27,Acko,Consumer Internet,Online Insurance Platform,Mumbai,"Amazon, Ashish Dhawan, Catamaran Ventures, Nr Narayana Murthy.",Seed/ Angel Funding,12000000.0,100.8,2018,May
275,2018-05-28,HWell24,Healthcare,Home Healthcare Aggregator,Mumbai,"Prashant Mehta, Mitali Pawar, Nikhil G And Bhavesh P, R Ranganathan, Oncotrust And Medintel Services Pvt. Ltd",Seed/ Angel Funding,200000.0,1.68,2018,May
276,2018-05-29,Toffee,Consumer Internet,Online Insurance Platform,Gurugram,"Kalaari Capital, Omidyar Network And Accion Venture Labs",Seed/ Angel Funding,1500000.0,12.6,2018,May
277,2018-05-29,Tonetag,Technology,Mobile Payments Technology Platform,Bengaluru,Amazon Inc. And Mastercard,Private Equity,8000000.0,67.2,2018,May
278,2018-05-30,Events High,Consumer Internet,Events and Activities Discovery Platform,Bengaluru,Treebo,Private Equity,0.0,0.0,2018,May
279,2018-05-30,Stellaps,Technology,Iot Application Platform In Agriculture,Bengaluru,"Indusage Partners, Bill & Melinda Gates Foundation, Qualcomm Venture, Abb Technology Ventures, Omnivore, Blume Ventures, Venture Highway And Beenext",Private Equity,14000000.0,117.6,2018,May
280,2018-05-31,Credright,Consumer Internet,Lending Platform For SMEs,Hyderabad,"Accion Venture Lab, Yournest Venture Capital And Other Angel Investors",Seed/ Angel Funding,1300000.0,10.92,2018,May
281,2018-04-02,Fitternity,Consumer Internet,Online Fitness Discovey Platform,Mumbai,"Exfinity Venture, Saha Fund Partners, Arihant Patni Of Patni Family Office, Anjali Bansal, Shardul Amarchand Mangaldas, Satish Khanna And Taparia Family Office.",Private Equity,2000000.0,16.8,2018,April
282,2018-04-02,Synctag,Technology,Social Media Anlaytics Platform,Coimbatore,Subhkam Ventures And Mohit Khadaria,Seed / Angel Funding,307600.0,2.58,2018,April
283,2018-04-02,Benepik,Technology,Enhanced Employee Engagement Platform,Gurugram,"Vishal Bali, Yogesh Misra, Thomas Assessments And Others",Seed / Angel Funding,0.0,0.0,2018,April
284,2018-04-02,Finzy,Consumer Internet,Online Loan Matchmaking Platform,Bengaluru,Undisclosed,Seed / Angel Funding,1300000.0,10.92,2018,April
285,2018-04-04,Varthana,Finance,Loans and Services To Affordable Private Schools in India,Bengaluru,"Chryscapital, Existing Investors, Elevar Equity, Lgt Impact, Omidyar Network And Kaizen Private Equity Also Participated In The Round",Private Equity,55000000.0,462.0,2018,April
286,2018-04-05,IndigoLearn,Ed-Tech,Online Education Platform,Hyderabad,"Maheshwar Peri, Founder And Chairman Of Career Information Portal Careers360, And Jamshed Jeejeebhoy, Director At Byramjee Jeejeebhoy Pvt. Ltd Were Among The Angels",Seed / Angel Funding,150000.0,1.26,2018,April
287,2018-04-05,Vedantu,Ed-Tech,Interactive Online Tutoring Platform,Bengaluru,"Accel Partners, Tiger Global And Others",Private Equity,10000000.0,84.0,2018,April
288,2018-04-09,Kaleidofin,Fiinance,Digital Financial Services Platform,Chennai,Omidyar Network. Blume Ventures And Professor Shlomo Ben-Haim,Seed / Angel Funding,2800000.0,23.52,2018,April
289,2018-04-09,Pipabella,Consumer Internet,Fashion Accessories Etailer,Mumbai,Fireside Ventures,Seed / Angel Funding,1000000.0,8.4,2018,April
290,2018-04-09,Elemential,Technology,Blockchain Platform,Mumbai,"Matrix Partner, Amrish Rau, Investopad, Digital Currency Group, Hinduja Group, Lightspeed India, Eight Innovate, Amit Ranjan, Prashant Malik And Others",Seed / Angel Funding,0.0,0.0,2018,April
291,2018-04-09,Kriger Campus,Ed-Tech,Mobile-Based Education Network,New Delhi,Undisclosed,Seed / Angel Funding,46140.0,0.39,2018,April
292,2018-04-10,Loanzen,Finance,Digital Lending Platform In Logistics,Bengaluru,Kae Capital Management,Seed / Angel Funding,0.0,0.0,2018,April
293,2018-04-10,TravelTriangle,Consumer Internet,Online Travel Marketplace,Gurugram,"Fundamentum, Saif Partners, Bessemer Venture Partners, Rb Investments & Others",Private Equity,12000000.0,100.8,2018,April
294,2018-04-12,Letsmd,Healthcare,Platform To Discover Healthcare Financing Options,New Delhi,"Sri Capital, Waterbridge Ventures And Thinkuvate",Seed / Angel Funding,1000000.0,8.4,2018,April
295,2018-04-12,AyeFinance,Finance,Online Lending Platform,Gurugram,"Blueorchard Finance Ltd, Hinduja Leyland Finance And Intellegrow",Debt Funding,4600000.0,38.64,2018,April
296,2018-04-13,mintifi,Finance,Online Lending Platform,Mumbai,Leo Capital,Seed / Angel Funding,2000000.0,16.8,2018,April
297,2018-04-16,icanstay,Consumer Internet,Online Platform For Luxury Hotel Stay For Business Travelers,New Delhi,Mr. Manoj Prasad,Seed / Angel Funding,500000.0,4.2,2018,April
298,2018-04-16,Pregbuddy,Healthcare,Connected Care App For Pregnant Women,Bengaluru,"Rajan Anandan, Madhusudhan Kannan, Jayant Kadambi, Puneet Gupta And Pradeep K Jaisingh",Seed / Angel Funding,0.0,0.0,2018,April
299,2018-04-18,Coverfox,Consumer Internet,Online Insurance Aggregator,Mumbai,"International Finance Corporation, Transamerica And Others.",Private Equity,22000000.0,184.8,2018,April
300,2018-04-19,Lenskart,Consumer Internet,Online Eyewear Retailer,Faridabad,Tr Capital,Private Equity,0.0,0.0,2018,April
301,2018-04-19,mamaearth,Healthcare,Online Baby care Products,Gurugram,Shilpa Shetty Kundra,Private Equity,0.0,0.0,2018,April
302,2018-04-19,Fyle Technologies,Technology,AI Based Expense Management Platform,Bengaluru,Pravega Ventures And Beenext,Seed / Angel Funding,1100000.0,9.24,2018,April
303,2018-04-19,True Balance,Technology,Mobile Balance Checking App,Gurugram,"Line Ventures Corporation, Line Corp, Naver, Shinhan Bank And Ts Investment",Private Equity,23000000.0,193.2,2018,April
304,2018-04-22,Visit,Healthcare,AI Driven Health tech Platform,New Delhi,"Biz Stone, Kunal Bahl, Rohit Bansal, Alagu Periyannan And Karthee Madasamy",Private Equity,0.0,0.0,2018,April
305,2018-04-22,Doxper,Healthcare,Digitized Health-Tech Solutions For Practitioners,Mumbai,Vidal Healthcare,Seed / Angel Funding,1900000.0,15.96,2018,April
306,2018-04-22,Nykaa,Consumer Internet,Beauty e-tailer,Mumbai,"Sunil Munjal, Harsh Mariwala, Dalip Pathak And Others",Private Equity,11000000.0,92.4,2018,April
307,2018-04-23,Mihuru,Finance,Online Platform Providing Micro Loans For Air Travel,Mumbai,Undisclosed,Seed / Angel Funding,150000.0,1.26,2018,April
308,2018-04-23,Capital Float,Finance,Online Lending Platform,Bengaluru,Amazon,Private Equity,22000000.0,184.8,2018,April
309,2018-04-25,Trip shelf,Consumer Internet,Online Travel Marketplace,New Delhi,"Gems Advisory, Alok Mittal And Sachin Bhatia",Seed / Angel Funding,246000.0,2.07,2018,April
310,2018-04-26,POPxo,Technology,Women Focussed Digital Media Platform,New Delhi,"Neoplux, Oppo, Idg Ventures India, Kalaari Capital, Gree Ventures And Summit Media",Private Equity,5500000.0,46.2,2018,April
311,2018-04-26,RailYatri,Consumer Internet,Online Travel Ticketing Platform,Noida,"Omidyar Network, Nandan Nilekani, Blume Ventures, Helion Venture Partners",Private Equity,0.0,0.0,2018,April
312,2018-04-27,1mg,Consumer Internet,Online Pharmacy Store,Gurugram,"Sequoia Capital, Maverick Capital Ltd And Hbm Healthcare Investments Ltd",Private Equity,10000000.0,84.0,2018,April
313,2018-04-29,Rubique,Consumer Internet,Online Lending MarketPlace,Mumbai,"Emery Capital, Blacksoil And Kalaari Capital",Private Equity,0.0,0.0,2018,April
314,2018-04-30,Samco,Consumer Internet,Online Stock Broker,Mumbai,Bay Capital Investments And Others,Private Equity,7500000.0,63.0,2018,April
315,2018-04-30,MyLoanCare,Finance,B2C Online Loans Marketplace,Gurugram,Sar Group,Seed / Angel Funding,978000.0,8.22,2018,April
316,2018-03-01,PharmEasy,Consumer Internet,Online Pharmacy Store,Mumbai,"Bessemer Venture Partners And Orios Venture Partners, Jm Financials And Memg",Private Equity,0.0,0.0,2018,March
317,2018-03-01,Buddy4studdy,Consumer Internet,Online Scholarship Portal,Noida,Brand Capital And Others,Private Equity,3000000.0,25.2,2018,March
318,2018-03-01,Urban Ladder,E-Commerce,Online Furniture Store,Bengaluru,"Sequoia Capital, Saif Partners And Kalaari Capital",Private Equity,12000000.0,100.8,2018,March
319,2018-03-03,Kuvera,Consumer Internet,Online Financial Planning,Bengaluru,"Baskar Subramanian, Saket Kumar, Gaurav Suri And Ankit Kesarwani",Seed / Angel Funding,250000.0,2.1,2018,March
320,2018-03-04,Gramophone,Technology,Agri-tech,Indore,Info Edge,Seed/Angel Funding,1000000.0,8.4,2018,March
321,2018-03-05,Wellthy,Healthcare,Therapeutics,Mumbai,"Ranjan Pai, Apoorva Patni, Beenext Ventures,Growx Ventures",Private Equity,2100000.0,17.64,2018,March
322,2018-03-05,MedGenome,Healthcare,"Genetic Screening, DNA Diagnostics Labs & Research Centers",Bengaluru,"Hdfc Life, Hdfc Asset Management",Private Equity,10000000.0,84.0,2018,March
323,2018-03-05,Finova Capital,Consumer Internet,Online Lending,Jaipur,Sequoia Capital,Private Equity,6000000.0,50.4,2018,March
324,2018-03-05,Hotelogix,Technology,Cloud based Online Hotel Management Software,Noida,"Vertex Ventures, Accel Partners And Saama Capital",Private Equity,5000000.0,42.0,2018,March
325,2018-03-04,Livehealth,Consumer Internet,Health Service Aggregator Platform,Pune,Nexus Venture Partners,Seed / Angel Funding,1100000.0,9.24,2018,March
326,2018-03-06,Ad2pro,Technology,"Creative Design, Brand, Media and Technology Platform Solutions",Chennai,Avendus Finance Pvt. Ltd,Debt Funding,9700000.0,81.48,2018,March
327,2018-03-06,Coverfox,Consumer Internet,Online Insurance Aggregator,Mumbai,Aegon Nv,Private Equity,7600000.0,63.84,2018,March
328,2018-03-08,Pepperfry,Consumer Internet,Online Furniture Shopping Store,Mumbai,State Street Global Advisors,Private Equity,38400000.0,322.56,2018,March
329,2018-03-08,Magicpin,Consumer Internet,Hyperlocal Discovery,Gurugram,Trifecta Capital,Debt Funding,1000000.0,8.4,2018,March
330,2018-03-12,HealthCare,Consumer Internet,Healthcare Aggregator,Mumbai,Hr Fund,Seed / Angel Funding,1000000.0,8.4,2018,March
331,2018-03-13,PineLabs,Technology,Digital Payment Platform,Mumbai,"Actis, Altimeter Capital",Private Equity,82000000.0,688.8,2018,March
332,2018-03-14,Stumagz,Consumer Internet,Online Communication and Collaboration Platform For Educational Institutions,Hyderabad,"Venkat Subramanian, Sudhakar Pennam, And Other Tech Investors From Silicon Valley",Seed / Angel Funding,0.0,0.0,2018,March
333,2018-03-14,AvailFinance,Consumer Internet,Online Lending Platform,Bengaluru,"Matrix Partners, Bhavish Aggarwal, Ankit Bhati, Binny Bansal, Kunal Shah And Manish Patel.",Private Equity,17200000.0,144.48,2018,March
334,2018-03-15,Grofers,Consumer Internet,Online Grocery Shop,Gurugram,"Softbank, Tiger Global And Apoletto Managers.",Private Equity,62000000.0,520.8,2018,March
335,2018-03-19,Fingerlix,Consumer Internet,Ready To cook Food Solution,Mumbai,Alteria Capital,Debt Funding,1310000.0,11.0,2018,March
336,2018-03-19,Karma Healthcare,Healthcare,Technology enabled equitable healthcare for India,Udaipur,"1Crowd, Ankur Capital",Seed / Angel Funding,500000.0,4.2,2018,March
337,2018-03-19,Zappfresh,Food & Beverages,Online Raw Meat E-tailer,Gurugram,"Amit Burman, Sidbi Venture Capital",Seed / Angel Funding,3000000.0,25.2,2018,March
338,2018-03-19,CustomerSucessBox,Technology,Customer Success Software for B2B SaaS,Gurugram,"Idg Ventures, Axilor Ventures",Seed / Angel Funding,1000000.0,8.4,2018,March
339,2018-03-20,One Labs,Consumer Internet,Consumer Technology and Artificial Intelligence Based Aggregator App,Unknown,Micromax Informatics,Private Equity,0.0,0.0,2018,March
340,2018-03-21,GigIndia,Consumer Internet,Micro Jobs Provider For Students,Pune,"Jessica Wong, Hiro Mashita, Xue Manzi And Yiyun Zhang.",Seed / Angel Funding,0.0,0.0,2018,March
341,2018-03-22,Chargebee,Technology,Subscription Billing & Recurring Payments Software,Chennai,"Insight Venture Partners, Accel Partners And Tiger Global Management.",Private Equity,18000000.0,151.2,2018,March
342,2018-03-22,i2i Funding,Consumer Internet,Online loan platform,Noida,Sucseed Venture Partners,Seed / Angel Funding,768000.0,6.45,2018,March
343,2018-03-22,Slang Labs,Technology,Voice-based assistant platform,Bengaluru,Endiya Partners,Seed / Angel Funding,1240000.0,10.42,2018,March
344,2018-03-22,UrbanPiper,Technology,Online ordering solution for restaurants and food chains,Bengaluru,"Kumar Vembu, Axilor Ventures",Seed / Angel Funding,0.0,0.0,2018,March
345,2018-03-26,Cash Suvidha,Consumer Internet,Online loan platform,New Delhi,"Initia Holdings,Vipin Agarwal And Others.",Seed / Angel Funding,1000000.0,8.4,2018,March
346,2018-03-28,Roadcast,Technology,Fleet management and asset monitoring platform,New Delhi,Undisclosed,Private Equity,250000.0,2.1,2018,March
347,2018-03-28,Smartcoin,Finance,Micro lending company,Bengaluru,"Accion Venture Lab, Unicorn India Ventures And Isme Ace.",Seed / Angel Funding,2000000.0,16.8,2018,March
348,2018-03-27,The Print,Media,News portal,New Delhi,Rata Tata,Seed / Angel Funding,535000.0,4.49,2018,March
349,2018-03-27,DriveU,Technology,Professional Car Drivers Hiring App,Bengaluru,Amit Singhal And Unitus Seed Fund,Private Equity,3000000.0,25.2,2018,March
350,2018-03-29,Fynd,Consumer Internet,O2O fashion ecommerce platform,Mumbai,"Google, Kae Capital, Iifl, Singularity Ventures, Growx, Tracxn Labs, Venture Catalyst, Patni Family Office And Axis Capital.",Seed / Angel Funding,0.0,0.0,2018,March
351,2018-02-01,BigBasket,Consumer Internet,Online Grocery & Food Store,Bengaluru,"Alibaba, Helion Venture Partners, Bessemer Venture Partners, Ascent Capital",Private Equity,300000000.0,2520.0,2018,February
352,2018-02-01,Zomato,Food and Beverages,Food Ordering and Restaurant Discovery,Gurugram,Ant Financial,Private Equity,200000000.0,1680.0,2018,February
353,2018-02-05,Pratilipi,Publishing,E-Publishing,Bengaluru,Omidyar Network,Private Equity,4300000.0,36.12,2018,February
354,2018-02-05,Asia Institute Of Medical Science,Healthcare,Super-specialty Hospital,Faridabad,Cdc Group Plc,Private Equity,21000000.0,176.4,2018,February
355,2018-02-05,CollegeDekho,Consumer Internet,Online platform for Higher Education Services,Gurugram,"Man Capital Llp, Girnar Software, Others",Private Equity,2000000.0,16.8,2018,February
356,2018-02-06,Foodmemories,Consumer Internet,Online Food Marketplace,Ahemdabad,"Bhavesh Manglani, Suraj Saharan, Darshan Upadhyay, Sanjay Notani & Others",Seed funding,0.0,0.0,2018,February
357,2018-02-06,Healthi,Healthcare,Preventive Health Checkup,Bengaluru,Montane Ventures,Private Equity,3100000.0,26.04,2018,February
358,2018-02-07,Swiggy,Food and Beverages,Online Food Delivery,Bengaluru,Naspers,Private Equity,100000000.0,840.0,2018,February
359,2018-02-08,Shape,Healthcare,"Online Portal for Diet,fitness and Beauty",Pune,Sandeep Mathur,Seed / Angle Funding,100000000.0,840.0,2018,February
360,2018-02-08,Icertis,Consumer Internet,Enterprise Contract Management Platform,Pune,March Capital Partners,Private Equity,50000000.0,420.0,2018,February
361,2018-02-09,healthifyme,Healthcare,Mobile Weight Loss Coach,Bengaluru,Sistema Asia Fund,Private Equity,12000000.0,100.8,2018,February
362,2018-02-09,MedTel,Healthcare,Virtual health clinics,Bhubaneswar,British And Indian Governments,Private Equity,0.0,0.0,2018,February
363,2018-02-09,Rupeek,Consumer Internet,Online Gold Loan,Bengaluru,"Accel Partners, Sequoia Capital",Private Equity,6830000.0,57.37,2018,February
364,2018-02-09,WebEngage,Technology,Marketing Cloud for consumer businesses,Mumbai,Social Capital,Private Equity,0.0,0.0,2018,February
365,2018-02-12,Lendingkart,Finance,Online Lending Platform,Bengaluru,Fullerton Financial Holdings Pte Ltd & Others,Private Equity,87000000.0,730.8,2018,February
366,2018-02-12,Wydr,Consumer Internet,B2B Marketplace,Gurugram,"Bessemer Venture Partners, Stellaris Venture Partners, Axis Capital, Singapore, Jungle Venture Partners",Private Equity,0.0,0.0,2018,February
367,2018-02-12,Cashify,E-Commerce,Online Selling,Gurugram,Trifecta Capital,Debt Funding,935089.0,7.85,2018,February
368,2018-02-13,holachef,Food and Beverages,Online Food Delivery,Mumbai,Ashok Kumar Gajera,Seed / Angle Funding,311200.0,2.61,2018,February
369,2018-02-13,Awaaz De,Technology,Mobile Solutions for Social Impact,Ahmedabad,Tribe Impact Capital Llp,Seed / Angle Funding,0.0,0.0,2018,February
370,2018-02-13,IMAX Program,Ed-Tech,Individualised Progressive Learning Program,Bengaluru,"Michael & Susan Dell Foundation, Lgt Impact Ventures",Private Equity,13500000.0,113.4,2018,February
371,2018-02-14,Littlemore,Ed-Tech,Online Education Platform,Chennai,Kalpavriksh,Private Equity,3000000.0,25.2,2018,February
372,2018-02-14,Toppr,Ed-Tech,Online Education Platform,Mumbai,Aarin Capital Partners,Private Equity,100000.0,0.84,2018,February
373,2018-02-14,Shirsa Labs,Ed-Tech,Integrated Kids Engagement Company,Mumbai,"Dewang Neralla, Mahesh Kothurkar,Atul Agarwal",Private Equity,500000.0,4.2,2018,February
374,2018-02-14,MoneyOnMobile,Technology,mobile payment platform,Mumbai,S7 Group,Private Equity,5000000.0,42.0,2018,February
375,2018-02-15,PetSutra,Consumer Internet,Online Pet Care Products,Gurugram,Michael Patrick Hickey,Seed / Angel Funding,148434.0,1.25,2018,February
376,2018-02-15,Infibeam,E-Commerce,Online Retailing,Ahemadabad,Network 18,Private Equity,6230000.0,52.33,2018,February
377,2018-02-16,happay,Finance,Expense Management,Bengaluru,Sequoia And Jerry Yang,Seed / Angel Funding,250000.0,2.1,2018,February
378,2018-02-16,Fincash,Finance,Fin-Tech,Mumbai,"Mohammed Khan, Sameer Narayan & Others",Seed / Angel Funding,150000.0,1.26,2018,February
379,2018-02-19,AyeFinance,Finance,Online Lending,Gurugram,"Hinduja Leyland Finance, Intellegrow",Private Equity,3800000.0,31.92,2018,February
380,2018-02-20,Agricxlab,Agriculture,Agri-tech,Mumbai,Ankur Capital,Seed / Angel Funding,500000.0,4.2,2018,February
381,2018-02-21,Udaan,E-Commerce,B2B Marketplace,Bengaluru,Lightspeed & Yuri Milner,Private Equity,50000000.0,420.0,2018,February
382,2018-02-21,Capillary,IT,SaaS,Bengaluru,"Wargburg Pincus, Sequoia",Private Equity,20000000.0,168.0,2018,February
383,2018-02-21,The Healthy Billions,Healthcare,Analytics,Gurugram,"Blume Ventures, Healthquad And Fireside Ventures",Private Equity,2100000.0,17.64,2018,February
384,2018-02-21,HighRadius,Technology,Cloud-based Software,Hyderabad,"Pnc, Citi Ventures",Private Equity,0.0,0.0,2018,February
385,2018-02-26,Avishkaar Box,Ed-Tech,Education,New Delhi,Auxano Deals,Private Equity,772500.0,6.49,2018,February
386,2018-02-26,Planys Technologies,Technology,Robotic InspectionStartup,Chennai,"Kris Gopalakrishnan, Pratithi Investment Trust, Memg Family Office, S Gopal",Private Equity,1040000.0,8.74,2018,February
387,2018-02-27,Lollypop,Technology,Digital Design,Bengaluru,Dr Devi Shetty,Seed / Angel Funding,0.0,0.0,2018,February
388,2018-02-27,Trilyo,Technology,AI platform for hospitality industry,Mumbai,"Startup Buddy,Amit Manocha And Others",Seed / Angel Funding,250000.0,2.1,2018,February
389,2018-02-28,Gaana,Technology,Online Music Streaming,Gurugram,"Tencent Holdings Ltd, Times Internet",Private Equity,115000000.0,966.0,2018,February
390,2018-02-28,Credy,IT,SaaS,Bengaluru,"Y Combinator, Khosla Ventures, Vy Capital And Others",Seed / Angel Funding,1400000.0,11.76,2018,February
391,2018-02-28,Predible Health,Healthcare,Cancer radiology,Bengaluru,Unitus Seed Fund,Seed/Angel Funding,0.0,0.0,2018,February
392,2018-01-02,CleverTap,Technology,Mobile App Analytics,Mumbai,"Recruit Holdings, Sequoia Capital India, Accel Partners",Angel / Seed Funding,0.0,0.0,2018,January
393,2018-01-04,EarlySalary,Finance,Online Lending,Pune,Eight Roads Ventures India,Private,15700000.0,131.88,2018,January
394,2018-01-05,WOTU,E-commerce,Food and Beverages,Bengaluru,"Claris Capital, Mumbai Angels Network",Angel / Seed Funding,0.0,0.0,2018,January
395,2018-01-08,DAAKI,E-commerce,Sports Nutrition Supplement etailer,Bengaluru,Rohan Agila,Angel / Seed Funding,0.0,0.0,2018,January
396,2018-01-09,Lendingkart,Finance,Online Lending,Ahmedabad,Nederlandse Financierings-Maatschappij Voor Ontwikkelingslanden N.V.,Debt Funding,4700000.0,39.48,2018,January
397,2018-01-09,Kinsane Entertainment Inc,Entertainment,Digital Entertainment for Children,Mumbai,Undisclosed,Seed/Angel Funding,2500000.0,21.0,2018,January
398,2018-01-10,Tapzo,Technology,Personal Assistant,Bengaluru,Runet & Other,Private Equity,1930000.0,16.21,2018,January
399,2018-01-10,Appario Retail Pvt Ltd.,E-commerce,Retail,New Delhi,Amazon-Patni Jv,Private Equity,18840000.0,158.26,2018,January
400,2018-01-10,Samunnati,Finance,Agricultural Loan,Chennai,"Responsability, Elevar Equity And Accel Partners",Private Equity,23500000.0,197.4,2018,January
401,2018-01-10,Sahajanand Medical Technologies,Technology,Medical Devices,Surat,Morgan Stanley Private Equity Asia,Private Equity,36230000.0,304.33,2018,January
402,2018-01-12,Kuants,Technology,Algorithmic Trading,Gurugram,"Pankaj Chopra, Ankush Gupta",Angel / Seed Funding,80000.0,0.67,2018,January
403,2018-01-12,Razorpay,Technology,Payment Gateway,Bengaluru,"Tiger Global, Y Combinator",Private Equity,20000000.0,168.0,2018,January
404,2018-01-15,Streak,Technology,Algorithmic Trading,Bengaluru,"Indian Fintech Fund, Rainmatter",Angel / Seed Funding,354600.0,2.98,2018,January
405,2018-01-15,pi Ventures,Finance,Venture Capital,Bengaluru,"Sunil Kant Munjal, Hero Electronix\\Xe2\\X80\\X99S Corporate Financing Arm, Electronic Development Fund",Private Equity,25000000.0,210.0,2018,January
406,2018-01-15,Newgen Software,Technology,IT,New Delhi,"Goldman Sachs, Hedge Fund & Others",Private Equity,20000000.0,168.0,2018,January
407,2018-01-17,Rubix,Technology,Education,Pune,Polaris Fund,Private Equity,1000000.0,8.4,2018,January
408,2018-01-18,ShareChat,Technology,Social,Bengaluru,"Xiaomi Singapore, Shunwei Capital",Private Equity,18200000.0,152.88,2018,January
409,2018-01-22,Paperflite,Technology,IT,Chennai,The Chennai Angels,Angel / Seed Funding,400000.0,3.36,2018,January
410,2018-01-22,HungerBox,Consumer Internet,Food and Beverages,Bengaluru,Lionrock Capital,Private Equity,2500000.0,21.0,2018,January
411,2018-01-22,Skillate,Technology,Artificial Intellegence,Bengaluru,"Incubate Fund India, Anuj Agrawal",Private Equity,0.0,0.0,2018,January
412,2018-01-22,OptaCredit,Finance,Alternative Lending,Chennai,Dmi Finance,Private Equity,4000000.0,33.6,2018,January
413,2018-01-22,AEON Learning,Technology,Education,Bengaluru,Dr. Ranjan Pai,Private Equity,3200000.0,26.88,2018,January
414,2018-01-23,Milkbasket,E-commerce,Online Grocery,Gurugram,Unilazer Ventures,Private Equity,3000000.0,25.2,2018,January
415,2018-01-24,NeoGrowth Credit,Finance,Digital Lending,Mumbai,"Leapfrog Investments, Aspada Investment, Quona Capital",Private Equity,47000000.0,394.8,2018,January
416,2018-01-24,Rao IIT Academy,Education,Coaching Services,Mumbai,Avendus Finance,Structured Debt,8600000.0,72.24,2018,January
417,2018-01-24,Aye Finance,Finance,Online Lending,Gurugram,Ifmr Capital,Term Loan,6240000.0,52.42,2018,January
418,2018-01-25,Glassic,Ecommerce,Eyewear,Bengaluru,"Chennai Angels, Lead Angels, Letsventure",Angel / Seed Funding,0.0,0.0,2018,January
419,2018-01-25,GreyAtom,Technology,Education,Mumbai,Pravega Ventures,Private Equity,1000000.0,8.4,2018,January
420,2018-01-26,Axio,Healthcare,Hemostatic Dressing Solutions,Bengaluru,Rnt Capital,Private Equity,7400000.0,62.16,2018,January
421,2018-01-29,eKincare,Healthcare,Technology,Hyderabad,"Ventureast, Endiya Partners, Eight Roads Ventures, Touchstone Equities, Bvr Mohan Reddy",Private Equity,1500000.0,12.6,2018,January
422,2018-01-29,The Wedding Brigade,Consumer internet,Online Services,Mumbai,Blume Ventures,Private Equity,1000000.0,8.4,2018,January
423,2018-01-30,PeeSafe,Healthcare,Hygiene,Gurugram,"Shivani Singh, Rahul Maroli, Mitesh Shah, Venture Catalysts, Alfa Capital, Green Shots Capital, Real Time Ventures.",Private Equity,1000000.0,8.4,2018,January
424,2018-01-30,BrowserStack,Technology,Browser Testing,Mumbai,Accel Partners,Private Equity,50000000.0,420.0,2018,January
425,2018-01-30,Scapic,Technology,Virtual Reality,Bengaluru,"Axilor Ventures, Newfort Capital",Angel / Seed Funding,500000.0,4.2,2018,January
426,2018-01-30,MoneyOnMobile,Technology,Mobile Payment Platform,Mumbai,3 Undisclosed Investors,Private Equity,7600000.0,63.84,2018,January
427,2018-01-30,CureFit,Healthcare,Fitness,Bengaluru,"Hdfc Bank, Axis Bank",Debt Funding,10000000.0,84.0,2018,January
428,2018-01-31,iNurture,Technology,Education Solutions,Bengaluru,Ventureast,Private Equity,4400000.0,36.96,2018,January
429,2017-12-01,Strata Enviro,Technology,IoT based air pollution controller,Mumbai,Scale Minds,Private Equity,0.0,0.0,2017,December
430,2017-12-05,Dunzo,Technology,Daily Task Management Mobile App,Bengaluru,Google,Private Equity,12300000.0,103.32,2017,December
431,2017-12-05,Tata Housing,Real Estate,Residential Project,Mumbai,Hines,Private Equity,23000000.0,193.2,2017,December
432,2017-12-05,HandyTrain,Technology,Mobile Learning Management Platform,Goa,Nb Ventures,Private Equity,1000000.0,8.4,2017,December
433,2017-12-05,Mobycy,Technology,Bicycle sharing Platform,Gurugram,3 Undisclosed Investors,Seed/Angel Funding,500000.0,4.2,2017,December
434,2017-12-06,Greenlight Planet,Technology,Off-grid solar products platform,Mumbai,"Apis Partner, Eight Roads Ventures, Bamboo Capital Partners",Private Equity,60000000.0,504.0,2017,December
435,2017-12-06,Fintobox,Technology,Child Learning & Development Platform,Chennai,Lightbox,Private Equity,7000000.0,58.8,2017,December
436,2017-12-07,Mswipe,Technology,Mobile point of sale services provider,Mumbai,Eduardo Saverin,Private Equity,10000000.0,84.0,2017,December
437,2017-12-07,The Label Life,E-Commerce,Home Decor and Online Fashion Portal,Mumbai,Kalpavriksh,Private Equity,3100000.0,26.04,2017,December
438,2017-12-07,Cygnus Hospitals,Healthcare,Super speciality Hospitals,Gurugram,Somerset Indus Capital Ventures,Seed/Angel Funding,750000.0,6.3,2017,December
439,2017-12-07,eShakti,Ecommerce,"""Women\\'s Fashion Clothing Online Platform""",Chennai,Idg Ventures,Debt Funding,2300000.0,19.32,2017,December
440,2017-12-08,Inshorts,Technology,Mobile News Curation App,Noida,Tiger Global,Private Equity,5000000.0,42.0,2017,December
441,2017-12-11,Vahdam Tea,E-Commerce,Online Platform Selling Indian Tea Globally,New Delhi,"Singapore Angel Network, Mumbai Angel",Private Equity,1500000.0,12.6,2017,December
442,2017-12-11,Logic Roots,Technology,Educational Platform to Learn Mathematics,Mumbai,Village Capital,Seed/Angel Funding,50000.0,0.42,2017,December
443,2017-12-11,Project Mudra,Technology,Assisting Visually Impaired to learn through Braille,Bengaluru,Village Capital,Seed/Angel Funding,50000.0,0.42,2017,December
444,2017-12-11,Furlenco,Technology,Furniture Rental Platform,Bengaluru,Aamir Khan,Debt Funding,1200000.0,10.08,2017,December
445,2017-12-12,I Can Stay,Technology,Hotel Aggregator Platform,New Delhi,Ht Media,Private Equity,1800000.0,15.12,2017,December
446,2017-12-12,Fracktal Works,Technology,Platform based on 3D printing and Digital Manufacturing,Bengaluru,Hyderabad Angels,Seed/Angel Funding,0.0,0.0,2017,December
447,2017-12-12,Simility,Technology,Adaptive Fraud Intelligence Platform,Hyderabad,Accel Partners,Private Equity,17500000.0,147.0,2017,December
448,2017-12-12,Shopholix,E-Commerce,Fashion and Lifestyle Coupon Platform,Gurugram,Munesh Khanna,Seed/Angel Funding,233000.0,1.96,2017,December
449,2017-12-13,MindTickle,Technology,Gamification Platform to train Sales People,Pune,Canaan Partners,Private Equity,27000000.0,226.8,2017,December
450,2017-12-13,Nazara Technologies,Technology,Mobile Games Development Firm,Mumbai,Rakesh Jhunjhunwala,Private Equity,27000000.0,226.8,2017,December
451,2017-12-13,DocsApp,Technology,Mobile Application for Doctor Consultation,Bengaluru,Bessemer Venture Partners,Private Equity,7200000.0,60.48,2017,December
452,2017-12-13,Capita World,Technology,Artificial Intelligence Platform to Raise Funds,Mumbai,"Mohan Tanksale, Kiran Shetty, Darshak Shah, Mandar Mhatre",Private Equity,0.0,0.0,2017,December
453,2017-12-14,Tea Box,E-Commerce,Fresh Indian Tea Selling Platform across 112 countries,Bengaluru,Rb Investments,Private Equity,7000000.0,58.8,2017,December
454,2017-12-14,Transversal Technologies,Technology,Hyperlocal Video Information Sharing Platform,Bengaluru,Matrix Partners,Private Equity,6000000.0,50.4,2017,December
455,2017-12-14,Curofy,Technology,Mobile App for Network of Doctors,Gurugram,Roundglass Partners,Seed/Angel Funding,250000.0,2.1,2017,December
456,2017-12-14,HomeLane,E-Commerce,Online Furniture Marketplace,Bengaluru,"Accel Partners, Sequoia Capital, Rb Investments",Private Equity,10000000.0,84.0,2017,December
457,2017-12-14,WeDoSky,Technology,Provides Business Insights using Drone Imaginary,New Delhi,Mumbai Angels Network,Private Equity,0.0,0.0,2017,December
458,2017-12-15,Purplle,E-Commerce,Beauty Products Online Marketplace,Mumbai,"Mountain Pain Capital, Suncoast Investments",Seed/Angel Funding,537000.0,4.51,2017,December
459,2017-12-15,Cash Suvidha,E-Commerce,Online Micro-Lending Platform,New Delhi,Undisclosed,Debt Funding,2700000.0,22.68,2017,December
460,2017-12-18,Sky Met Weather,Technology,Weather Forecast Platform,Noida,Insuresillience Investment Fund,Private Equity,0.0,0.0,2017,December
461,2017-12-19,Springboard,Technology,Online Courses and Mentoring from Experts,Bengaluru,"Costanoa, Learn Capital, Jyoti Bansal",Private Equity,9500000.0,79.8,2017,December
462,2017-12-19,Peel Works,Technology,SaaS based Big Data Analytics Platform,Mumbai,Unilazer Ventures,Private Equity,0.0,0.0,2017,December
463,2017-12-19,9Stacks,Technology,Online Poker Platform,New Delhi,"Swati Gupta, Purnima Khandelwal, Maheshwar Peri, Sanjay Singh",Private Equity,1500000.0,12.6,2017,December
464,2017-12-20,Your Quote,Technology,Vernacular and Video Content Platform,Bengaluru,"Axilor Ventures, E-City Ventures Atul Goel",Private Equity,1000000.0,8.4,2017,December
465,2017-12-20,Spandana Sphoorty,Finance,Micro finance institution providing small ticket unsecured loans to women,Hyderabad,"""Kedaraa Capital, Ontario Teachers\\'""",Private Equity,19500000.0,163.8,2017,December
466,2017-12-21,Indus OS,Technology,Regional Operating System for Smartphones,Mumbai,Omidyar Network,Private Equity,4000000.0,33.6,2017,December
467,2017-12-21,EasyEcom,E-Commerce,Ecommerce enabler platform,Bengaluru,"Ambarish Gupta, Aneesh Reddy, Bold Ventures, Vona Investments",Seed/Angel Funding,150000.0,1.26,2017,December
468,2017-12-21,IGP.com,E-Commerce,Online Gifting Platform,Uttar Pradesh,Venture Catalysts,Private Equity,0.0,0.0,2017,December
469,2017-12-26,Specsmakers,E-Commerce,Online Spects Platform for Men and Women,Chennai,Eight Roads Ventures India,Private Equity,10000000.0,84.0,2017,December
470,2017-12-27,Garage On Road,E-Commerce,Online vehicle service booking platform,Noida,Gaurav Gupta,Private Equity,0.0,0.0,2017,December
471,2017-12-27,Foyr.com,Technology,Realty Tech Startup solving real life Interior Designing problems,Hyderabad,Jones Lang Lasalle,Private Equity,3800000.0,31.92,2017,December
472,2017-11-02,Prest Loans,Finance,Business & SME Loans provider,New Delhi,"Manish Poddar, Arun Garg, Parmeshwar Sharma",Seed Funding,570000.0,4.79,2017,November
473,2017-11-02,AadharAPI.com,Technology,Aadhaar-based API provider,Pune,Cio Angel Network,Seed Funding,0.0,0.0,2017,November
474,2017-11-02,FreshBoxx,ECommerce,Online Grocery Store,Bengaluru,Jayant Humbarwadi,Seed Funding,0.0,0.0,2017,November
475,2017-11-03,Vagupu,Technology,Online Tutorial Marketplace,Bengaluru,3 Undisclosed Investors,Seed Funding,1000000.0,8.4,2017,November
476,2017-11-03,HalaPlay,Consumer Internet,Online Fantasy Games,Mumbai,"Kae Capital Management, Nazara Technologies",Seed Funding,0.0,0.0,2017,November
477,2017-11-03,Kalpnik Technologies,Technology,VR based Spiritual platform,Bengaluru,Venture Catalysts,Seed Funding,500000.0,4.2,2017,November
478,2017-11-04,Hevo Data,Technology,Real time data analytics & reporting,Bengaluru,Idg Ventures India,Private Equity,1000000.0,8.4,2017,November
479,2017-11-06,Smart Karma,Technology,Financial Technology Research Platform,Bengaluru,Idg Ventures India,Private Equity,0.0,0.0,2017,November
480,2017-11-06,Leverage Edu,ECommerce,Online platform for Higher Education Services,New Delhi,"Alok Mittal, Deepak Jain, Ritesh Malik, Jim Schimdktke",Seed Funding,0.0,0.0,2017,November
481,2017-11-07,Crayon Data,Technology,Customer Engagement Platform,New Delhi,Infosys Co-Founder Kris Gopalakrishnan,Seed Funding,0.0,0.0,2017,November
482,2017-11-07,DocTalk,Technology,Doctor Patient Communication platform,Mumbai,"Matrix Partners India, Khosla Ventures",Private Equity,5000000.0,42.0,2017,November
483,2017-11-07,CoveIoT,Technology,Wearable tech and Internet of Things platform,Bengaluru,"Titan Co Ltd, Tata Group\\Xe2\\X80\\X99S Watch And Jewellery Retailing Firm",Private Equity,5000000.0,42.0,2017,November
484,2017-11-08,TalentEdge,Technology,Distance Education Learning Platform,Bengaluru,Lumis Partners,Private Equity,7600000.0,63.84,2017,November
485,2017-11-08,Fisdom,Finance,Mutual Fund Investment App,Bengaluru,Quona Capital Management,Private Equity,3000000.0,25.2,2017,November
486,2017-11-08,FarmLink,eCommerce,Online platform for Agricultural products,Mumbai,"Pioneering Ventures, Syngenta Ag",Private Equity,3000000.0,25.2,2017,November
487,2017-11-08,OpenApp,Technology,IoT based Tech Startup,Bengaluru,"Axilor Ventures, Kumar Vembu",Private Equity,3600000.0,30.24,2017,November
488,2017-11-09,NoPaperForms,Technology,Enrolment Management Platform,New Delhi,Info Edge,Seed Funding,872000.0,7.32,2017,November
489,2017-11-09,Tilite Technologies Pvt. Ltd,Technology,Saas based Corporate Travel Management Solution,Bengaluru,Matrix Partners,Seed Funding,0.0,0.0,2017,November
490,2017-11-09,Mobiliz AR,Technology,Augmented Reality based Tech platform,Bengaluru,"Idg Ventures, Idfc-Parampara Fund",Private Equity,0.0,0.0,2017,November
491,2017-11-10,Qubole,Technology,Big Data based analytics platform,Bengaluru,"Singtel, Innov8, Harmony Partners",Private Equity,25000000.0,210.0,2017,November
492,2017-11-10,Happily Unmarried,ECommerce,Online Gifting platform,Nw Delhi,Wipro Consumer Care,Private Equity,0.0,0.0,2017,November
493,2017-11-13,Universal Sportsbiz Pvt. Ltd,ECommerce,Celebrity fashion accessories and merchandise,Mumbai,Accel Partners,PrivateEquity,15000000.0,126.0,2017,November
494,2017-11-14,Hungry Foal,Ecommerce,Healthy & Nutrition based snacks online platform,Gurugram,Gail India Ltd,Seed Funding,0.0,0.0,2017,November
495,2017-11-14,Active AI,Technology,AI based FinTech platform,Bengaluru,Vertex Ventures,Private Equity,8250000.0,69.3,2017,November
496,2017-11-15,Sumeru,Technology,Banking Software License Platform,Bengaluru,3 Undisclosed Investors,Seed Funding,900000.0,7.56,2017,November
497,2017-11-15,ElderAid Wellness,Health Care,Social Healthcare Enterprise,Bengaluru,Rugmini Menon,Angel Funding,0.0,0.0,2017,November
498,2017-11-15,Omnia Information,Technology,WiFi Analytics Platform,New Delhi,Omidyar Network,Private Equity,3000000.0,25.2,2017,November
499,2017-11-15,Josh Talks,Inspiration,Storytelling platform,Gurugram,"Girish Mathrubootham, Apurva Chamaria, Rohit Chanana",Private Equity,0.0,0.0,2017,November
500,2017-11-15,Reniso,Technology,End-to-End property management for landlords living away,New Delhi,"Nishit Sharma, Alok Srivastava",Seed Funding,0.0,0.0,2017,November
501,2017-11-17,Kanhaiya,Inspiration,Storytelling platform,Hyderabad,3 Undisclosed Investors,Seed/Angel Funding,200000.0,1.68,2017,November
502,2017-11-17,Perspectico,Technology,Placement preparation and career growth training platform,New Delhi,"Sscbs Innovation, Incubation Foundation",Seed/Angel Funding,0.0,0.0,2017,November
503,2017-11-20,ONN Bikes,Technology,Self riding bike rental program,Mumbai,Z Nation Lab,Seed/Angel Funding,692000.0,5.81,2017,November
504,2017-11-21,Rapido,Technology,Bike and Taxi pooling online platform,Hyderabad,"Skycatcher Fund, Aravind Sanka",Seed/Angel Funding,329230.0,2.77,2017,November
505,2017-11-21,Heckyl,Technology,Big Data Analytics Platform,Mumbai,"Notion Capital, Idg Ventures",Private Equity,2700000.0,22.68,2017,November
506,2017-11-21,Nuvepro,Technology,Managed Cloud Environment Solutions,Mumbai,1Crowd,Seed/Angel Funding,400000.0,3.36,2017,November
507,2017-11-21,RedBook,Technology,AI based pharmacy drugs insights platform,Mumbai,"Vida Ventures, Dr. Aniruddha Malpani",Seed/Angel Funding,250000.0,2.1,2017,November
508,2017-11-21,Portea,Healthcare,Healthcare facilities at doorstep,Bengaluru,"Sabre Partners, Memg Cdc",Private Equity,26000000.0,218.4,2017,November
509,2017-11-21,Credit Mate,Technology,Vehicle loan approval platform,Mumbai,Paytm,Private Equity,0.0,0.0,2017,November
510,2017-11-21,Epiq Capital,Finance,Tech based investor firm,Mumbai,Global Institutional Investors,Private Equity,200000000.0,1680.0,2017,November
511,2017-11-22,MiStay,Technology,Online Hotel Reservation Platform,Bengaluru,Axilor Ventures,Seed/Angel Funding,0.0,0.0,2017,November
512,2017-11-23,WittyFeed,Storytelling,Viral Content and storytelling platform,Indore,Sandeep Aggarwal,Seed/Angel Funding,0.0,0.0,2017,November
513,2017-11-24,IDG Ventures,Finance,Venture Capitalist,Bengaluru,Unilazer Ventures,Private Equity,10000000.0,84.0,2017,November
514,2017-11-24,TempGo,Technology,IoT and SaaS based transportation platform,Goa,Javelin Startupo Victory Fund,Seed/Angel Funding,250000.0,2.1,2017,November
515,2017-11-27,Edelweiss,Finance,Diversified Financial,Mumbai,3 Undisclosed Investors,Private Equity,270000000.0,2268.0,2017,November
516,2017-11-27,ERA,Technology,Identity management platform,Mumbai,Amit Patni,Seed/Angel Funding,39000.0,0.33,2017,November
517,2017-11-27,Smaaash,Technology,Virtual Reality based gaming platform,Mumbai,Sixth Sense Ventures,Private Equity,3800000.0,31.92,2017,November
518,2017-11-28,Chumbak,Lifestyle,Designer-led consumer products,Bengaluru,Gaja Capital,Private Equity,13000000.0,109.2,2017,November
519,2017-11-28,FR8,Technology,Online Truck aggregator platform,Chennai,Ifmr Capital,Debt Funding,1500000.0,12.6,2017,November
520,2017-11-28,MobieFit,Healthcare,Health and fitness based mobile App,Goa,"Nb Ventures, Mediassist",Seed/Angel Funding,1350000.0,11.34,2017,November
521,2017-11-28,Stanza Living,Technology,Student accommodation platform,New Delhi,"Matrix Partners, Accel",Private Equity,2000000.0,16.8,2017,November
522,2017-10-03,ChqBook,Consumer Internet,Home Loans Aggregation platform,Gurugram,"Startup Buddy, Apurva Chamaria,Sachin Arora, Bharat Gupta, Amit Manocha",Seed Funding,0.0,0.0,2017,October
523,2017-10-03,HomeCapital,Consumer Internet,Home Loan Down payment assistance program,Mumbai,Venture Catalysts,Seed Funding,0.0,0.0,2017,October
524,2017-10-03,Ola Cabs,Consumer Internet,App based cab hailing services,Bengaluru,"Tencent, Softbank Group",Private Equity,110000000.0,924.0,2017,October
525,2017-10-04,Elanic,Consumer Internet,P2P platform for Fashion sales,Bengaluru,Digital Garage,Seed Funding,0.0,0.0,2017,October
526,2017-10-04,CollPoll,Consumer Internet,Education collaboration platform,Bengaluru,Sprout Angels,Seed Funding,306000.0,2.57,2017,October
527,2017-10-04,PhonePe,Consumer Internet,Digital Wallet,Bengaluru,Flipkart,Private Equity,38700000.0,325.08,2017,October
528,2017-10-05,Little Black Book,Consumer Internet,Local Recommendations and Discoveries Platform,New Delhi,"Blume Ventures, Idg Ventures & Indian Angel Network",Private Equity,1000000.0,8.4,2017,October
529,2017-10-05,Oorjan,Technology,rooftop solar platform,Mumbai,Globevestor,Seed Funding,450000.0,3.78,2017,October
530,2017-10-05,Zefo,ECommerce,Ecommerce Portal for Used Goods,Bengaluru,"Sequoia India, Helion Venture Partners, Beenext",Private Equity,9200000.0,77.28,2017,October
531,2017-10-06,Yaantra,ECommerce,Mobile repair and Refurbishment platform,New Delhi,Carpediem Capital,Private Equity,3100000.0,26.04,2017,October
532,2017-10-06,Farm Taaza,Technology,Fresh Produce SCM company,Bengaluru,"Epsilon Venture Partners, Tara India Fund Iv And Others",Private Equity,8000000.0,67.2,2017,October
533,2017-10-06,Drivezy,Consumer Internet,Self Drive car and bike rental platform,Bengaluru,"Das Capital, Axan Partners, Das Capital And It Farm",Private Equity,10000000.0,84.0,2017,October
534,2017-10-06,Slice Pay,Consumer Internet,Student Micro-financing platform,Bengaluru,"Das Capital, Simile Ventures",Private Equity,2000000.0,16.8,2017,October
535,2017-10-09,Agrowave,Technology,Agriculture Supply Chain management solutions,Gurugram,Daffodil Software,Seed Funding,0.0,0.0,2017,October
536,2017-10-09,MyGubbi,eCommerce,Home Interior Designing Seller,Bengaluru,"Firoze Irani, Vipul Parekh, Ananda Kallugadde, Rajesh K Murthy",Private Equity,2700000.0,22.68,2017,October
537,2017-10-09,IBSFintech,Technology,Treasury Risk Management Solution,Bengaluru,Shailesh Haribhakti,Seed Funding,0.0,0.0,2017,October
538,2017-10-09,Letsservice,Consumer Internet,Auto Service Logistics & SAAS platform,Bengaluru,Aequs Group,Private Equity,0.0,0.0,2017,October
539,2017-10-09,OneStepUp,Technology,Education Technology platform,New Delhi,Orient Blackswan,Seed Funding,336000.0,2.82,2017,October
540,2017-10-09,ThirdWatch,Technology,AI-powered anti-fraud solutions,Gurugram,"Rahul Agarwalla, Keshav Sanghi, Batlivala & Karani Securities",Seed Funding,0.0,0.0,2017,October
541,2017-10-10,Parallel Dots,Technology,AI-powered deep learning solutions,Gurugram,"Multipoint Capital,",Private Equity,1400000.0,11.76,2017,October
542,2017-10-10,Easy Diner,Consumer Internet,online restaurant reservation platform,Gurugram,Saama Capital And Dsg Consumer Partners,Private Equity,4500000.0,37.8,2017,October
543,2017-10-11,Meesho,ECommerce,Online Reseller Network,Bengaluru,"Saif Partners, Ycombinator, Venture Highway",Private Equity,3100000.0,26.04,2017,October
544,2017-10-11,StanPlus,Logistics,Medical Transportation Services,Hyderabad,Kstart Capital,Private Equity,1100000.0,9.24,2017,October
545,2017-10-12,UCLID,Technology,"Education Network for Institutions, teachers & Students",Hyderabad,3 Undisclosed Investors,Seed Funding,235000.0,1.97,2017,October
546,2017-10-13,Policy Bazaar,Consumer Internet,Online insurance policy aggregator,Gurugram,"Wellington Management, Dg Ventures India, True North",Private Equity,77000000.0,646.8,2017,October
547,2017-10-13,Gapoon,Consumer Internet,home maintenance services platform,Bengaluru,"Vida Ventures, Snehal Mantri, Anshu Bahadur",Seed Funding,250000.0,2.1,2017,October
548,2017-10-13,Chaayos,eCommerce,Online Chai ordering platform,Gurugram,Tiger Global Management,Private Equity,2000000.0,16.8,2017,October
549,2017-10-16,KrazyBee,Consumer Internet,Micro-lending platform,Bengaluru,"Xiaomi Technologies, Shunwei Capital",Private Equity,8000000.0,67.2,2017,October
550,2017-10-16,Renew Buy,Consumer Internet,Online Insurance Aggregator,New Delhi,Amicus Capital,Private Equity,9200000.0,77.28,2017,October
551,2017-10-17,Fingerlix,Consumer Internet,Food Ordering Portal,Bengaluru,"Accel Partners, Zephyr Peacock",Private Equity,7000000.0,58.8,2017,October
552,2017-10-18,Bank Bazaar,Consumer Internet,Online Financial Marketplace,Chennai,Experian,Private Equity,7000000.0,58.8,2017,October
553,2017-10-18,Hasura,Technology,App building platform,Chennai,"Nexus, Gree Ventures",Private Equity,0.0,0.0,2017,October
554,2017-10-18,BlackBuck,Logistics,B2B Logistics provider,Bengaluru,Innoven Capital,Private Equity,7700000.0,64.68,2017,October
555,2017-10-18,LenDen Club,Consumer Internet,Online peer-to-peer lending platform,Mumbai,3 Undisclosed Investors,Seed Funding,500000.0,4.2,2017,October
556,2017-10-23,Toppr,Consumer Internet,Mobile based learning app,Mumbai,"Saif Partners, Helion Ventures, Fil Capital Management",Private Equity,7000000.0,58.8,2017,October
557,2017-10-23,RAW Pressery,Food & Beverage,Cold pressed Juice maker,Mumbai,"Dsg Consumer Partners, Sequoia Capital, Saama Capital",Private Equity,6000000.0,50.4,2017,October
558,2017-10-23,Cashe,Consumer Internet,app-only lending platform,Mumbai,Ifmr Capital,Debt Funding,3100000.0,26.04,2017,October
559,2017-10-23,Park Easy,Consumer Internet,Machine learning based parking discovery,Kolkata,Rockstart Accelerator,Seed Funding,118000.0,0.99,2017,October
560,2017-10-24,TagBox,Technology,Cold Chain monitoring solution,Bengaluru,"Indian Angel Network, Ian Fund",Seed Funding,0.0,0.0,2017,October
561,2017-10-24,FYRE,Food & Beverage,Herbal energy shot maker,Mumbai,Venture Catalysts,Seed Funding,500000.0,4.2,2017,October
562,2017-10-24,ZipLoan,Consumer Internet,SME lending platform,New Delhi,"Matrix Partners India, Waterbridge Ventures, Whiteboard Capital, Sarbvir Singh",Private Equity,3000000.0,25.2,2017,October
563,2017-10-24,Skillenza,Consumer Internet,Online Learning Platform,Bengaluru,"Blume Ventures, Indian Angel Network",Seed Funding,722000.0,6.06,2017,October
564,2017-10-24,Chevon,Food & Beverage,Frozen Meat provider,Mumbai,Greenfield Advisory,Private Equity,0.0,0.0,2017,October
565,2017-10-25,PropStory,Consumer Internet,Real Estate content portal,Gurugram,"Abhishek Bhatewara, Vivek Shah, Haitong Securities, Suraj Saharan, Paras Arora",Seed Funding,0.0,0.0,2017,October
566,2017-10-25,SpotDraft,Consumer Internet,Contract Automation,Gurugram,"Hunch Ventures, Spiral Ventures, 500 Startups, Singapore Angel Network, Citrus Payments",Seed Funding,550000.0,4.62,2017,October
567,2017-10-26,Big Basket,eCommerce,Online Grocery portal,Bengaluru,Helion Ventures Partners,Private Equity,5000000.0,42.0,2017,October
568,2017-10-27,OfBusiness,Technology,B2B Finance & Fulfilment Network,Gurugram,Kotak Mahindra Bank,Debt Funding,3800000.0,31.92,2017,October
569,2017-10-27,Olly Credit,Technology,Credit + payment mobile app,New Delhi,"Incubate Fund, Sandesh Kirkire, Anand Kumar, Yogesh Chaudhary",Seed Funding,0.0,0.0,2017,October
570,2017-10-28,CashFree,Technology,Payments Platform for Marketplaces and Fintechs,New Delhi,Y Combinator,Seed Funding,120000.0,1.01,2017,October
571,2017-10-28,Ola Cabs,Consumer Internet,App based cab hailing services,Bengaluru,Ani Technologies Pvt. Ltd,Private Equity,7700000.0,64.68,2017,October
572,2017-10-30,GoldFarm,Food & Beverage,Agriculture Technology,Coimbatore,Mahindra & Mahindra And Infuse Ventures,Private Equity,2000000.0,16.8,2017,October
573,2017-10-31,NetMeds,ECommerce,Online Pharmacy,Chennai,Tanncam Investment & Sistema Asia Fund,Private Equity,14000000.0,117.6,2017,October
574,2017-10-31,MSE,Finance,Equity Stock Exchange,Mumbai,"Il&Fs, Trust Capital, Rosy Blue Securities, Radhakrishan Damani And Rakesh Jhunjhunwala",Private Equity,32000000.0,268.8,2017,October
575,2017-09-01,Aahaa Stores,eCommece,Online B2B store for office supplies,Chennai,Yournest Angel Fund,Private Equity,1000000.0,8.4,2017,September
576,2017-09-01,MFine,Consumer Internet,Online Doctor Discovery platform,Bengaluru,"Stellaris Venture Partners, Mayur Abhaya, Rohit Ma",Private Equity,1500000.0,12.6,2017,September
577,2017-09-01,Canvera,Consumer Internet,Online Photography platform,Mumbai,Info Edge,Private Equity,1300000.0,10.92,2017,September
578,2017-09-04,PrimaryIO,Technology,Application Performance Acceleration,Pune,"Accel Partners, Exfinity Ventures, Partech Ventures",Private Equity,5600000.0,47.04,2017,September
579,2017-09-05,Shubh Loans,Consumer Internet,online lending platform,Bengaluru,"Sri Capital, Beenext, Pravega Ventures",Private Equity,1500000.0,12.6,2017,September
580,2017-09-05,Nest Education,Technology,EduTech Platform,Gurugram,"Michael And Susan Dell Foundation, Anand Mahindra",Seed Funding,600000.0,5.04,2017,September
581,2017-09-06,Lending Kart,Consumer Internet,Online Lending Platform,Ahmedabad,"Bertelsmann India, Mayfield Capital, Saama Capital, Darrin Capital",Private Equity,10750000.0,90.3,2017,September
582,2017-09-06,GoFro,Consumer Internet,Online travel booking platform,New Delhi,"His Co. Ltd, Makemytrip",Private Equity,10000000.0,84.0,2017,September
583,2017-09-06,OncoStem,Healthcare,Medical Diagnostic Solutions,Bengaluru,"Sequoia Capital India, Artiman Ventures",Private Equity,6000000.0,50.4,2017,September
584,2017-09-06,Power2SME,eCommerce,Buying Club for Small Businesses,Gurugram,"International Finance Corporation, Inventus Capital Partners, Accel Partners, Kalaari Capital, And Nandan Nilekani,",Private Equity,26000000.0,218.4,2017,September
585,2017-09-07,Credit Vidya,Consumer Internet,Online Credit scoring platform,Mumbai,Matrix Partners,Private Equity,5000000.0,42.0,2017,September
586,2017-09-07,Tails Life,Consumer Internet,Pet care portal & mobile app,Bengaluru,V Balakrishnan.,Private Equity,0.0,0.0,2017,September
587,2017-09-07,OYO Rooms,Consumer Internet,Branded budget hotels marketplace,Gurugram,"Softbank Group, Sequoia Capital India, Lightspeed Venture Partners, Greenoaks Capital, Hero Enterprise",Private Equity,250000000.0,2100.0,2017,September
588,2017-09-07,Early Salary,Consumer Internet,Online Unsecured Lending platform,Pune,Ifmr Capital,Debt Funding,780000.0,6.55,2017,September
589,2017-09-07,MamaEarth,eCommerce,online babycare products marketplace,Gurugram,Fireside Ventures,Seed Funding,0.0,0.0,2017,September
590,2017-09-07,Seniority,eCommerce,Ecommerce portal for senior citizens,Pune,Rpg Enterprises,Private Equity,1000000.0,8.4,2017,September
591,2017-09-08,AYE Finance,Consumer Internet,Micro Lending Platform,New Delhi,"Triodos Investment Management,",Debt Funding,6900000.0,57.96,2017,September
592,2017-09-08,Farmizen,Technology,Agre-Tech Mobile app,Bengaluru,"Venture Highway, Alok Mittal, Mohit Agarwal, Anuj Gupta,",Seed Funding,0.0,0.0,2017,September
593,2017-09-11,Ecom Express,Logistics,Logistics Solutions provider,New Delhi,Warburg Pincus,Private Equity,30000000.0,252.0,2017,September
594,2017-09-11,Call Health,Consumer Internet,Healthcare Services Aggregator,Hyderabad,"Sachin Tendulkar, P.V Sindhu, Pullela Gopichand",Private Equity,6200000.0,52.08,2017,September
595,2017-09-12,Sattviko,eCommerce,Health Food etailer,New Delhi,"Raman Roy, Arvind Uppal, Sonu Bhasin, G Ravishankar",Seed Funding,0.0,0.0,2017,September
596,2017-09-12,3HCare,Consumer Internet,Healthcare services portal,New Delhi,3 Undisclosed Investors,Seed Funding,100000.0,0.84,2017,September
597,2017-09-12,Tonbo Imaging,Technology,Imaging Technology for Armed Forces,Bengaluru,"Wrv Capital, Qualcomm Ventures, Edelweiss Private Equity, Artiman Ventures",Private Equity,17000000.0,142.8,2017,September
598,2017-09-12,Get My Parking,Consumer Internet,Smart Parking Enabler,New Delhi,"Ian Fund, Beenext, Indian Angel Network",Private Equity,3000000.0,25.2,2017,September
599,2017-09-13,WittyFeed,Technology,Content marketing platform,Indore,"Anand Chandrasekaran, Apurva Chamaria, Ritesh Malik, Ashish Toshniwal, Ajeet Khurana",Seed Funding,0.0,0.0,2017,September
600,2017-09-13,Glowroad,Consumer Internet,women focussed customer-to-customer reseller network,Bengaluru,Accel Partners,Private Equity,2000000.0,16.8,2017,September
601,2017-09-13,OYO Rooms,Consumer Internet,udget hotel marketplace,Gurugram,China Lodging Group,Private Equity,10000000.0,84.0,2017,September
602,2017-09-13,Unacademy,Consumer Internet,Online learning platform,Mumbai,"Sequoia Capital India, Saif Partners, Nexus Venture Partners And Blume Ventures,",Private Equity,11500000.0,96.6,2017,September
603,2017-09-13,Heterogenous,Technology,Telecom & IoT platform,Chennai,"Chennai Angels, Keiretsu Forum & Others",Seed Funding,780000.0,6.55,2017,September
604,2017-09-14,Gurukul,Consumer Internet,co-working space provider,New Delhi,"Rohit Nanda, Rajit Nanda, Smarak Bhuyan, Sashwat Brahma,",Seed Funding,0.0,0.0,2017,September
605,2017-09-14,Smaaash,Technology,Virtual Reality gaming and entertainment platform,Mumbai,Ecl Finance,Private Equity,44000000.0,369.6,2017,September
606,2017-09-14,WheelStreet,Consumer Portal,Bike Rental Platform,Bengaluru,Y Combinator,Seed Funding,120000.0,1.01,2017,September
607,2017-09-14,Xprep,Consumer Internet,Online Tutoring Platform,New Delhi,"Rising Stars, Manish Amin, Pallav Pandey, Chavi Jafa",Private Equity,0.0,0.0,2017,September
608,2017-09-18,The Moms Co,eCommerce,Pregnancy & Baby Care product etailer,Gurugram,"Dsg Consumer Partners, Saama Capital",Private Equity,1000000.0,8.4,2017,September
609,2017-09-19,Noticeboard,Technology,"mobile-first communication platform for on-field staff,",Bengaluru,"Shamik Sharma, Aprameya Radhakrishna",Seed Funding,0.0,0.0,2017,September
610,2017-09-19,High Radius,Technology,Integrated receivables software solutions,Hyderabad,Susquehanna Growth Equity,Private Equity,50000000.0,420.0,2017,September
611,2017-09-20,HWell24 Plus,Healthcare,Technology-Empowered Healthcare Solutions,Mumbai,3 Undisclosed Investors,Seed Funding,0.0,0.0,2017,September
612,2017-09-21,SaveBC,Finance,financial services firm,Gaya,Incofin Investment Management.,Private Equity,6000000.0,50.4,2017,September
613,2017-09-21,Gaming Monk,Consumer Internet,E-sports platform,New Delhi,Advantedge,Private Equity,0.0,0.0,2017,September
614,2017-09-21,91SpringBoard,Consumer Internet,Co-working spaces,New Delhi,"Sandway Investment Ltd, Pearl Brook Holdings, Silo Holdings And Al Nour",Private Equity,0.0,0.0,2017,September
615,2017-09-21,Homergize,eCommerce,Home Furnishing & Building material marketplace,Bengaluru,Lg Chandrasekhar,Private Equity,1000000.0,8.4,2017,September
616,2017-09-22,Yatra.com,eCommerce,Online Travel Agency,Gurugram,Innoven Capital India,Debt Funding,15400000.0,129.36,2017,September
617,2017-09-22,Ace Turtle,Technology,Omni-channel web commerce solutions provider,Bengaluru,Innoven Capital,Private Equity,0.0,0.0,2017,September
618,2017-09-25,Vogo,Consumer Internet,Scooter Rental Platform,Bengaluru,Av Thomas Group,Seed Funding,0.0,0.0,2017,September
619,2017-09-25,Synup,Technology,SME Marketing Management Solution,Bengaluru,"Vertex Ventures, Prime Venture Partners.",Private Equity,6000000.0,50.4,2017,September
620,2017-09-25,Tinmen,Consumer Internet,Food Delivery platform,Hyderabad,Zomato Media Pvt. Ltd,Private Equity,0.0,0.0,2017,September
621,2017-09-25,Cropin,Technology,Crop Technology Solutions,Bengaluru,Beenext,Private Equity,0.0,0.0,2017,September
622,2017-09-25,Rapido,Consumer Internet,Bike Aggregator Mobile App,Bengaluru,Battery Road Digital Holdings Llc,Seed Funding,422000.0,3.54,2017,September
623,2017-09-25,Sportobuddy,Consumer Internet,Sports & Sport related equipment portal,Mumbai,Mehul Shah,Seed Funding,150000.0,1.26,2017,September
624,2017-09-26,Credifiable,Consumer Internet,Online consumer lending platform,Bengaluru,Kae Capital,Private Equity,0.0,0.0,2017,September
625,2017-09-26,Inclov,Consumer Internet,Matchmaking app for the differently abled,Gurugram,"Rajan Anandan, Jamil Khatri, Ravi Iyer, Raghav Bahl",Seed Funding,0.0,0.0,2017,September
626,2017-09-26,Multibhashi,Consumer Internet,Language learning Mobile App,Bengaluru,"Aniruddha Malpani, Startup Oasis",Seed Funding,0.0,0.0,2017,September
627,2017-09-27,Transerve,Technology,Geospatial Technology-based SaaS solutions,Mumbai,"Il&Fs Investment Managers, Omidyar Network.",Private Equity,1600000.0,13.44,2017,September
628,2017-09-27,Fashalot,Consumer Internet,O2O fashion discovery platform,Gurugram,"Capillary Technologies, Whiteboard Capital, Yournest Angel Fund, Rajul Garg",Private Equity,0.0,0.0,2017,September
629,2017-09-27,Pitstop,Consumer Internet,Car repair and Servicing Platform,Bengaluru,"Blume Ventures, Goldbell Group, Anurag Srivastava, Shailesh Rao, Amiya Pathak, Rajesh Yohanan And Rahul Garg",Private Equity,1000000.0,8.4,2017,September
630,2017-09-27,GoChoppers,Consumer Internet,Luxury Helicopter Tourism Services portal,Gurugram,"Rivergate Capital,",Seed Funding,0.0,0.0,2017,September
631,2017-09-27,MyUpchar,Consumer Internet,Local Language Health Information portal,New Delhi,Letsventure,Seed Funding,300000.0,2.52,2017,September
632,2017-09-28,Aadyah,Technology,Defense Tech & Aerospace startup,Bengaluru,Keiretsu Forum,Private Equity,1000000.0,8.4,2017,September
633,2017-08-01,TouchKin,Technology,Predictive Care Platform,Bengaluru,Kae Capital,Private Equity,1300000.0,10.92,2017,August
634,2017-08-02,Ethinos,Technology,Digital Marketing Agency,Mumbai,Triton Investment Advisors,Private Equity,0.0,0.0,2017,August
635,2017-08-02,Leverage Edu,Consumer Internet,Online platform for Higher Education Services,New Delhi,"Kashyap Deorah, Anand Sankeshwar, Deepak Jain, Sadashiva Nt, Arjun Mehta, Satish Kaul, Anindya Ghose",Seed Funding,0.0,0.0,2017,August
636,2017-08-02,Zepo,Consumer Internet,DIY Ecommerce platform,Mumbai,"Kunal Shah, Letsventure, Anupam Mittal, Hetal Sonpal",Seed Funding,500000.0,4.2,2017,August
637,2017-08-02,Click2Clinic,Consumer Internet,healthcare service aggregator,Hyderabad,"Narottam Thudi, Shireesh Palle",Seed Funding,850000.0,7.14,2017,August
638,2017-08-03,SpeedBox,Logistics,On-Demand Logistics Service provider,Mumbai,Cismat Cargo Services Pvt. Ltd.,Seed Funding,300000.0,2.52,2017,August
639,2017-08-03,Skill Connect,Consumer Internet,Recruitment Portal,Jaipur,Rajasthan Angel Innovators Network,Seed Funding,0.0,0.0,2017,August
640,2017-08-03,Chai Point,Consumer Internet,Tea Delivery Portal & offline stores,Bengaluru,"Dsg Consumer Partners, Eight Roads Ventures India",Private Equity,0.0,0.0,2017,August
641,2017-08-03,Zoctr,Consumer Internet,Health Products & Services Aggregator,Mumbai,Sidbi,Private Equity,0.0,0.0,2017,August
642,2017-08-04,Lime Tray,Technology,Restaurant Management Solutions,New Delhi,Jsw Ventures,Private Equity,0.0,0.0,2017,August
643,2017-08-04,CoutLoot,eCommerce,Fashion Resale Marketplace,Mumbai,"Anuj Puri, Redcliffe Capital, Artha India Ventures, Siddharth Kothari, Apoorv Ranjan Sharma,",Seed Funding,0.0,0.0,2017,August
644,2017-08-04,Box My Space,Logistics,Warehouse Aggregator,Mumbai,"R. Jayakumar, Vaibhav Vohra, Aditya Vazirani, Rhea Vazirani, Avn Business Solutions, Dreamweaver Investments",Seed Funding,0.0,0.0,2017,August
645,2017-08-05,Curatio,Healthcare,Skincare Speciality services,Chennai,Anicut Capital,Private Equity,0.0,0.0,2017,August
646,2017-08-08,New Castle Technologies,Technology,Hospital Management Software,Chennai,3 Undisclosed Investors,Seed Funding,243000.0,2.04,2017,August
647,2017-08-08,My Forex Eye,Consumer Internet,foreign exchange services,New Delhi,"Rahul Dev Kumar, Rajesh Mahajan, Ankit Sharma And Others",Seed Funding,220000.0,1.85,2017,August
648,2017-08-09,TruxApp,Logistics,Mobile based Logistics Service,New Delhi,"Venugopal Dhoot, Ajay Bhatia, Tarun Khandelwal, Ganpat Singhvi, Mandhian Family & Others",Seed Funding,3100000.0,26.04,2017,August
649,2017-08-09,CroFarm,Technology,Agriculture Supply Chain solutions,Gurugram,Factor[E] Ventures,Seed Funding,783000.0,6.58,2017,August
650,2017-08-09,DoodhWala,Consumer Internet,Online milk delivery,Bengaluru,Tom Varkey,Seed Funding,0.0,0.0,2017,August
651,2017-08-10,Stayabode,Consumer Internet,Co-Living space aggregator,Bengaluru,"Incubate Fund, Sanjay Shenoy, Mridul Upreti,",Private Equity,0.0,0.0,2017,August
652,2017-08-11,Flipkart,eCommerce,Online Marketplace,Bengaluru,Softbank,Private Equity,2500000000.0,21000.0,2017,August
653,2017-08-11,Moong Labs,Technology,Mobile games developer,New Delhi,Nazara Games,Private Equity,0.0,0.0,2017,August
654,2017-08-11,Ola Cabs,Consumer Internet,App based cab aggregation Service,Gurugram,Kae Capital Management,Private Equity,36000000.0,302.4,2017,August
655,2017-08-14,Sports Flashes,Consumer Internet,Sports Content Mobile App,New Delhi,Bennett Coleman And Company Ltd,Private Equity,0.0,0.0,2017,August
656,2017-08-14,Digilend,Technology,Personal Loans & EMI solutions platform,Mumbai,"Incred Finance, Fullerton India Credit Company Ltd",Seed Funding,312000.0,2.62,2017,August
657,2017-08-15,KNAB Finance,Consumer Internet,Unsecured Small Business Loans,Bengaluru,"Incred, Krishnakumar Natarajan, Ravi Bhardwaj",Seed Funding,385000.0,3.23,2017,August
658,2017-08-17,Get Simpl,Consumer Internet,Payment Solution Mobile app,Mumbai,"Green Visor Capital Lp Ii, Ia Venture Strategies Fund Ii Lp, Boillot Family Trust, Russell M Byrne, The Oliver R. Grace, Jr. Millennium Trust, Sf Capital Investments Lp",Seed Funding,0.0,0.0,2017,August
659,2017-08-20,Rootefy,eCommerce,Building material online store,New Delhi,"Abhinav Gupta,",Seed Funding,187000.0,1.57,2017,August
660,2017-08-21,Uniphore,Technology,speech recognition startup,Chennai,Idg Ventures,Private Equity,6800000.0,57.12,2017,August
661,2017-08-21,Cerebroz,Consumer Internet,E-Tech platform,Vadodara,Undisclosed Hni\\Xe2\\X80\\X99S,Seed Funding,734000.0,6.17,2017,August
662,2017-08-22,Flochat,Consumer Internet,instant messaging platform,Mumbai,"Isquare Global,",Seed Funding,0.0,0.0,2017,August
663,2017-08-22,EasyGov,Consumer Internet,Govt service application portal,Noida,"Social Alpha, Rajan Anandan, Rajeev Ahuja, Kshitij Arora",Seed Funding,0.0,0.0,2017,August
664,2017-08-23,Milk Basket,Consumer Internet,Online Grocery platform,Gurugram,Blume Ventures. Lenovo Capital And Incubator Group,Seed Funding,0.0,0.0,2017,August
665,2017-08-23,Dhruva,Technology,Cloud data protection and management solutions,Pune,"Riverwood Capital, Sequoia Capital India, Nexus Venture Partners, Tenaya Capital",Private Equity,80000000.0,672.0,2017,August
666,2017-08-23,Bombay Shaving Company,eCommerce,Men Grooming product etailer,New Delhi,Fireside Ventures,Private Equity,2300000.0,19.32,2017,August
667,2017-08-23,Awign,Technology,Operations and manpower outsourcing,Bengaluru,"Iit Ropar, Imanpreet Singh Arora, Sidharth Rozario, Saurabh Abichandani, Shikhar Gupta,",Seed Funding,0.0,0.0,2017,August
668,2017-08-23,Indiez,Technology,Software & Mobile app development platform,Bengaluru,Haresh Chawla,Seed Funding,500000.0,4.2,2017,August
669,2017-08-24,Ezetap,Technology,mPOS solutions provider,Bengaluru,"Js Capital Management, Social Capital, Horizons Ventures,",Private Equity,16000000.0,134.4,2017,August
670,2017-08-25,Ink Monk,Consumer Internet,Online printing marketplace,Chennai,"Vamm Ventures, Raksul, Dena",Seed Funding,750000.0,6.3,2017,August
671,2017-08-25,Medinfi,Consumer Internet,Online Doctor Discovery Platform,Bengaluru,"Pbs Srinivas, Vinod Martin,",Seed Funding,125000.0,1.05,2017,August
672,2017-08-28,Mobikon,Technology,Restaurant & Hotel CRM platform,Pune,"Sistema Asia Fund, C31 Ventures, Qualgro.",Private Equity,7000000.0,58.8,2017,August
673,2017-08-29,CureFit,Consumer Internet,End to End health and wellness platform.,Bengaluru,"Accel Partners, Idg Ventures, Kalaari Capital,\\Xc2\\Xa0 Uc-Rnt Fund",Private Equity,25000000.0,210.0,2017,August
674,2017-08-29,Doxper,Technology,Healthtech IoT platform,Mumbai,"Idal Health, Growx Ventures, Capier Investments, Globevestor & Others",Seed Funding,750000.0,6.3,2017,August
675,2017-08-29,Fieldassist,Technology,SAAS based sales force automation services,Gurugram,Mall Industries Development Bank Of India,Debt Funding,0.0,0.0,2017,August
676,2017-08-30,Treebo,Consumer Internet,Budget Hotel Aggregator platform,Bengaluru,"Ward Ferry Management And Karst Peak Capital,",Private Equity,34000000.0,285.6,2017,August
677,2017-08-30,MedGenome,Technology,Genomics Research and Diagnostics Solutions,Bengaluru,"Sequoia India, Sofina S.A., Zodius Capital, Kris Gopalakrishnan, Lakshmi Narayanan,",Private Equity,30000000.0,252.0,2017,August
678,2017-07-01,Billion Loans,Consumer Internet,Peer to Peer Lending platform,Bengaluru,Reliance Corporate Advisory Services Ltd,Seed Funding,1000000.0,8.4,2017,July
679,2017-07-03,Ecolibriumenergy,Technology,Energy management solutions provider,Ahmedabad,"Infuse Ventures, Jll",Private Equity,2600000.0,21.84,2017,July
680,2017-07-04,Droom,eCommerce,Online marketplace for automobiles,Gurugram,"Asset Management Ltd, Digital Garage Inc",Private Equity,20000000.0,168.0,2017,July
681,2017-07-05,Jumbotail,eCommerce,online marketplace for food and grocery,Bengaluru,"Kalaari Capital, Nexus India Capital Advisors",Private Equity,8500000.0,71.4,2017,July
682,2017-07-05,Moglix,eCommerce,B2B marketplace for Industrial products,Noida,"International Finance Corporation, Rocketship, Accel Partners, Jungle Ventures, Shailesh Rao, Venture Highway",Private Equity,12000000.0,100.8,2017,July
683,2017-07-05,Timesaverz,Consumer Internet,Hyperlocal home services provider,Mumbai,Bccl,Private Equity,1000000.0,8.4,2017,July
684,2017-07-06,Minjar,Technology,Cloud Solutions provider,Bengaluru,"Blume Ventures, Contrarian Capital India Partners, Emergent Ventures India, Pallav Nadhani, Ashish Gupta, Sharad Sharma, Sirion Labs",Seed Funding,0.0,0.0,2017,July
685,2017-07-06,MyCity4kids,Consumer Internet,parenting blog and kids\\xe2\\x80\\x99 events discovery platform,Gurugram,Undisclosed,Seed Funding,0.0,0.0,2017,July
686,2017-07-07,Clip App,Consumer Internet,Digital Media Video platform,Bengaluru,"India Quotient, Shunwei Capital",Seed Funding,1000000.0,8.4,2017,July
687,2017-07-07,Upwardly.in,Consumer Internet,MF investment platform,Bengaluru,"Sreeram Iyer, Suvo Sarkar, Anita Gupta, Likemind Ventures",Seed Funding,0.0,0.0,2017,July
688,2017-07-10,Autorox.co,Technology,Workshop Management Software Platform,Hyderabad,Mitsui & Co.,Private Equity,3000000.0,25.2,2017,July
689,2017-07-11,Fabogo,Consumer Internet,Salon & Spa Aggregation & Discovery platform,Pune,Dunamis Ventures Pte Ltd,Private Equity,2250000.0,18.9,2017,July
690,2017-07-11,Flickstree,Consumer Internet,Video Content Discovery Platform,Mumbai,"Venture Catalysts, Sourav Ganguly, Ankit Aditya, Moksh Sports Ventures",Seed Funding,464000.0,3.9,2017,July
691,2017-07-11,Design Cafe,Consumer Internet,Online Interior Design platform,Bengaluru,"Fireside Ventures, Apurva Salarpuria, Sidharth Pansari, Sprout Capital",Seed Funding,0.0,0.0,2017,July
692,2017-07-12,Innoviti,Technology,Digital payments solutions,Bengaluru,"Sbi-Fmo Fund, Bessemer Venture Partners, Catamaran Ventures",Private Equity,18500000.0,155.4,2017,July
693,2017-07-12,VDeliver,Logistics,Door Step Delivery platform,Hyderabad,"Corvus Ventures, Mape Advisory Group",Private Equity,0.0,0.0,2017,July
694,2017-07-12,Bottr.me,Technology,Chatbot creation tool,Bengaluru,"500 Startups, Purvi Capital, Rajan Anandan, Abhishek Gupta",Seed Funding,0.0,0.0,2017,July
695,2017-07-12,Arcatron,Technology,Next Gen Mobility device manufacturer,Pune,"Idg, Indian Angel Network",Seed Funding,0.0,0.0,2017,July
696,2017-07-14,QwikSpec,Technology,Construction site operations and analytics platform,Bengaluru,"Brigade Innovations Llp, Tv Mohandas Pai, Suhail Rahman, Bobby Reddy, M George Oommen",Seed Funding,540000.0,4.54,2017,July
697,2017-07-14,Chumbak,eCommerce,Designer consumer products Marketplace,Bengaluru,Blacksoil Capital Pvt Ltd,Private Equity,1700000.0,14.28,2017,July
698,2017-07-17,Increff,Technology,Sales Solutions for Fashion Brands,Bengaluru,"Sequoia Capital, Grey Orange, Rajesh Ramaiah, Anshuman Das, Rishi Das",Seed Funding,2000000.0,16.8,2017,July
699,2017-07-17,Vayana,Technology,Enterprise Banking Solutions,Pune,"Idg Ventures India Advisors, Jungle Ventures",Private Equity,4000000.0,33.6,2017,July
700,2017-07-18,MObiquest,Technology,Mobile Services & Solutions,Noida,One97 Communication Ltd,Private Equity,0.0,0.0,2017,July
701,2017-07-18,Ambee,Consumer Internet,Ambulance Aggregation Services,Hyderabad,"Uber Technologies Inc, Amaya Capital Llp",Seed Funding,0.0,0.0,2017,July
702,2017-07-18,Ideal Insurance,Consumer Internet,Online Insurance platform,Kolkata,Xelpmoc,Seed Funding,0.0,0.0,2017,July
703,2017-07-18,Hypernova Interactive,Technology,Mobile games creator,Bengaluru,Kae Capital,Seed Funding,0.0,0.0,2017,July
704,2017-07-19,Rentomojo,Consumer Internet,Consumer Leasing Platform,Bengaluru,"Ain Capital Ventures, Renaud Laplanche",Private Equity,10000000.0,84.0,2017,July
705,2017-07-19,AirCTO,Consumer Internet,AI powered recruitment platform,Bengaluru,Francesco Cara,Seed Funding,0.0,0.0,2017,July
706,2017-07-19,Playablo,Technology,Gamified Learning App,Bengaluru,Abi-Showatech Ltd,Seed Funding,600000.0,5.04,2017,July
707,2017-07-20,Trupay,Technology,Online payments platform,Gurugram,"Kae Capital, M&S Partners,",Seed Funding,700000.0,5.88,2017,July
708,2017-07-21,Brick2Wall,eCommerce,Online Marketplace for Construction Material,Gurugram,"Subramani Somasundaram, Sundeep Sahni, Mayank Mittal & Others",Seed Funding,200000.0,1.68,2017,July
709,2017-07-21,FableStreet,eCommerce,Women Work wear etailer,New Delhi,"Harmeet Bajaj, Pameela P, Fusiontech Ventures & Others",Seed Funding,0.0,0.0,2017,July
710,2017-07-21,Monsoon Fintech,Technology,Machine Learning Access platform,New Delhi,"Sunil Kalra, Aditya Singh, Rishi Srivastava, Rajan Anandan",Seed Funding,0.0,0.0,2017,July
711,2017-07-21,MonkeyBox,Consumer Internet,Healthy Food Delivery Platform,Bengaluru,"Blume Ventures, Nb Ventures, Nspira",Seed Funding,0.0,0.0,2017,July
712,2017-07-25,Noticeboard,Consumer Internet,Mobile-first Enterprise communication platform,Bengaluru,Stellaris Venture Partners,Private Equity,1200000.0,10.08,2017,July
713,2017-07-25,Byju\\xe2\\x80\\x99s,Consumer Internet,Mobile Learning App,Bengaluru,Tencent Holdings,Private Equity,35000000.0,294.0,2017,July
714,2017-07-26,Creator\\xe2\\x80\\x99s Gurukul,Others,Co-Working Space Provider,New Delhi,Yuvraj Singh,Seed Funding,0.0,0.0,2017,July
715,2017-07-26,Fab Hotels,Consumer Internet,Budget hotels brand & Aggregator Platform,New Delhi,Goldman Sachs,Private Equity,25000000.0,210.0,2017,July
716,2017-07-26,ThinkerBell,Consumer Internet,Assisted Learning Startup,Bengaluru,"Indian Angel Network, Anand Mahindra",Seed Funding,200000.0,1.68,2017,July
717,2017-07-27,1mg,eCommerce,Online Pharmacy,Gurugram,"Hbm Healthcare Investments, Maverick Capital Ventures, Sequoia India, Omidyar Network And Kae Capital",Private Equity,15000000.0,126.0,2017,July
718,2017-07-28,Jhakaas,Consumer Internet,App-based Aggregator of Offline Businesses,Mumbai,Amen Dhyllon,Seed Funding,0.0,0.0,2017,July
719,2017-07-28,BigStylist,Consumer Internet,Beauty Services Marketplace,Mumbai,Info Edge Ltd,Private Equity,1250000.0,10.5,2017,July
720,2017-07-28,Gympik.com,Consumer Internet,online marketplace for discovering fitness centres,Bengaluru,Roundglass Partners,Seed Funding,0.0,0.0,2017,July
721,2017-06-01,Tripeur,Technology,Mobile based travel ERP platform,Bengaluru,"Grace Grace Techno Ventures Llp, Rajul Garg & Other Undisclosed Investors",Seed Funding,0.0,0.0,2017,June
722,2017-06-02,RentOnGo,eCommerce,"Online Marketplace for Renting Bikes, Electronics & Appliances",Bengaluru,Tvs Motor Company,Seed Funding,234000.0,1.97,2017,June
723,2017-06-05,Goomo,Consumer Internet,Online Travel & Holiday Booking platform,Mumbai,Emerging India,Private Equity,50000000.0,420.0,2017,June
724,2017-06-05,MaxMyWealth,Consumer Internet,Online Wealth Management & Savings platform,Mumbai,"Lockchain Ecosystem Global Advisors, Horseferry",Private Equity,0.0,0.0,2017,June
725,2017-06-06,Spinny,eCommerce,Online Used Car marketplace,Gurugram,"Blume Ventures, Indian Angel Network, Kunal Shah, Sandeep Tandon",Private Equity,1000000.0,8.4,2017,June
726,2017-06-06,Healthbuds,Consumer Internet,Healthcare Discovery & booking platform,Kolkata,"Arun Patodia, Bharat Kedia",Seed Funding,0.0,0.0,2017,June
727,2017-06-06,Ftcash,Consumer Internet,Mobile Payments platform,Mumbai,"500 Startups, Ivycap Ventures",Private Equity,0.0,0.0,2017,June
728,2017-06-06,BHIVE Workspace,Consumer Internet,co-working spaces,Bengaluru,Blume Ventures,Private Equity,1200000.0,10.08,2017,June
729,2017-06-06,wayForward,Consumer Internet,Mobile app for Mental Health,New Delhi,"Harsh Mahajan, Farhan Naqvi, Sreepathy Viswanathan",Seed Funding,1000000.0,8.4,2017,June
730,2017-06-06,GyanDhan,Consumer Internet,Education Marketplace,New Delhi,Sundaram Finance Holdings,Private Equity,0.0,0.0,2017,June
731,2017-06-06,Hungry Foal,Consumer Internet,For profit Social Venture,Gurugram,Sbi,Private Equity,0.0,0.0,2017,June
732,2017-06-07,ZipLoan,Consumer Internet,Online lending platform,New Delhi,Waterbridge Ventures,Seed Funding,650000.0,5.46,2017,June
733,2017-06-07,GrowFitter,Consumer Internet,health and fitness discovery platform,Mumbai,Quake Capital,Seed Funding,600000.0,5.04,2017,June
734,2017-06-08,Stratfit,Consumer Internet,Health coaching programs,Hyderabad,Bodhtree Consulting Limited,Seed Funding,232000.0,1.95,2017,June
735,2017-06-08,Multiplier Solutions,Technology,CRM Software for Healthcare space,Hyderabad,Norwest Venture Partners,Private Equity,1500000.0,12.6,2017,June
736,2017-06-08,ABI Health,Technology,Unified Digital Health Platform,Bengaluru,Norwest Venture Partners,Private Equity,1500000.0,12.6,2017,June
737,2017-06-08,Stockal,Consumer Internet,App-based Investment advisory Services,Bengaluru,"Mohan Alexander, R. Natarajan, Vikrant Varshney, Amit Sinha",Seed Funding,350000.0,2.94,2017,June
738,2017-06-09,Guidoo,Consumer Internet,Travel & adventure planning platform,Mumbai,"Pawan Borle, Nirmal Singh, Manish Prasad, Vineet Varma, Nick Haulkoury, Abhai S. Rao",Seed Funding,300000.0,2.52,2017,June
739,2017-06-09,eSahai.in,Consumer Internet,ambulance aggregator and medical taxi provider,Hyderabad,"Dr Ramesh Ayyala, Satya Muthyala",Seed Funding,250000.0,2.1,2017,June
740,2017-06-12,Loanmeet,Consumer Internet,Online peer-to-peer lending platform,Bengaluru,"Cao Yibin, Huang Wei, Madhusudan E,",Seed Funding,0.0,0.0,2017,June
741,2017-06-12,LendingKart,Consumer Internet,Online Lending platform,Ahmedabad,Yes Bank,Debt Funding,7800000.0,65.52,2017,June
742,2017-06-12,Boxx.ai,Technology,Artificial Intelligence,Bengaluru,"Unicorn India Ventures, Venky Krishnakumar, Suresh Shankar, Vivek Bhargava",Private Equity,500000.0,4.2,2017,June
743,2017-06-12,PeeSafe.in,Healthcare,Hygiene care product manufacturer,New Delhi,"Venture Catalysts, Alfa Capital, Green Shots Capital, Real Time Ventures",Private Equity,1000000.0,8.4,2017,June
744,2017-06-12,Vista Rooms,Consumer Internet,Online rooms aggregation platform,Mumbai,"Artha India Ventures, Singularity Holdings, Rajan Anandan, Girish Mathrubootham",Seed Funding,776000.0,6.52,2017,June
745,2017-06-12,CoverFox,Consumer Internet,Online insurance brokerage platform,Mumbai,Transamerica,Private Equity,15000000.0,126.0,2017,June
746,2017-06-13,HyperTrack,Technology,Location tracking solutions,New Delhi,"Nexus Venture Partners, Founders Fund",Private Equity,0.0,0.0,2017,June
747,2017-06-13,Goodera,Technology,CSR and sustainability management platform,Bengaluru,"Nexus Venture Partners, Omidyar Network",Private Equity,5500000.0,46.2,2017,June
748,2017-06-13,Digit,Technology,Tech driven Insurance platform,Bengaluru,Fairfax Holdings,Private Equity,0.0,0.0,2017,June
749,2017-06-14,Ola,Consumer Internet,Cab Aggregation App,Bengaluru,Tekne Capital Management Llc,Private Equity,50000000.0,420.0,2017,June
750,2017-06-14,Vanitycask,Consumer Internet,Beauty products discovery platform,Mumbai,Rb Investments,Seed Funding,0.0,0.0,2017,June
751,2017-06-14,MrNeeds,Consumer Internet,Micro Food Delivery platform,Noida,3 Undisclosed Investors,Seed Funding,500000.0,4.2,2017,June
752,2017-06-15,MoneyTap,Consumer Internet,Money Lending platform,Bengaluru,"Sequoia India, Nea, Prime Venture Partners",Private Equity,12300000.0,103.32,2017,June
753,2017-06-16,Goodbox,eCommerce,Mobile SAAS\\xc2\\xa0 ECommerce platform for SMEs,Bengaluru,"Nexus Venture Partners, Mekin Maheshwari",Private Equity,1000000.0,8.4,2017,June
754,2017-06-16,Fincash,Consumer Internet,Personal Finance platform,Mumbai,"Mohammed Khan, Sameer Narayan & Others",Seed Funding,100000.0,0.84,2017,June
755,2017-06-16,PortDesk,Technology,Maritime Solutions,Noida,Alphard Maritime Group,Seed Funding,2000000.0,16.8,2017,June
756,2017-06-16,EdgeFx,eCommerce,DIY project Kits seller,Hyderabad,"Cross Border Angels & Experts, Rajasthan Angel Innovators Network, The Chennai Angels",Seed Funding,0.0,0.0,2017,June
757,2017-06-16,EazyDiner,Consumer Internet,Online Restaurant Reservation Platform,Gurugram,Yourwecan Ventures,Seed Funding,0.0,0.0,2017,June
758,2017-06-16,HealthIntel,Healthcare,Online Pharmacy,New Delhi,Blip Initiatives,Seed Funding,0.0,0.0,2017,June
759,2017-06-19,Unbxd,Technology,Cloud-based product discovery platform,Bengaluru,Eight Road Ventures,Private Equity,12500000.0,105.0,2017,June
760,2017-06-19,DarwinBox,Technology,Enterprise human resources management platform,Hyderabad,"Lightspeed India Partners, Endiya Partners, 3One4 Capital Advisors Llp, Startupxseed Ventures Llp",Private Equity,4000000.0,33.6,2017,June
761,2017-06-20,ForeverShop,Consumer Internet,Mobile based ecommerce platform,Bengaluru,91Maker.Com,Seed Funding,300000.0,2.52,2017,June
762,2017-06-20,Insider.in,Consumer Internet,Events Ticketing platform,Mumbai,Paytm,Private Equity,5200000.0,43.68,2017,June
763,2017-06-21,Fynd,eCommerce,Fashion etailer,Mumbai,"Iifl Seed Ventures, Kae Capital, Fj Labs, Singularity Ventures, Growx, Tracxn Labs, Axis Capital",Private Equity,2400000.0,20.16,2017,June
764,2017-06-21,Grow Fit,Consumer Internet,Health-Tech platform,Bengaluru,"Manipal Education And Medical Group, Sar Group, The Grover Trust",Private Equity,4500000.0,37.8,2017,June
765,2017-06-21,Fabulyst,Technology,Artificial Intelligence based platform,Hyderabad,Ibhubs,Seed Funding,215000.0,1.81,2017,June
766,2017-06-21,mSwipe,Technology,Point-of-Sale services,Mumbai,"Uc-Rnt Fund, Matrix Partners, Alcon Edge Capital, Dsg Consumer Partners",Private Equity,31000000.0,260.4,2017,June
767,2017-06-21,OneAssist,Consumer Internet,Credit card fraud protection,Mumbai,Sequoia Capital,Private Equity,0.0,0.0,2017,June
768,2017-06-22,Julia Computing,Technology,Open Source Language for Data Science and Machine Learning,Bengaluru,"General Catalyst, Founder Collective",Private Equity,4600000.0,38.64,2017,June
769,2017-06-22,Kissht,Consumer Internet,Consumer Lending platform,Mumbai,"Endiya Partners, Ventureast",Private Equity,2000000.0,16.8,2017,June
770,2017-06-22,Explore Life traveling,Consumer Internet,Local homes booking platform,Bengaluru,"Mekin Maheshwari, Bharat Vijay, Krish Seshadri, Amar Arsikere",Seed Funding,500000.0,4.2,2017,June
771,2017-06-23,Loantap,Consumer Internet,Lending platform for salaried professionals,Mumbai,"Kae Capital, India Quotient, Ifmr, And Mas Financial Services Ltd",Private Equity,4000000.0,33.6,2017,June
772,2017-06-23,Voxweb,Consumer Internet,Mobile based social networking platform,Mumbai,3 Undisclosed Investors,Seed Funding,1000000.0,8.4,2017,June
773,2017-06-26,HUG Innovations,Technology,Gesture based\\xc2\\xa0 Smartwatch manufacturer,Hyderabad,"Mohit Srivastav, Kishore Ganji, Venkat Vallabhaneni, Rajeev Menon",Private Equity,5000000.0,42.0,2017,June
774,2017-06-26,Flipkart,eCommerce,Online marketplace,Bengaluru,Naspers,Private Equity,71000000.0,596.4,2017,June
775,2017-06-26,V Resorts,Consumer Internet,Holiday & Vacation resort aggregator,Noida,"Seedfund, Rb International",Private Equity,4000000.0,33.6,2017,June
776,2017-06-27,Stashfin,Consumer Internet,Personal Finance App,New Delhi,"Snow Leopard Ventures, Alto Partners",Private Equity,5000000.0,42.0,2017,June
777,2017-06-27,Formcept,Consumer Internet,Unified Data Analysis platform,Bengaluru,Gujarat Venture Finance Ltd,Private Equity,0.0,0.0,2017,June
778,2017-06-27,Spares Hub,eCommerce,Automobile parts marketplace,Pune,"The Chennai Angels, Anthill Scale Ventures, Esvee Technologies Inc, Inc95 Consulting",Seed Funding,311000.0,2.61,2017,June
779,2017-06-28,FiTraQ,Consumer Internet,Fitness Centre Discovery Platform,New Delhi,"Aparup Sengupta, Devendra Reddy,",Seed Funding,0.0,0.0,2017,June
780,2017-06-28,Rubique,Consumer Internet,Online Marketplace for financial products,Mumbai,"Kalaari Capital, Udayan Goyal",Private Equity,3000000.0,25.2,2017,June
781,2017-06-28,Niki.ai,Consumer Internet,AI Based Personal Assistant,Bengaluru,"Sap.Io, Unilazer Ventures",Private Equity,2000000.0,16.8,2017,June
782,2017-06-29,Fitpass,Consumer Internet,Online Fitness Marketplace,New Delhi,"Abhinav Bindra, Gaurav Marya",Private Equity,1000000.0,8.4,2017,June
783,2017-06-29,ZingHR,Technology,"digital employee solutions,",Mumbai,Zeta,Private Equity,0.0,0.0,2017,June
784,2017-06-30,Tagos Design,Technology,in-video discovery platform,Bengaluru,3 Undisclosed Investors,Private Equity,5000000.0,42.0,2017,June
785,2017-06-30,UrbanClap,Consumer Internet,Mobile Services Marketplace,Gurugram,"Vy Capital, Saif Partners, Accel Partner, Bessemer Venture Partners",Private Equity,21000000.0,176.4,2017,June
786,2017-05-01,Ace2three,Consumer Internet,Online Rummy playing Website,Hyderabad,Clairvest Group,Private Equity,73700000.0,619.08,2017,May
787,2017-05-01,Power2SME,eCommerce,Buying portal for SMEs,Gurugram,International Finance Corporation,Private Equity,10000000.0,84.0,2017,May
788,2017-05-02,Innovapptive,Technology,Enterprise Mobility Solutions,Hyderabad,Hyderabad Angels,Seed Funding,1500000.0,12.6,2017,May
789,2017-05-02,4tigo,Logistics,Truck Network company,Bengaluru,"Accel Partners, Nandan Nilekani,",Private Equity,10000000.0,84.0,2017,May
790,2017-05-02,SMECorner,Consumer Internet,Online Platform for small business loans,Mumbai,Dutch Government Fund,Private Equity,0.0,0.0,2017,May
791,2017-05-02,ZippServe,Consumer Internet,Real estate risk assessment platform,Bengaluru,3 Undisclosed Investors,Seed Funding,390000.0,3.28,2017,May
792,2017-05-03,Ola,Consumer Internet,Cab Aggregation App,Bengaluru,"Falcon Edge Capital,\\Xc2\\Xa0 Capital Advisers",Private Equity,104500000.0,877.8,2017,May
793,2017-05-03,Sumeru,Technology,Software & Mobile development services,Bengaluru,3 Undisclosed Investors,Seed Funding,1000000.0,8.4,2017,May
794,2017-05-04,Healthians,Consumer Internet,Online Diagnostics and wellness platform,New Delhi,"Asuka Holdings, Youwecan Ventures, Beenext, Beenos, M&S Partners",Private Equity,0.0,0.0,2017,May
795,2017-05-05,HealthMir,Consumer Internet,AI-based health content platform,New Delhi,Nimit Panigrahi,Seed Funding,0.0,0.0,2017,May
796,2017-05-05,Uactive,Consumer Internet,Health-based social networking & discovery App,Mumbai,Hinduja Family,Seed Funding,0.0,0.0,2017,May
797,2017-05-05,i-lend,Consumer Internet,Peer-to-peer lending platform,Hyderabad,50K Ventures,Seed Funding,0.0,0.0,2017,May
798,2017-05-05,Good Methods Global,Technology,Cloud Based Practice Management Software,Trivandrum,Accel Partners,Private Equity,0.0,0.0,2017,May
799,2017-05-05,Balance App,Consumer Internet,Money Savings & Management App,Bengaluru,Rainmatter,Seed Funding,233000.0,1.96,2017,May
800,2017-05-08,YepMe,eCommerce,Private Label Fashion etailer,Gurugram,"Rainbow Digital Services Pvt. Ltd, Ilearnfinance Academy Pvt. Ltd.",Private Equity,700000.0,5.88,2017,May
801,2017-05-08,Nightstay,Consumer Internet,Last minute hotel booking mobile app,New Delhi,"Indian Angels Network, Letsventure",Seed Funding,0.0,0.0,2017,May
802,2017-05-08,Devourin,Technology,Restaurant Automation Solution,Pune,Deepak Nathani,Seed Funding,0.0,0.0,2017,May
803,2017-05-08,MyGreens,Food & Beverage,Cold-press Juices manufacturer,New Delhi,"Ajay Relan, Letsventure",Seed Funding,1000000.0,8.4,2017,May
804,2017-05-08,Ace Turtle,Technology,Omni-Channel Platform,Bengaluru,"Vertex Ventures, C31 Ventures",Private Equity,5000000.0,42.0,2017,May
805,2017-05-08,CureFit,Technology,Health-Tech Platform,Bengaluru,"Trifecta Capital Advisors Llp, Prathithi Investment Trust, Rnt Capital, Gokul Rajaram, Aditya Agarwal, Ruchi Sanghvi & Others",Private Equity,3200000.0,26.88,2017,May
806,2017-05-09,Curie Labs,Technology,Energy Analytics startup,New Delhi,Satoshi Studios,Seed Funding,50000.0,0.42,2017,May
807,2017-05-09,Uncanny Vision,Technology,Computer Vision on Embedded Systems,Bengaluru,Anand Chandrasekaran,Seed Funding,0.0,0.0,2017,May
808,2017-05-09,Anchanto,Technology,Ecommerce Fulfilment and Technology Platform,Pune,Luxasia Group,Private Equity,0.0,0.0,2017,May
809,2017-05-09,Sequretek,Technology,IT Security & Data Management Services,Mumbai,"Gvfl, Unicorn India Ventures",Private Equity,0.0,0.0,2017,May
810,2017-05-10,Lucideus,Technology,Cyber Security Startup,New Delhi,"Vellayan Subbiah, Jonathan Boutelle, Rajan Anandan,\\Xc2\\Xa0 Rahul Chawla, Salil Donde, Amit Ranjan, Govind Rajan & Others",Seed Funding,0.0,0.0,2017,May
811,2017-05-10,Vidooly,Consumer Internet,Video Intelligence platform,Noida,"Times Internet, Gvfl",Private Equity,1400000.0,11.76,2017,May
812,2017-05-10,Shopclues,eCommerce,Online marketplace,Gurugram,Innoven Capital,Private Equity,7700000.0,64.68,2017,May
813,2017-05-10,Fourth Ambit,Consumer Internet,Community Building platform,Bengaluru,1Crowd,Seed Funding,600000.0,5.04,2017,May
814,2017-05-10,Chymera VR,Technology,Advertising Platform for Virtual Reality,Bengaluru,"Varsha Rao, Surojit Chatterjee, Nirav Choksi & Others",Seed Funding,0.0,0.0,2017,May
815,2017-05-11,Early Salary,Consumer Internet,Online lending platform,Pune,"Dg Ventures India, Dewan Housing Finance Corp",Private Equity,4000000.0,33.6,2017,May
816,2017-05-11,Book My Diamond,eCommerce,Diamond B2B eTailer,Mumbai,Chirag Nikunj Sheth & Others,Seed Funding,0.0,0.0,2017,May
817,2017-05-11,ION Energy,Technology,Clean Tech Startup,Mumbai,"Aakrit Vaish, Swapan Rajdev, Sushill Jiwarajka",Seed Funding,0.0,0.0,2017,May
818,2017-05-12,Legal Raasta,Consumer Internet,Legal Services to SMEs & Individuals,New Delhi,Impanix Capital,Private Equity,5000000.0,42.0,2017,May
819,2017-05-12,Log 9 Materials,Technology,NanoTech product developer,Bengaluru,Gems,Seed Funding,0.0,0.0,2017,May
820,2017-05-12,Remit Guru,Consumer Internet,Digital money transfer platform,Mumbai,"Infibeam, Ccavenue",Private Equity,466000.0,3.91,2017,May
821,2017-05-12,Aequm,eCommerce,Cloud ECommerce platform,Bengaluru,3 Undisclosed Investors,Seed Funding,1000000.0,8.4,2017,May
822,2017-05-15,Zapty,Technology,Project Management tool,Bengaluru,Ideaspring Capital,Seed Funding,500000.0,4.2,2017,May
823,2017-05-15,Vernacular.ai,Technology,Multi-lingual AI Platform for Businesses,Bengaluru,Kstart Capital,Seed Funding,0.0,0.0,2017,May
824,2017-05-16,Niki.ai,Technology,AI-based chatbot,Bengaluru,Sap,Private Equity,0.0,0.0,2017,May
825,2017-05-16,Telr,Technology,Online Payment Gateway,Mumbai,Innovations East,Private Equity,3000000.0,25.2,2017,May
826,2017-05-16,Fynd,eCommerce,Fashion ECommerce Portal,Mumbai,Rocketship,Private Equity,500000.0,4.2,2017,May
827,2017-05-17,Genie,Consumer Internet,hyperlocal delivery and logistics mobile app,Chennai,3 Undisclosed Investors,Seed Funding,250000.0,2.1,2017,May
828,2017-05-17,Paysense,Consumer Internet,Online Lending platform,Mumbai,Jungle Ventures,Private Equity,5300000.0,44.52,2017,May
829,2017-05-18,The Good Life,ECommerce,Online Luxury Tea etailer,Mumbai,"Ayesha Takia Azmi, Abu Farhan Azmi",Seed Funding,1000000.0,8.4,2017,May
830,2017-05-18,PumpKart,eCommerce,Online Water Pumps etailer,Chandigarh,Dr. Ritesh Malik,Seed Funding,0.0,0.0,2017,May
831,2017-05-18,Paytm,ECommerce,Mobile Wallet & ECommerce platform,Bengaluru,Softbank Group,Private Equity,1400000000.0,11760.0,2017,May
832,2017-05-19,EzCred,Consumer Internet,Consumer Lending Platform,Bengaluru,"Dheeraj Pandey, Rajesh Yohannan, Akash Garg",Seed Funding,1000000.0,8.4,2017,May
833,2017-05-19,HealthSutra,Food & Beverage,Health Food Maker,Hyderabad,"Ankur Capital, Hyderabad Angels",Seed Funding,0.0,0.0,2017,May
834,2017-05-20,YepMe,eCommerce,Private Fashion Brand etailer,New Delhi,Gokaldas Exports Ltd,Private Equity,0.0,0.0,2017,May
835,2017-05-22,Delhivery,Logistics,ECommerce Logistics provider,New Delhi,Fosun International,Private Equity,30000000.0,252.0,2017,May
836,2017-05-22,ZipGrid,Consumer Internet,"Cashless, paperless solutions for Housing societies",Mumbai,"Jll, 1Crowd",Seed Funding,500000.0,4.2,2017,May
837,2017-05-23,TravelSpice,ECommerce,Travel ECommerce portal,Hyderabad,Eagle10 Ventures,Seed Funding,0.0,0.0,2017,May
838,2017-05-23,Magicpin,Consumer Internet,Hyperlocal discovery platform,Gurugram,"Lightspeed Venture Partners, Vy Capital,",Private Equity,6600000.0,55.44,2017,May
839,2017-05-23,The Print,Consumer Internet,News Portal,New Delhi,"Ratan Tata, Nandan Nilekani, Uday Kotak, Vijay Shekhar Sharma, Kiran Mazumdar-Shaw, Rajiv C Mody",Seed Funding,0.0,0.0,2017,May
840,2017-05-23,Box8,Consumer Internet,Food Delivery Platform,Mumbai,Trifecta Capital,Private Equity,1000000.0,8.4,2017,May
841,2017-05-24,GenNext Students,Consumer Internet,Online Tutoring Services,Mumbai,3 Undisclosed Investors,Seed Funding,580000.0,4.87,2017,May
842,2017-05-25,Aye Finance,Finance,Non-Banking Financial Company,Gurugram,Blue Orchard,Private Equity,8000000.0,67.2,2017,May
843,2017-05-26,WhatsLoan,Consumer Internet,Online Lending mobile app,Bengaluru,Lahiri Music\\Xe2\\X80\\X99S Family Office,Seed Funding,0.0,0.0,2017,May
844,2017-05-29,Cube Consumer Services,Consumer Internet,Finance management Mobile app,Mumbai,Undisclosed,Seed Funding,0.0,0.0,2017,May
845,2017-05-29,Nivesh,Consumer Internet,Online MF investment platform,Noida,"Pv Sahad, Sandeep Shroff, Rahul Gupta",Seed Funding,0.0,0.0,2017,May
846,2017-05-29,Wowflux,Technology,image Processing solution,New Delhi,3 Undisclosed Investors,Seed Funding,0.0,0.0,2017,May
847,2017-05-29,Collateral Medical,eCommerce,Online Medical equipment supplier,Mumbai,Carpediem Capital,Private Equity,3500000.0,29.4,2017,May
848,2017-05-30,Loadshare,Logistics,Express Logistics Network,Bengaluru,Matrix Partners,Seed Funding,0.0,0.0,2017,May
849,2017-05-30,SimpliLend,Consumer Internet,Online lending platform,New Delhi,3 Undisclosed Investors,Seed Funding,0.0,0.0,2017,May
850,2017-05-30,Supr Daily,Consumer Internet,Subscription based delivery platform,Mumbai,"Soma Capital, Great Oaks Ventures, 122 West Ventures",Private Equity,1500000.0,12.6,2017,May
851,2017-05-30,Swiggy,Consumer Internet,Online food delivery platform,Bengaluru,"Nasper, Accel India, Saif Partners, Bessemer Venture Partners, Harmony Partners, Norwest Venture Partners",Private Equity,80000000.0,672.0,2017,May
852,2017-05-31,SastaSundar,eCommerce,Online Pharmacy,Kolkata,Rohto Pharmaceutical,Private Equity,5000000.0,42.0,2017,May
853,2017-05-31,Magicpin,Consumer Internet,Hyperlocal Discovery\\xc2\\xa0 & Rewards platform,Gurugram,"Lightspeed India Partners, Waterbridge Ventures",Private Equity,7000000.0,58.8,2017,May
854,2017-04-01,Cashe,Consumer Internet,Online & Mobile based Lending platform,Mumbai,"Mathew Cyriac, Florintree Advisors,",Private Equity,3800000.0,31.92,2017,April
855,2017-04-03,Eruditus,Education,Executive Education Provider,Mumbai,Bertelsmann India,Private Equity,8200000.0,68.88,2017,April
856,2017-04-03,TestBook,Consumer Internet,Online Test Preparation Platform,Mumbai,Matrix Partners India,Private Equity,0.0,0.0,2017,April
857,2017-04-03,Healthcare at Home,Healthcare,Home Healthcare Provider,Noida,Quadria Capital Advisors,Private Equity,40000000.0,336.0,2017,April
858,2017-04-03,Tyre Express,Technology,Enterprise IoT solutions For Tyre Performance,Mumbai,Rohitash Gupta,Seed Funding,0.0,0.0,2017,April
859,2017-04-03,SmartCoin,Consumer Internet,Micro Lending platform,Bengaluru,Unicorn India Ventures & Others,Private Equity,0.0,0.0,2017,April
860,2017-04-04,WayCool,Food & Beverage,Fresh-Produce Distribution Platform,Chennai,Aspada Investments,Private Equity,2700000.0,22.68,2017,April
861,2017-04-04,Perfios,Technology,Fin-Tech Solutions,Bengaluru,Bessemer Venture Partners,Private Equity,6100000.0,51.24,2017,April
862,2017-04-04,Whatfix,Technology,Interactive Tech-Support Guides,Bengaluru,"Stellaris Venture Partners, Helion Venture Partners, Powerhouse Ventures, Gokul Rajaram, Girish Mathrubootham, Aneesh Reddy, Vispi Daver",Private Equity,3690000.0,31.0,2017,April
863,2017-04-04,ElastiRun,Technology,App based Logistics & Distribution platform,Pune,"Kalaari Capital, Norwest Venture Partners",Private Equity,7000000.0,58.8,2017,April
864,2017-04-04,Trukky,Consumer Internet,Online Truck Aggregator & Booking platform,Ahmedabad,"Keyur Joshi, Pavan Bakeri",Seed Funding,500000.0,4.2,2017,April
865,2017-04-04,Konsult App,Consumer Internet,App based Doctor Consulting platform,New Delhi,"Koen Bouwers, Lomesh Agarwal, Jeroen Mensen, Pablo Van Den Bosch & Others",Seed Funding,500000.0,4.2,2017,April
866,2017-04-05,Credit Sudhaar,Consumer Internet,Credit Score Improvement platform,Mumbai,"Deepak Kulkarni, Sandeep Pangal",Seed Funding,0.0,0.0,2017,April
867,2017-04-05,Fingerlix,Consumer Internet,Food Delivery Platform,Mumbai,Zephyr Peacock India,Private Equity,3000000.0,25.2,2017,April
868,2017-04-05,DataWeave,Technology,Business Intelligence Solutions,Bengaluru,"Freakout Group, Blume Ventures, Herb Madan, Waterbridge Ventures",Private Equity,0.0,0.0,2017,April
869,2017-04-06,Medwell Ventures,Healthcare,Home-Based Healthcare provider,Bengaluru,"Mahindra Partners, Eight Roads Ventures, F-Prime Capital Partners",Private Equity,21000000.0,176.4,2017,April
870,2017-04-06,Mech Mocha,Consumer Internet,Mobile gaming startup,Bengaluru,"Accel Partners, Shunwei Capital",Private Equity,5000000.0,42.0,2017,April
871,2017-04-07,Startup Buddy,Consumer Internet,Startup Support Platform,Gurugram,Yourwecan Ventures,Seed Funding,0.0,0.0,2017,April
872,2017-04-07,QorQI,Healthcare,Online Healthcare provider,Noida,Paytm,Seed Funding,0.0,0.0,2017,April
873,2017-04-07,Twenty Two Motors,Technology,Smart Scooter manufacturer,Gurugram,"Ishwar Singh,Farhaan Shabbir",Seed Funding,0.0,0.0,2017,April
874,2017-04-07,PharmEasy,eCommerce,Online Pharmacy,Mumbai,"Bessemer Venture Partners, Orios Venture Partners, Trifecta Capital,",Private Equity,18000000.0,151.2,2017,April
875,2017-04-08,WonderChef,eCommerce,Online marketplace for kitchen products,Mumbai,Labruyere Eberl\\Xc3\\Xa9,Private Equity,0.0,0.0,2017,April
876,2017-04-08,FastFox,Consumer Internet,Online rental discovery platform,Gurugram,"Lightspeed India Partners, Blume Ventures, Cyberagent Ventures, Growx Ventures, Imj Investment Partners",Private Equity,4600000.0,38.64,2017,April
877,2017-04-10,Omnify,Technology,SaaS platform for SMEs,Bengaluru,"Rajan Anandan, L.D Sharma, Saurabh Arora",Seed Funding,150000.0,1.26,2017,April
878,2017-04-10,Capital Float,Consumer Internet,Online Lending Platform for SME,Bengaluru,Mahindra And Mahindra Financial Services,Private Equity,2300000.0,19.32,2017,April
879,2017-04-11,Ninjacart,eCommerce,B2B agri-marketing platform,Bengaluru,"Accel Partners, Nandan Nilekani\\Xe2\\X80\\X99S Nrjn Trust, Mistletoe, Qualcomm Ventures, M&S Partners",Private Equity,5500000.0,46.2,2017,April
880,2017-04-11,MergerWare,Technology,Software solutions for M&As,Bengaluru,Philippe Bouchet,Seed Funding,100000.0,0.84,2017,April
881,2017-04-11,Sports Flashes,Consumer Internet,Online Sports portal & Mobile app,New Delhi,"Sushil Kumar, Sandeep Singh",Seed Funding,0.0,0.0,2017,April
882,2017-04-12,Clovia,eCommerce,Online lingerie & Sleepwear etailer,New Delhi,"Ivycap Ventures Advisors, Singularity Ventures And Ravi Dhariwal",Private Equity,4000000.0,33.6,2017,April
883,2017-04-12,Emiza,Logistics,Third Party Logistics provider,Mumbai,"Mayfield, Nishant Rao, Dileep Nath",Private Equity,4500000.0,37.8,2017,April
884,2017-04-12,HackerEarth,Consumer Internet,Online Skill Assessment Platform,Bengaluru,"Dhi Group Inc, Prime Venture Partners, Beenext, Beenos, Digital Garage, Bizreach",Private Equity,4500000.0,37.8,2017,April
885,2017-04-12,Squadrun,Technology,Software-As-a-Service Platform,Noida,"Blume Ventures, Contrarian Capital, 91Springboard, Emergent Ventures, Abstract Ventures, Anthill Ventures, Axilor Ventures",Private Equity,2100000.0,17.64,2017,April
886,2017-04-12,Tinmen,Consumer Internet,Food Delivery Platform,Hyderabad,"Mape Advisory Group, R Ramaraj, Corvus Ventures",Seed Funding,0.0,0.0,2017,April
887,2017-04-12,ScoutMyTrip,Consumer Internet,Online Travel planner,Mumbai,Z Nation Lab,Seed Funding,0.0,0.0,2017,April
888,2017-04-13,SafetyKart,eCommerce,Safety & Hygiene Products etailer,Gurugram,Redcliffe Capital,Private Equity,0.0,0.0,2017,April
889,2017-04-13,WeAreHolidays,Consumer Internet,Travel Packages & Planner marketplace,Gurugram,"Urrshila Kerkar,",Private Equity,7700000.0,64.68,2017,April
890,2017-04-14,Ola Cabs,Consumer Internet,Cab Aggregator App,Bengaluru,Simi Pacific Pte,Private Equity,260000000.0,2184.0,2017,April
891,2017-04-15,Myly,Consumer Internet,Mobile App for Schools,Jaipur,Mall Industries Development Bank Of India,Seed Funding,310000.0,2.6,2017,April
892,2017-04-17,CrediHealth,Consumer Internet,Online Medical Assistance platform,Gurugram,"Tolaram Inc, Mountain Pine Capital",Private Equity,1500000.0,12.6,2017,April
893,2017-04-17,Navia Life Care,Technology,Health Technology platform,New Delhi,Benori Ventures Llp,Seed Funding,0.0,0.0,2017,April
894,2017-04-17,Raw Pressery,Food & Beverages,Raw Pressed Juices manufacturer,Mumbai,Jacqueline Fernandez,Seed Funding,0.0,0.0,2017,April
895,2017-04-17,Snackible,Food & Beverages,Healthy Snacks manufacturer,Mumbai,"Nibhrant Shah, Anandbir Singh, Anirudh Sheth, Pratik Singhi, Vikram Mehta, Murali Nair",Seed Funding,175000.0,1.47,2017,April
896,2017-04-17,Be U Salons,Consumer Internet,Online Salon discovery & Booking Services,New Delhi,"Gaurav Kachru, Sundeep Singh Sahni, Jatin Aneja, Arun Malhotra",Seed Funding,620000.0,5.21,2017,April
897,2017-04-17,Simulanis,Consumer Internet,eLearning & Skills Development plat,New Delhi,Village Capital,Seed Funding,0.0,0.0,2017,April
898,2017-04-17,LendingKart,Consumer Internet,Lending platform for small businesses,Ahmedabad,Anicut Capital,Private Equity,4650000.0,39.06,2017,April
899,2017-04-18,Innefu Security Consulting,Technology,Cyber Security solutions using AI,New Delhi,Indianivesh Venture Capital Fund,Private Equity,2000000.0,16.8,2017,April
900,2017-04-18,Whodat,Technology,Markerless AR platform,Bengaluru,Ideaspring Capital,Private Equity,600000.0,5.04,2017,April
901,2017-04-18,Absentia VR,Technology,Virtual Reality Startup,Bengaluru,Exfinity Venture Partners,Private Equity,1250000.0,10.5,2017,April
902,2017-04-19,IOTrek,Technology,IoT Platform for Bus,New Delhi,3 Undisclosed Investors,Seed Funding,155000.0,1.3,2017,April
903,2017-04-20,HolaChef,Consumer Internet,Online Food Delivery,Mumbai,"Sidbi Venture Capital Ltd, Kalaari Capital",Private Equity,3000000.0,25.2,2017,April
904,2017-04-20,Wooplr,eCommerce,Social Commerce\\xc2\\xa0 Fashion platform,Bengaluru,Ankit Nagori,Private Equity,0.0,0.0,2017,April
905,2017-04-21,Video Ken,Consumer Internet,Video Based Collaborative Learning,Bengaluru,"Ravi Garikipati, Surot Chatterjee, Ashish Agrawal, Lg Chandrasekhar, Sashi Reddi",Seed Funding,1000000.0,8.4,2017,April
906,2017-04-24,Faasos,Food & Beverage,QSR chain and online food delivery,Pune,"Ligthbox Ventures Ii, Lightbox Expansion Fund, Sequoia Capital India, Runet South Asia, Rb Investments",Private Equity,6300000.0,52.92,2017,April
907,2017-04-24,Oyo Rooms,Consumer Internet,Branded Budget Hotels Aggregator,Gurugram,"Softbank Vision Fund, Lightspeed Venture Partners, Sequoia Capital India Advisors, Greenoaks Capital Partners",Private Equity,250000000.0,2100.0,2017,April
908,2017-04-24,Toppr,Consumer Internet,Learning mobile app for students,Mumbai,Wgg International,Private Equity,3200000.0,26.88,2017,April
909,2017-04-24,Niramai,Healthcare,Breast Cancer Screening Solutions,Bengaluru,"Pi Ventures, Axilor Ventures, 500 Startups, Binny Bansal",Seed Funding,0.0,0.0,2017,April
910,2017-04-25,The Office Pass,Consumer Internet,CoWorking Spaces booking platform,Gurugram,"Arun Tadanki, Aditya Verma",Seed Funding,245000.0,2.06,2017,April
911,2017-04-25,UrbanClap,Consumer Internet,Mobile Services Marketplace,Gurugram,Trifecta Capital,Private Equity,3100000.0,26.04,2017,April
912,2017-04-26,Awfis,Consumer Internet,Collaborative co-Working Spaces,Mumbai,Sequoia India,Private Equity,20000000.0,168.0,2017,April
913,2017-04-26,Myra,Consumer Internet,Online Pharmacy,Bengaluru,"Times Internet,Matrix Partners",Private Equity,0.0,0.0,2017,April
914,2017-04-26,Flytxt,Technology,Customer data analytics software,Mumbai,Dah Beteiligungs Gmbh,Private Equity,11000000.0,92.4,2017,April
915,2017-04-26,Howdy Ventures,Consumer Internet,Public and Private Events creation app,Chennai,S. Xavier Britto,Seed Funding,1500000.0,12.6,2017,April
916,2017-04-26,StalkBuyLove,eCommerce,Online fashion marketplace,New Delhi,Trifecta Capital,Private Equity,1000000.0,8.4,2017,April
917,2017-04-26,ZipGo,Consumer Internet,Bus Pooling services platform,Bengaluru,"Orios Ventures Partners, Team Builder Ventures, Omidyar Networks",Private Equity,0.0,0.0,2017,April
918,2017-04-27,Scootsy,Consumer Internet,On-Demand Food Delivery,Mumbai,"Agnus Capital, Khattar Holdings",Private Equity,3600000.0,30.24,2017,April
919,2017-04-27,Autobix,Technology,Software Solutions for Auto Dealership,Pune,Gardx International,Seed Funding,0.0,0.0,2017,April
920,2017-04-27,eShiksha,Technology,Education Institution Management Solutions,Jaipur,Cross Border Angels & Experts,Seed Funding,0.0,0.0,2017,April
921,2017-04-27,iNurture,Consumer Internet,Online Educational courses,Bengaluru,Blacksoil Capital Pvt Ltd,Private Equity,1500000.0,12.6,2017,April
922,2017-04-28,Sepalika,Consumer Internet,Healthcare related content platform,New Delhi,Accel Partners,Seed Funding,750000.0,6.3,2017,April
923,2017-04-28,Mintwalk,Consumer Internet,Financial advisory mobile app,Mumbai,Poshika Financial Ecosystem,Seed Funding,0.0,0.0,2017,April
924,2017-04-29,Qriyo,Consumer Internet,Tutor Discovery & Booking platform,Jaipur,Nb Ventures,Private Equity,0.0,0.0,2017,April
925,2017-03-01,Ola,Consumer Internet,App based cab aggregator,Bengaluru,Softbank Group Corp,Private Equity,330000000.0,2772.0,2017,March
926,2017-03-01,Belong,Consumer Internet,Online Jon Portal,Bengaluru,Sequoia Capital India,Private Equity,10000000.0,84.0,2017,March
927,2017-03-01,Seenit,Consumer Internet,AI based Fashion Search Portal,Kolkata,"Calcutta Angels Network, Augment Ventures",Seed Funding,0.0,0.0,2017,March
928,2017-03-01,Paalak,ECommerce,Fresh Produce Selling portal,New Delhi,"Vishwadeep Bajaj, Harsh Kundra, Nandkumar Rane, Ln Buddharaju, Anupam Tyagi",Seed Funding,0.0,0.0,2017,March
929,2017-03-02,Celes Care,Consumer Internet,Women Healthcare & Information portal,Hyderabad,"Ventureast, Endiya Partners, Eight Roads Ventures, F-Prime Capital Partners",Private Equity,1500000.0,12.6,2017,March
930,2017-03-02,Karomi,Technology,Packaging Artwork Management software,Chennai,Ideaspring Capital,Seed Funding,500000.0,4.2,2017,March
931,2017-03-02,Red Carpet,Consumer Internet,Micro Lending platform,Gurugram,Lightspeed Venture Partners,Private Equity,2500000.0,21.0,2017,March
932,2017-03-02,Kreate Konnect,Technology,End-to-End Seller e-commerce solutions Provider,Vadodara,Langoor,Seed Funding,0.0,0.0,2017,March
933,2017-03-02,CreditMantri,Consumer Internet,Online Credit score & lending platform,Chennai,Quona Capital,Private Equity,7600000.0,63.84,2017,March
934,2017-03-03,Lets Endorse,Consumer Internet,Online Ecosystem of social innovators,Bengaluru,"Chandigarh Angels Network, Social Alpha And Other Unnamed Angel Investors",Seed Funding,0.0,0.0,2017,March
935,2017-03-03,Tydy,Technology,Employee Onboarding and Engagement platform,Bengaluru,"Bhupen Shah, Jayesh Parekh, Sanjay Sathe",Seed Funding,275000.0,2.31,2017,March
936,2017-03-03,Nactus,Consumer Internet,Professional Tutors discovery & booking mobile app,Jaipur,"Sandeep Aggarwal, Gautam Chhaochharia, R Balachandar",Seed Funding,0.0,0.0,2017,March
937,2017-03-03,Oho Shop,Technology,eCommerce Mobile App Builder,Ahmedabad,Bennett Coleman And Company Ltd,Private Equity,6700000.0,56.28,2017,March
938,2017-03-03,Emojifi,Consumer Internet,Mobile App for live emoji,Hyderabad,Undisclosed Angel Investors,Seed Funding,0.0,0.0,2017,March
939,2017-03-03,Paytm Marketplace,ECommerce,ECommerce Marketplace,Bengaluru,Alibaba,Private Equity,200000000.0,1680.0,2017,March
940,2017-03-04,iGenetics,Healthcare,Health Diagnostic Solutions,Mumbai,Cdc Group Plc,Private Equity,19500000.0,163.8,2017,March
941,2017-03-06,Juno Clinic,Consumer Internet,Online Counseling Platform,Mumbai,Atul Nishar,Seed Funding,1200000.0,10.08,2017,March
942,2017-03-06,Summerlabel,Consumer Internet,Fashion and Lifestyle discovery platform,Gurugram,"Aneesh Seth, Tushar Mittal",Seed Funding,150000.0,1.26,2017,March
943,2017-03-06,PickMe,Consumer Internet,Gadget Insurance & Repair Services platform,Mumbai,Hcs Venture Capital Fund,Private Equity,1790000.0,15.04,2017,March
944,2017-03-07,Agrostar,Technology,Direct-to-Farmer Mobile-Based Retail platform,Pune,Accel Partners,Private Equity,10000000.0,84.0,2017,March
945,2017-03-07,Zapr,Technology,"DSP, TV Analytics & Cross-Platform advertising",Bengaluru,Star India Pvt Ltd,Private Equity,10000000.0,84.0,2017,March
946,2017-03-07,Data Resolve,Technology,Cyber Security Solutions,Noida,Idfc Parampara Early Stage Opportunities Fund,Private Equity,1000000.0,8.4,2017,March
947,2017-03-07,Book Servicing,Consumer Internet,Online Vehicle Services Booking platform,New Delhi,National Science And Technology Entrepreneurship Development Board,Seed Funding,30000.0,0.25,2017,March
948,2017-03-07,Blowhorn,Consumer Internet,Intra-City Logistics provider,Bengaluru,"Idg Ventures India, Michael & Susan Dell Foundation, Draper Associates, Unitus Seed Fund",Private Equity,3650000.0,30.66,2017,March
949,2017-03-08,Rivigo,Logistics,Technology Enabled Logistics Company,Gurugram,Private Sector Banks,Private Equity,15000000.0,126.0,2017,March
950,2017-03-08,PipeCandy,Technology,Intelligent Sales Prospecting Platform,Chennai,"Idg Ventures, Axilor Ventures, Emergent Ventures, Indian Angel Network",Seed Funding,1100000.0,9.24,2017,March
951,2017-03-08,Supr Daily,Consumer Internet,Subscription based Home Delivery Platform,Mumbai,Y Combinator,Seed Funding,120000.0,1.01,2017,March
952,2017-03-08,Parentune,Consumer Internet,Online Community for Parents,Gurugram,"Kae Capital, Segnel Ventures",Private Equity,0.0,0.0,2017,March
953,2017-03-09,AppBrowzer,Consumer Internet,Instant Mobile Apps Store,Bengaluru,Deepak Gurnani,Seed Funding,500000.0,4.2,2017,March
954,2017-03-09,MagicBricks,Consumer Internet,Online Real Estate Portal,Mumbai,Times Internet Ltd,Private Equity,4500000.0,37.8,2017,March
955,2017-03-10,PeeBuddy,Healthcare,Female Hygiene product manufacturer,New Delhi,"Idg, Indian Angel Network",Seed Funding,443000.0,3.72,2017,March
956,2017-03-10,iOrderFresh,ECommerce,Online fresh fruits and grocery store,New Delhi,Singapore Angel Network,Seed Funding,0.0,0.0,2017,March
957,2017-03-10,Lavelle Networks,Technology,SDN Solutions,Bengaluru,Ideaspring Capital,Seed Funding,600000.0,5.04,2017,March
958,2017-03-10,PropertyShare,Consumer Internet,Fractional Proerty Ownership & Rental platform,Bengaluru,"Asuka, Pravega Ventures, Beenext",Seed Funding,0.0,0.0,2017,March
959,2017-03-14,MyDermacy,Consumer Internet,Online Dermatology consultation platform,New Delhi,Cyber Carrier,Private Equity,0.0,0.0,2017,March
960,2017-03-15,LatestOne,eCommerce,Tech Accessories e-tailer,Hyderabad,"Florintree, Mathew Cyriac, Chidambaram Palaniappan, Bharat Sheth",Private Equity,3350000.0,28.14,2017,March
961,2017-03-15,Frapperz,Consumer Internet,On-demand home services provider,Kolkata,3 Undisclosed Investors,Seed Funding,100000.0,0.84,2017,March
962,2017-03-16,mPaani,Consumer Internet,Loyalty rewards app,Mumbai,"Idg Ventures, Blume Ventures, Saha Fund,",Private Equity,1350000.0,11.34,2017,March
963,2017-03-16,ShilpMIS,Technology,Virtual Reality platform,Surat,"Puneet Gupta, Nimitt Desai & Others",Seed Funding,0.0,0.0,2017,March
964,2017-03-16,POPxo,Consumer Internet,Digital Media publication for women,New Delhi,"Gree Ventures, Kalaari Capital And Idg Ventures India, Summit Media, Atul Goel, And Gurpreet Singh",Private Equity,3100000.0,26.04,2017,March
965,2017-03-16,Fitso,Consumer Internet,Fitness Mobile App,Gurugram,"Sujeet Kumar, Bhupender Singh, Yashish Dhaiya",Seed Funding,200000.0,1.68,2017,March
966,2017-03-17,FarMart,Technology,Farming rental equipment provider,Gurugram,"Idg, Indian Angel Network",Seed Funding,0.0,0.0,2017,March
967,2017-03-21,Flipkart,eCommerce,ECommerce Marketplace,Bengaluru,"Microsoft, Ebay, Tencent Holdings",Private Equity,1400000000.0,11760.0,2017,March
968,2017-03-21,Airpay,Technology,Online payment Gateway,Mumbai,"Kalaari Capital, Rakesh And Rajesh Jhunjhunwala",Private Equity,3670000.0,30.83,2017,March
969,2017-03-21,MyGlamm,Consumer Internet,On-Demand Beauty Services,Mumbai,L\\Xe2\\X80\\X99Occitane,Private Equity,5300000.0,44.52,2017,March
970,2017-03-22,The Mons Co.,eCommerce,Pregnancy & Baby Care etailer,New Delhi,"Shripad Nadkarni, Nandu Nandkishore",Seed Funding,0.0,0.0,2017,March
971,2017-03-22,Haqdarshak,Consumer Internet,Tech-Enabled Social Enterprise,Bengaluru,"Ravi Saxena, Sandeep Raju,",Seed Funding,191000.0,1.6,2017,March
972,2017-03-23,Ixigo,Consumer Internet,Online Travel Search Engine,Gurugram,"Sequoia Capital, Kinzon Capital",Private Equity,15000000.0,126.0,2017,March
973,2017-03-23,Markets and Markets,Technology,Marketing Research Company,Pune,"Ftv Capital, Zodius Capital",Private Equity,56000000.0,470.4,2017,March
974,2017-03-24,Bizom,Technology,supply chain automation platform,Bengaluru,Jsw Ventures,Seed Funding,382000.0,3.21,2017,March
975,2017-03-24,BabyonBoard,Consumer Internet,Parenting Mobile App,Bengaluru,"Mahavir Sharma, Vishal Jain, Rohit Sethi, Gaurav Luniya",Seed Funding,0.0,0.0,2017,March
976,2017-03-24,Delhivery,Technology,Tech enabled Fulfilment & Logistics Solutions,New Delhi,"Carlyle Group, Tiger Global",Private Equity,100000000.0,840.0,2017,March
977,2017-03-27,Sport Flashes,Consumer Internet,Sports Based Online Media portal,New Delhi,"Vikas Bajaj, Amit Kharbanda,",Seed Funding,0.0,0.0,2017,March
978,2017-03-28,Fynd,ECommerce,Online fashion marketplace,Mumbai,Venture Catalysts,Private Equity,500000.0,4.2,2017,March
979,2017-03-28,Wigzo,Technology,Enterprise Automation suite,New Delhi,3One4 Capital,Private Equity,0.0,0.0,2017,March
980,2017-03-28,DoneThing,Consumer Internet,On-demand Personal Assistant service,Gurugram,Brand Capital,Private Equity,300000.0,2.52,2017,March
981,2017-03-29,Zapyle,ECommerce,Luxury Fashion Marketplace,Bengaluru,3 Undisclosed Investors,Seed Funding,0.0,0.0,2017,March
982,2017-03-29,Ithaka,Consumer Internet,Vacation Trip Planning platform,Mumbai,"Ankit Gupta, Puneet Motihar",Seed Funding,325000.0,2.73,2017,March
983,2017-03-29,perpule,eCommerce,Self-Checkout ECommerce App,Bengaluru,Kstart Capital,Seed Funding,650000.0,5.46,2017,March
984,2017-03-29,Byju\\xe2\\x80\\x99s,Consumer Internet,Online Education Platform,Bengaluru,Verlinvest,Private Equity,0.0,0.0,2017,March
985,2017-03-29,Licious,ECommerce,Online Meat Ordering platform,Bengaluru,"Mayfield India, 3One4 Capital, Sistema Asia Fund, Neoplux Technology Fund",Private Equity,10000000.0,84.0,2017,March
986,2017-03-29,Medinfi,Consumer Internet,Doctor & Hospital search Platform,Bengaluru,"Vinod Martin, Hemant Kaul, Prof. Ram Kumar Kakani & Others",Seed Funding,50000.0,0.42,2017,March
987,2017-03-30,Indus OS,Technology,Mobile OS creator,Mumbai,"Jsw Ventures, Ventureast",Private Equity,0.0,0.0,2017,March
988,2017-03-30,Emflux Motors,Technology,Electric Motorcycle manufacturer,Bengaluru,"Meher Roy, Nikhil Arora, Meet Kanodia, Krit Sankalp, Nitish Singh, Risabh Gupta",Seed Funding,0.0,0.0,2017,March
989,2017-03-30,Klinic App,Consumer Internet,Pathology & Diagnostic Tests Portal,Gurugram,Om Chaudhry,Seed Funding,0.0,0.0,2017,March
990,2017-03-31,Jhakaas,Consumer Internet,Offline Business Aggregator App,Mumbai,"Malini Patel, Stelcore Management Services, Anjani Prasad",Seed Funding,155000.0,1.3,2017,March
991,2017-03-31,Oriano Solar,Technology,Turnkey Solar Solutions,Mumbai,Samridhi Fund,Private Equity,3000000.0,25.2,2017,March
992,2017-03-31,BigBasket,ECommerce,Online Grocer,Bengaluru,Trifecta Capital,Private Equity,7000000.0,58.8,2017,March
993,2017-03-31,Rooter,Consumer Internet,Sports engagement platform,New Delhi,Intex Technologies,Private Equity,0.0,0.0,2017,March
994,2017-03-31,FalconBrick,Technology,Real-Estate Workflow mobile app,Bengaluru,"Satveer Thakral, Letsventure, Mumbai Angels",Seed Funding,0.0,0.0,2017,March
995,2017-03-31,Icertis,Technology,ERP solutions provider,Pune,"B Capital Group, Ignition Partners, Greycroft, E.Ventures,\\Xc2\\Xa0 Eight Roads Ventures",Private Equity,25000000.0,210.0,2017,March
996,2017-02-02,Clodura,Technology,Intelligent Sales Assistant,Pune,3 Undisclosed Investors,Seed Funding,0.0,0.0,2017,February
997,2017-02-03,Stockroom.io,Consumer Internet,Curated Platform for Developers,Hyderabad,"Satya D Sinha, Gyanendra Singh",Seed Funding,0.0,0.0,2017,February
998,2017-02-06,Capital Float,Consumer Internet,Online lending platform,Bengaluru,Ifmr Capital Finance,Private Equity,2500000.0,21.0,2017,February
999,2017-02-06,iManageMyHotel,Technology,Hotel Management Solution,Kolkata,Jaarvis Accelerator,Seed Funding,0.0,0.0,2017,February
1000,2017-02-07,Inner Hour,Consumer Internet,Online Counselling Platform,Mumbai,"Batlivala & Karani Securities, Venture Works",Seed Funding,450000.0,3.78,2017,February
1001,2017-02-07,Travel Triangle,Consumer Internet,Online travel agent marketplace,Noida,"Rb Investments, Saif Partners, Bessemer Venture Partners",Private Equity,10000000.0,84.0,2017,February
1002,2017-02-08,Wandertrails,Consumer Internet,"Online Travel, Adventure & Activities Portal",Bengaluru,Earlsfield Capital,Seed Funding,1000000.0,8.4,2017,February
1003,2017-02-08,Zenatix,Technology,IoT Based Energy Monitoring & Control,Gurugram,"Helion Ventures, Blume Ventures",Private Equity,1200000.0,10.08,2017,February
1004,2017-02-08,Cartrade,Consumer Internet,Automobile Classifieds Portal,Mumbai,Temasek Holdings,Private Equity,55000000.0,462.0,2017,February
1005,2017-02-08,MindYourFleet,Technology,Car Rental Software Solutions,Noida,"Japan Vyas, Tarun Adlakha",Seed Funding,0.0,0.0,2017,February
1006,2017-02-08,Edurev,Consumer Internet,Online Education Portal,Gurugram,Facebook Fb Start Programme,Seed Funding,40000.0,0.34,2017,February
1007,2017-02-09,Voonik,ECommerce,Women Apparel & Lifestyle etailer,Bengaluru,"Rb Investments, Sequoia Capital",Private Equity,6000000.0,50.4,2017,February
1008,2017-02-09,1Crowd,Finance,Startup Crowd-funding platform,Mumbai,Ganesh Natarajan,Seed Funding,0.0,0.0,2017,February
1009,2017-02-09,Wooplr,ECommerce,Women Fashion Portal,Bengaluru,"Sistema Asia Fund, Amereus Group, Helion Ventures",Private Equity,8000000.0,67.2,2017,February
1010,2017-02-10,48East,ECommerce,Online Food Delivery Platform,Bengaluru,Al Dhaheri Family,Private Equity,500000.0,4.2,2017,February
1011,2017-02-10,Redesyn,Consumer Internet,Tech Enabler for Artists,Mumbai,Thinqbate,Seed Funding,0.0,0.0,2017,February
1012,2017-02-13,Sigtuple,Technology,Medical Automation platform,Bengaluru,"Accel Partners, Idg Ventures, Endiya Partners, Pi Ventures, Vh Capital, Axilor Partners",Private Equity,5800000.0,48.72,2017,February
1013,2017-02-13,Flutura,Technology,Decision Sciences Analytics Solutions,Bengaluru,"Vertex Ventures, Lumis Partners",Private Equity,7500000.0,63.0,2017,February
1014,2017-02-13,Wassup,Consumer Internet,On Demand Laundry & Dry Cleaning Services,Chennai,Anil Jain & Other Hnis,Private Equity,3200000.0,26.88,2017,February
1015,2017-02-13,Better Mortgage,Consumer Internet,Mortgage Offering Platform,Gurugram,"Kleiner Perkins, Goldman Sachs, Pine Brook",Private Equity,15000000.0,126.0,2017,February
1016,2017-02-13,Nurturey,Consumer Internet,Parenting Mobile App,New Delhi,Mohit Joshi & Others,Seed Funding,330000.0,2.77,2017,February
1017,2017-02-13,Fyle,Technology,Expense Management Solution,Bengaluru,Pravega Ventures,Seed Funding,400000.0,3.36,2017,February
1018,2017-02-14,GoBumpr,Consumer Internet,Online Bike & Car Services provider,Chennai,"Mahalingam K, Girish Mathrubootham",Seed Funding,300000.0,2.52,2017,February
1019,2017-02-14,CCAvenue,Consumer Internet,Online Payment Gateway,Mumbai,Infibeam,Private Equity,22400000.0,188.16,2017,February
1020,2017-02-14,Connaizen,Technology,Data Analytics platform,New Delhi,Vikram Sud,Seed Funding,0.0,0.0,2017,February
1021,2017-02-15,Innov8,Consumer Internet,Co-Working Space Platform,New Delhi,"Vijay Shekhar Sharma, Rajan Anandan, Kunal Shah, Girish Mathrubootham, Punit Soni, Anand Chandrasekaran, Sunil Kalra, Utsav Somani, Vishal Gondal, Vikram Limaye",Seed Funding,0.0,0.0,2017,February
1022,2017-02-15,ZestMoney,Consumer Internet,Online Consumer Lending platform,Bengaluru,"Payu, Ribbit Capital, Omidyar Network",Private Equity,6500000.0,54.6,2017,February
1023,2017-02-15,AirZaar,Technology,Drone operations management platform,Missourie,Quake Capital,Seed Funding,350000.0,2.94,2017,February
1024,2017-02-16,Truebil,Consumer Internet,Online Marketplace for Used Cars,Mumbai,Shunwei Capital,Private Equity,3000000.0,25.2,2017,February
1025,2017-02-16,YourStory,Consumer Internet,Online Media,Bengaluru,"Kalaari Capital Partners, Qualcomm, 3One4 Capital Advisors, Uc-Rnt",Private Equity,3000000.0,25.2,2017,February
1026,2017-02-17,Imaginate,Technology,AR & VR platform,Hyderabad,Sri Capital,Seed Funding,500000.0,4.2,2017,February
1027,2017-02-17,The Ken,Consumer Internet,Online Media Platform,Bengaluru,"Aprameya Radhakrishna, Deepak Natraj, Girish Mathrubootham, Mahesh Murthy, Pallav Nadhani, Pavan Ongole, Sandeep Mathur, Vijay Shekhar Sharma & Others",Seed Funding,400000.0,3.36,2017,February
1028,2017-02-17,Urban Ladder,ECommerce,Online Furniture Store,Bengaluru,"Kalaari Capital, Saif Partners, Steadview Capital, Sequoia Capital",Private Equity,15200000.0,127.68,2017,February
1029,2017-02-17,Aisle,Consumer Internet,Online match-making app,Bengaluru,"Konglo Ventures, White Unicorn Ventures, Letsventure",Seed Funding,0.0,0.0,2017,February
1030,2017-02-17,TownScript,Consumer Internet,DIY event registration and ticketing portal,Pune,Bookmyshow,Private Equity,0.0,0.0,2017,February
1031,2017-02-17,Leopetra,eCommerce,Solution provider for pet needs,Mumbai,Facebook Fbstart,Seed Funding,40000.0,0.34,2017,February
1032,2017-02-18,Blood n Care,Consumer Internet,First Aid care app,Gurugram,Facebook Fbstart,Seed Funding,40000.0,0.34,2017,February
1033,2017-02-20,Flipkart,eCommerce,Online Marketplace,Bengaluru,Bennett Coleman And Company Ltd,Private Equity,38700000.0,325.08,2017,February
1034,2017-02-21,True Balance,Consumer Internet,Mobile balance Checking App,Gurugram,"Softbank Ventures Korea, Imm Investment",Private Equity,15000000.0,126.0,2017,February
1035,2017-02-22,Vebbler,Consumer Internet,Photo Sharing for Groups,Bengaluru,Facebook Fbstart,Seed Funding,40000.0,0.34,2017,February
1036,2017-02-23,Get My Parking,Consumer Internet,Smart Parking Platform,New Delhi,"Indian Angel Network, Beenext, The Chennai Angels, Sunil Munjal",Private Equity,1100000.0,9.24,2017,February
1037,2017-02-23,Lets Reap,Consumer Internet,B2B Mobile App for Pharmacies,Mumbai,"Kunal Shah, Sandeep Tandon, Nitin Saluja, Gagan Goyal",Seed Funding,0.0,0.0,2017,February
1038,2017-02-24,Oglas,Consumer Internet,Mobile Advertising App,Noida,"Pankaj Rungta, Yogesh Agarwal",Seed Funding,0.0,0.0,2017,February
1039,2017-02-27,Staydobe,Consumer Internet,Co-Living Spaces Aggregator,Bengaluru,Ishan Manaktala,Seed Funding,0.0,0.0,2017,February
1040,2017-02-27,Biryani By Kilo,Consumer Internet,Online Food Ordering & Delivery Portal,Gurugram,"Chandigarh Angels, Ashish Gupta, Rohit, Ashish Chand, Sunil Singh & Others",Seed Funding,375000.0,3.15,2017,February
1041,2017-02-27,Johari Shop,ECommerce,Online Jewellery etailer,Bengaluru,3 Undisclosed Investors,Seed Funding,94000.0,0.79,2017,February
1042,2017-02-28,NeoStencil,Consumer Internet,Live Online Coaching Classes,New Delhi,"Brand Capital, Paragon Trust",Private Equity,1000000.0,8.4,2017,February
1043,2017-02-28,Blackbuck,Logistics,Online freight aggregator,Bengaluru,"Sands Capital, Ifc, Accel Partners, Flipkart, Sanjiv Rangrass",Private Equity,70000000.0,588.0,2017,February
1044,2017-01-02,TaxSutra,Consumer Internet,Online Tax Filing platform,Pune,"Tv Mohandas Pai, V Balakrishnan, Pv Srinivasan",Seed Funding,366000.0,3.07,2017,January
1045,2017-01-03,TempoGo,Technology,IoT & SAAS Solutions for Transportation Industry,Panaji,K2 Capital,Seed Funding,825000.0,6.93,2017,January
1046,2017-01-03,GoFynd,ecommerce,Fashion ecommerce portal,Mumbai,"Anand Chandrasekaran, Rajiv Mehta, Ramakant Sharma",Seed Funding,0.0,0.0,2017,January
1047,2017-01-03,Vow Car Clinic,Consumer Internet,Online/App Based Car cleaning service provider,Gurugram,Vishal Malik,Seed Funding,0.0,0.0,2017,January
1048,2017-01-04,LearnTron,Technology,Blended Learning Delivery App for Schools & Corporates,Chennai,Kae Capital,Seed Funding,0.0,0.0,2017,January
1049,2017-01-05,MobiDent,Consumer Internet,Dentist Appointments booking platform,Bengaluru,Dangold Investment Corp,Private Equity,0.0,0.0,2017,January
1050,2017-01-05,Yostra,Technology,Healthcare Technology Solutions,Bengaluru,"Marico Innovation Foundation, Villgro",Private Equity,0.0,0.0,2017,January
1051,2017-01-06,Leap India,Logistics,Supply Chain Solutions Provider,Mumbai,"India Nivesh Growth Fund, Sixth Sense, Tci Ventures",Private Equity,13000000.0,109.2,2017,January
1052,2017-01-07,FreeCharge,Consumer Internet,Mobile Wallet,Mumbai,Jasper Infotech Pvt Ltd,Private Equity,57000000.0,478.8,2017,January
1053,2017-01-09,TicketNew,Consumer Internet,Movie Ticket Booking platform,Chennai,Alibaba Pictures,Private Equity,35000000.0,294.0,2017,January
1054,2017-01-10,Intelligence Node,Technology,SAAS Based Retail Analytics Solutions,Mumbai,Blacksoil Capital Pvt Ltd,Private Equity,800000.0,6.72,2017,January
1055,2017-01-10,Securens,Technology,e-surveillance services provider,Mumbai,"Mayfield India, Trifecta Capital",Private Equity,5000000.0,42.0,2017,January
1056,2017-01-10,Loan Frame,Consumer Internet,Small Business Loans Marketplace platform,Gurugram,"Vedanta Capital, William Campbell, Toos N Daruvala",Private Equity,2250000.0,18.9,2017,January
1057,2017-01-10,DriveSkool,Consumer Internet,online marketplace for driving schools,Bengaluru,Aavya Ventures,Seed Funding,0.0,0.0,2017,January
1058,2017-01-10,Medinfi,Consumer Internet,Doctor & Clinic Discovery portal,Bengaluru,"Vinod Martin, Evan Lim, Kanchan Ghoshal, Ram Kumar Kakani",Seed Funding,100000.0,0.84,2017,January
1059,2017-01-10,LensKart,eCommerce,Online eyewear retailer,Bengaluru,Ronnie Screwvala,Private Equity,3500000.0,29.4,2017,January
1060,2017-01-11,InstaOffice,Consumer Internet,CoWorking Spaces booking platform,Gurugram,"Zishaan Hayath, Karan Chellani, Mohit Satyan",Seed Funding,0.0,0.0,2017,January
1061,2017-01-12,Hansel.io,Consumer Internet,Real-time Mobile App Management Platform,Bengaluru,"Idg Ventures, Endiya Partners",Private Equity,1350000.0,11.34,2017,January
1062,2017-01-12,Square Yards,Consumer Internet,Property Search Aggregator platform,Gurugram,"Lohia Group, Andre Hoffman",Private Equity,10000000.0,84.0,2017,January
1063,2017-01-13,Roambee,Technology,IoT smart Logistics and Asset Management Company,Mumbai,Deutsche Telekom Strategic Investments & Others,Private Equity,4100000.0,34.44,2017,January
1064,2017-01-13,PaisaWapas,Consumer Internet,Cashback & Coupons platform,Bengaluru,Vividhity Ventures,Seed Funding,0.0,0.0,2017,January
1065,2017-01-13,iService,Consumer Internet,Gadgets Repair & Service Booking platform,Bengaluru,"Blume Ventures, Girish Mathrubootham, Aprameya Radhakrishna",Seed Funding,440000.0,3.7,2017,January
1066,2017-01-14,Unacademy,Consumer Internet,Online learning platform,Bengaluru,"Nexus Venture Partners, Blume Ventures",Private Equity,4500000.0,37.8,2017,January
1067,2017-01-14,SecururAX,Technology,Cloud-based solutions provider,Bengaluru,"Axilor Ventures, Parampara Early Stage Opportunities Fund & Others",Private Equity,0.0,0.0,2017,January
1068,2017-01-16,Leadburg,Consumer Internet,Personality Development Mobile App,Bengaluru,"Harsh V. Pant, Ratheesh Raveendran",Seed Funding,0.0,0.0,2017,January
1069,2017-01-16,ZoloStays,Consumer Internet,Branded PG Accomodation booking platform,Bengaluru,"Nexus Venture Partners, Innoven Capital",Private Equity,5000000.0,42.0,2017,January
1070,2017-01-16,Oi Media,Technology,SAAS Based Media Marketing platform,New Delhi,Quarizon,Seed Funding,0.0,0.0,2017,January
1071,2017-01-16,HipCouch,Consumer Internet,Custom & Modular Furniture platform,Mumbai,3 Undisclosed Investors,Seed Funding,700000.0,5.88,2017,January
1072,2017-01-17,Curiositi,Consumer Internet,Online Learning Platform,Bengaluru,"Menterra Social Impact Fund, Unitus Seed Fund",Private Equity,800000.0,6.72,2017,January
1073,2017-01-17,TinyStep,Consumer Internet,Parenting Info & Social Network,Bengaluru,Flipkart,Private Equity,2000000.0,16.8,2017,January
1074,2017-01-17,Practo,Consumer Internet,Online Healthcare platform,Bengaluru,"Tencent,\\Xc2\\Xa0 Ru-Net, Rsi Fund, Thrive Capital",Private Equity,55000000.0,462.0,2017,January
1075,2017-01-17,Ketchupp,Consumer Internet,Food Discovery Platform,New Delhi,India Quotient And Others,Seed Funding,441000.0,3.7,2017,January
1076,2017-01-17,Hoopy,Consumer Internet,Online Car Service Platform,Gwalior,3 Undisclosed Investors,Seed Funding,500000.0,4.2,2017,January
1077,2017-01-17,Ezytruk,Consumer Internet,Logistics and truck aggregator platform,Bengaluru,"Ajith Nair, Anish K",Seed Funding,147000.0,1.23,2017,January
1078,2017-01-18,Kratikal,Technology,Cyber Security Solution provider,New Delhi,"Amajit Gupta, Praveen Dubey, J.P. Bhatt",Seed Funding,0.0,0.0,2017,January
1079,2017-01-18,Direct Create,eCommerce,B2B Marketplace for Handicrafts,Gurugram,Rajasthan Venture Capital Fund,Seed Funding,0.0,0.0,2017,January
1080,2017-01-18,Vahdam Teas,eCommerce,Online Tea etailer,New Delhi,"Mumbai Angels Network, Fireside Ventures, Singapore Angel Network",Seed Funding,650000.0,5.46,2017,January
1081,2017-01-18,Qwikspec,Technology,Cloud-based construction,Bengaluru,3 Undisclosed Investors,Seed Funding,300000.0,2.52,2017,January
1082,2017-01-19,PParke,Consumer Internet,Parking Solutions mobile app,Bengaluru,Nb Ventures,Seed Funding,0.0,0.0,2017,January
1083,2017-01-19,Weddingz.in,Consumer Internet,Online Marketplace for Wedding Venues and vendors,Mumbai,Singularity Ventures,Private Equity,1000000.0,8.4,2017,January
1084,2017-01-19,Native Special,eCommerce,Indian Sweets & Snacks etailer,Karur,"Indian Angel Network, Native Angels Network",Seed Funding,0.0,0.0,2017,January
1085,2017-01-19,Fitnapp,Consumer Internet,Fitness Mobile App,Noida,Sd Group,Private Equity,0.0,0.0,2017,January
1086,2017-01-20,Ethosh,Technology,Visual and Interactive communications Solutions,Pune,Deepak Nathani,Seed Funding,0.0,0.0,2017,January
1087,2017-01-20,Wydr,eCommerce,B2B Wholesale Marketplace in India,Gurugram,"Bessemer Venture Partners, Stellaris Venture Partners, Jungle Venture Partners, Axis Capital",Private Equity,0.0,0.0,2017,January
1088,2017-01-20,Tyre Express,Technology,IoT platform for Tyre Performance management & tracking,Mumbai,Ivycamp Ventures,Seed Funding,0.0,0.0,2017,January
1089,2017-01-20,Connaizen,Technology,Data Analytics platform,New Delhi,Umang Moondra,Seed Funding,0.0,0.0,2017,January
1090,2017-01-22,MessaGif,Consumer Internet,social messaging platform,New Delhi,3 Undisclosed Investors,Seed Funding,50000.0,0.42,2017,January
1091,2017-01-23,SmartHi,Technology,Audit automation Solutions,Pune,Singapore Based Investor,Seed Funding,0.0,0.0,2017,January
1092,2017-01-23,CRON Systems,Technology,Border Intrusion Alert Solutions,New Delhi,Yournest Fund Ii,Seed Funding,0.0,0.0,2017,January
1093,2017-01-23,CueMath,Technology,Maths Learning program,New Delhi,"Capitalg, Sequoia India",Private Equity,15000000.0,126.0,2017,January
1094,2017-01-23,ChipperSage,Technology,Online learning platform,Bengaluru,India Educational Investment Fund,Seed Funding,0.0,0.0,2017,January
1095,2017-01-24,SelectJobs,Consumer Internet,Online Job portal,Mumbai,India Educational Investment Fund,Seed Funding,0.0,0.0,2017,January
1096,2017-01-24,Khel Now,Consumer Internet,Mobile-based Social Platform for Sports,Bengaluru,Indochine International,Private Equity,500000.0,4.2,2017,January
1097,2017-01-24,NowFloats,Consumer Internet,Platform to take businesses online,Hyderabad,"Iron Pillar And Iifl, Blume Ventures, Omidyar Network",Private Equity,10000000.0,84.0,2017,January
1098,2017-01-24,Lets Transport,Consumer Internet,Online transport vehicle booking platform,Bengaluru,"Gmo Japan, Neelesh Bhatnagar",Private Equity,4000000.0,33.6,2017,January
1099,2017-01-24,BetaOut,Technology,ECommerce Marketing Software,Noida,Astarc Ventures & Others,Private Equity,0.0,0.0,2017,January
1100,2017-01-25,Wishberry,Consumer Internet,Crowdfunding Platform,Mumbai,"Sharad Sharma, Rajan Anandan,\\Xc2\\Xa0 Amit Ranjan, Alok Mittal & Others",Seed Funding,0.0,0.0,2017,January
1101,2017-01-25,RML Agtech,Technology,Agri Decision Support Solution for farmers,Pune,Ivycamp Ventures,Private Equity,4000000.0,33.6,2017,January
1102,2017-01-25,LoyaltyPrime,Technology,Loyalty program management solutions,New Delhi,"Senovo, Unternehmertum Venture Capital, Alexander Bruehl",Private Equity,0.0,0.0,2017,January
1103,2017-01-25,InstaSafe,Technology,Security-as-a-Service solution provider,Bengaluru,Abm Knowledgeware,Private Equity,2200000.0,18.48,2017,January
1104,2017-01-25,Infibeam,eCommerce,eCommerce Marketplace,Ahmedabad,Bennett Coleman And Company Ltd,Private Equity,8800000.0,73.92,2017,January
1105,2017-01-02,99Games,Technology,Mobile Game Developer Studio,Udupi,Dream Incubator,Seed Funding,0.0,0.0,2017,January
1106,2017-01-26,AirMed Labs,Consumer Internet,Health Tests Booking platform & ePharmacy,Ahmedabad,Brand Capital,Private Equity,1400000.0,11.76,2017,January
1107,2017-01-26,99PerHour,Consumer Internet,Hyper-local Handyman Service provider,Chennai,V Aanand R,Seed Funding,300000.0,2.52,2017,January
1108,2017-01-26,Kochi Post,Consumer Internet,English Online News portal,Kochi,"Rajesh Yohannan, Puthen & Cole",Seed Funding,0.0,0.0,2017,January
1109,2017-01-30,Intuit Things,Technology,IoT solutions for home automation applications,Mumbai,Sanjay Mehta & Others,Seed Funding,106000.0,0.89,2017,January
1110,2017-01-30,Cloudrino,Technology,Cloud based Virtual Servers,New Delhi,The Ten Minute Million,Seed Funding,22500.0,0.19,2017,January
1111,2017-01-30,FabX,eCommerce,Used Furniture Marketplace,Mumbai,The Ten Minute Million,Seed Funding,68000.0,0.57,2017,January
1112,2017-01-30,Maptags,Consumer Internet,Smart Online address tags,Bengaluru,The Ten Minute Million,Seed Funding,18000.0,0.15,2017,January
1113,2017-01-30,YOLO Health,Consumer Internet,Online Healthcare platform,Mumbai,Chandigarh Angel Network,Seed Funding,0.0,0.0,2017,January
1114,2017-01-31,Heads Up For Tails,eCommerce,Online Pet Products Store,New Delhi,3 Undisclosed Investors,Private Equity,2000000.0,16.8,2017,January
1115,2017-01-31,Register My Marriage,Consumer Internet,Online Marriage Registration services,New Delhi,Mumbai Angels,Seed Funding,0.0,0.0,2017,January
1116,2016-12-01,SidQam,Technology,Healthcare Software System,Noida,"Sque Capital, Grace Capital Ventures, Soham Vencaps",Private Equity,1200000.0,10.08,2016,December
1117,2016-12-01,India Lends,Consumer Internet,Online Instant personal Loan provider,New Delhi,"Dsg Consumer Partners, American Express Ventures, Cyber Carrier Vc, Advantedge Partners",Private Equity,4000000.0,33.6,2016,December
1118,2016-12-01,Slide App,Consumer Internet,Lock screen Rewards mobile app,New Delhi,Songhyun Investment,Private Equity,3600000.0,30.24,2016,December
1119,2016-12-02,Badiyajobs,Consumer Internet,Entry-Level job Seekers platform,New Delhi,Undisclosed,Seed Funding,100000.0,0.84,2016,December
1120,2016-12-02,Streo,Consumer Internet,Live Music Streaming App,Bengaluru,"Gems Advisory, Quarizon",Seed Funding,0.0,0.0,2016,December
1121,2016-12-02,TYGR,Technology,Transport and logistics mobile App,Mumbai,Franchise India,Private Equity,3000000.0,25.2,2016,December
1122,2016-12-05,Mr Hot Foods,Consumer Internet,Online Food Ordering & Delivery Portal,Indore,Ivycamp Ventures,Seed Funding,0.0,0.0,2016,December
1123,2016-12-05,UrDoorStep,eCommerce,Online Grocery Store,Bengaluru,Lakshmi Vilas Bank & Undisclosed Hnis,Private Equity,1400000.0,11.76,2016,December
1124,2016-12-05,ONN Bikes,eCommerce,"On-demand, self-drive bike rental platform",Mumbai,Grace Capital Ventures,Seed Funding,0.0,0.0,2016,December
1125,2016-12-06,Diro Labs,Consumer Internet,Mobile Contacts Management app,New Delhi,Info Edge,Seed Funding,147000.0,1.23,2016,December
1126,2016-12-06,THB,Technology,Clinical research and data analytics,Gurugram,"Ajith Sukumaran, Currae Healthtech Fund",Seed Funding,0.0,0.0,2016,December
1127,2016-12-07,LookAtMe,Consumer Internet,Mobile App based Fashion Network,Singapore,Eros Labs,Seed Funding,0.0,0.0,2016,December
1128,2016-12-07,Netree,eCommerce,Mobile-only Retailers Engagement Solution,New Delhi,"The Chennai Angels, Letsventure",Seed Funding,0.0,0.0,2016,December
1129,2016-12-07,BookEventz,Consumer Internet,"Venue, Events Booking platform",Mumbai,Investors From Mumbai Angels & Letsventure,Seed Funding,0.0,0.0,2016,December
1130,2016-12-07,Tailslife,Consumer Internet,Pet Parenting mobile app,Bengaluru,"Mohan Kumar, V. Balakrishnan",Seed Funding,0.0,0.0,2016,December
1131,2016-12-07,Revv,Consumer Internet,Self-Driven Car Services booking portal,New Delhi,Edelweiss Private Equity,Private Equity,9000000.0,75.6,2016,December
1132,2016-12-07,WealthApp,Consumer Internet,Online Investment Advisory platform,Bengaluru,"Venk Krishnan, Mj Aravind, Vikram Kotak, Jayant Davar,\\Xc2\\Xa0 Ramkumar Nishtal, Arjun Sharmaa",Seed Funding,440000.0,3.7,2016,December
1133,2016-12-07,Vehico,Technology,Connected Transportation solutions,Bengaluru,"Calcutta Angel Network, Appliyifi",Seed Funding,0.0,0.0,2016,December
1134,2016-12-08,Zest Money,Consumer Internet,Online Consumer Lending platform,Mumbai,Payu,Private Equity,6500000.0,54.6,2016,December
1135,2016-12-08,GoMechanic,Consumer Internet,Online Car servicing Booking platform,Gurugram,Venture Catalysts,Seed Funding,250000.0,2.1,2016,December
1136,2016-12-09,Stalk Buy Love,eCommerce,Fashion Apparel eTailer,New Delhi,Kalaari Capital,Private Equity,6000000.0,50.4,2016,December
1137,2016-12-09,Nykaa,eCommerce,Beauty Products etailer,Mumbai,Max Ventures And Industries,Private Equity,0.0,0.0,2016,December
1138,2016-12-09,Wittyparot,Technology,Content Management & Productivity platform,Bengaluru,Mumbai Angels,Seed Funding,450000.0,3.78,2016,December
1139,2016-12-09,NeuroEquilibrium,Technology,Health-Tech platform,Jaipur,"Gvfl, Unicorn India Ventures",Seed Funding,250000.0,2.1,2016,December
1140,2016-12-12,Xseed Education,Technology,Education & learning Tech platform,Bengaluru,Verlinvest Sa,Private Equity,10000000.0,84.0,2016,December
1141,2016-12-12,Rupaiya Exchange,Consumer Internet,P2P Lending platform,New Delhi,3 Undisclosed Investors,Seed Funding,200000.0,1.68,2016,December
1142,2016-12-12,Doctor Insta,Consumer Internet,Online Doctor Consulting platform,Gurugram,Roundglass Partners,Private Equity,2000000.0,16.8,2016,December
1143,2016-12-12,UrbanPiper,Consumer Internet,Self-Branded Websites & Apps for Ecommerce,Bengaluru,"Axilor, Undisclosed Investors",Seed Funding,0.0,0.0,2016,December
1144,2016-12-12,Fresh Food Concepts,Food & Beverage,Cold Press Juice manufacturer & seller,New Delhi,"Siddhartha Gupta, Ashvin Chadha",Seed Funding,2000000.0,16.8,2016,December
1145,2016-12-13,Indifi,Consumer Internet,Online lending platform,Gurugram,Omidyar Network,Private Equity,10000000.0,84.0,2016,December
1146,2016-12-13,GoComet,Logistics,Marketplace for International Freight,Mumbai,"India Quotient, Rajul Garg, Rajesh Yabaji, Chanakya Hridaya, Ramasubramaniam B, Vishwanathan, Nobel House, Sunstone Capital",Seed Funding,0.0,0.0,2016,December
1147,2016-12-13,OfBusiness,eCommerce,Online business-to-business (B2B) marketplace,Gurugram,"Zodius Technology Opportunities Fund, Matrix Partners",Private Equity,11100000.0,93.24,2016,December
1148,2016-12-14,Fitmein,Consumer Internet,Fitness Discovery & Booking platform,New Delhi,"Finc, Ghv",Seed Funding,0.0,0.0,2016,December
1149,2016-12-14,Qacco,Consumer Internet,Hotel Booking platform,Gurugram,"Lead Angels Network, Anbu Pandian, Prabhakar Mr & Others",Seed Funding,150000.0,1.26,2016,December
1150,2016-12-14,Fitpass,Consumer Internet,Fitness center aggregator & Booking mobile app,New Delhi,Mumbai Angels,Seed Funding,1000000.0,8.4,2016,December
1151,2016-12-14,MoEngage,Technology,User analytics and engagement platform,Bengaluru,Anand Chandrasekaran,Seed Funding,0.0,0.0,2016,December
1152,2016-12-14,Ten3t Health,Technology,medical grade wearable patch maker,Bengaluru,"V. Krishna Prasad, Bhupen Shah & Others",Seed Funding,0.0,0.0,2016,December
1153,2016-12-14,Trading Bells,Consumer Internet,Online Share & Commodity Broking platform,Indore,Swastika Investmart Ltd,Seed Funding,297000.0,2.49,2016,December
1154,2016-12-15,SERV\\xe2\\x80\\x99D,Consumer Internet,Financial Services For Unorganized Workforce,Pune,Digital Financial Service Lab,Seed Funding,100000.0,0.84,2016,December
1155,2016-12-15,IdeaForge,Technology,Drone Manufacturing,Mumbai,"Wrv Capital And Indusage Partners, Infosys Innovation Fund",Private Equity,10000000.0,84.0,2016,December
1156,2016-12-15,Amagi Media Labs,Technology,Media Technology Solutions,Mumbai,"Emerald Media, Premji Invest",Private Equity,35000000.0,294.0,2016,December
1157,2016-12-15,Pocket Aces,Technology,Digital Entertainment Company,Mumbai,"Sequoia Capital India, North Base Media, Aarin Capital, 3One4 Capital, Axilor Ventures, Kunal Shah, Sandeep Tandon",Private Equity,3000000.0,25.2,2016,December
1158,2016-12-16,Pi Data Centers,Technology,Cloud Data Center Solutions provider,Hyderabad,Epsilon Venture Partners,Private Equity,23000000.0,193.2,2016,December
1159,2016-12-16,TripShelf,Consumer Internet,Holiday Packages provider,New Delhi,"Gems Advisory, Quarizon",Seed Funding,123000.0,1.03,2016,December
1160,2016-12-19,Events High,Consumer Internet,Events & Activities Marketplace,Bengaluru,Axilor Ventures,Private Equity,0.0,0.0,2016,December
1161,2016-12-19,NoBroker,Consumer Internet,Rental property search portal,Bengaluru,"Ktb Network, Saif Partners, Beenext, Digital Garage",Private Equity,7400000.0,62.16,2016,December
1162,2016-12-20,VivoCarat,eCommerce,Online jewellery marketplace,Mumbai,3 Undisclosed Investors,Seed Funding,50000.0,0.42,2016,December
1163,2016-12-20,Tiyo,Consumer Internet,Doctor Search Mobile App,Kolkata,Ajith Nair,Seed Funding,0.0,0.0,2016,December
1164,2016-12-20,Zoomcar,Consumer Internet,Self-Driven Cab booking platform,Bengaluru,Cyber Carrier,Private Equity,0.0,0.0,2016,December
1165,2016-12-20,BYJU\\xe2\\x80\\x99s,Consumer Internet,Online Learning platform,Bengaluru,International Finance Corporation,Private Equity,15000000.0,126.0,2016,December
1166,2016-12-21,Supr Daily,Consumer Internet,Daily Subscription based Delivery service,Mumbai,"Dr. Apoorv Ranjan Sharma, Anil Jain, Anuj Golecha, Krishna Jhunjhunwala, Anirudh Damani",Seed Funding,0.0,0.0,2016,December
1167,2016-12-21,The BlueBook,Consumer Internet,online to offline marketing platform,Bengaluru,"Indian Angel Network, Let\\Xe2\\X80\\X99S Venture",Seed Funding,500000.0,4.2,2016,December
1168,2016-12-21,MamaEarth,eCommerce,Babycare Products seller,New Delhi,Fireside Ventures & Others,Seed Funding,0.0,0.0,2016,December
1169,2016-12-21,Vegetall,eCommerce,Online Vegetable eTailer,Chennai,The Chennai Angels,Seed Funding,162000.0,1.36,2016,December
1170,2016-12-22,Innoplexus,Technology,Data as a Service Provider,Pune,Hcs Venture Capital Fund,Private Equity,0.0,0.0,2016,December
1171,2016-12-22,Mindler,Consumer Internet,Career Planning & Assessment platform,New Delhi,Taxmann,Seed Funding,324000.0,2.72,2016,December
1172,2016-12-22,MCaffeine,eCommerce,Personal care product etailer,Bengaluru,"Kaushal Agarwal, Harminder Sahani, Kk Mehra, Pranay Jivrajka, Navjot Saini",Seed Funding,300000.0,2.52,2016,December
1173,2016-12-23,enKast,Technology,Cloud based CRM for Agencies,Bengaluru,Ivy League Alumni Angel Network,Private Equity,2000000.0,16.8,2016,December
1174,2016-12-23,ShopKirana,eCommerce,B2B platform for Merchants & Retailers,Indore,"Incubate Fund, Lead Angels Group & Others",Private Equity,0.0,0.0,2016,December
1175,2016-12-23,MyAdvo,Consumer Internet,Legal Advice Platform,New Delhi,"Pradyumna Dalmia, S. Somasegar & Others",Seed Funding,0.0,0.0,2016,December
1176,2016-12-23,Asocon,Technology,Process management startup,Noida,Quarizon,Seed Funding,0.0,0.0,2016,December
1177,2016-12-23,LexComply,Consumer Internet,Compliance Management Software,New Delhi,Ajay Relan,Seed Funding,0.0,0.0,2016,December
1178,2016-12-26,The Postbox,eCommerce,Art & Lifestyle ECommerce Store,Chennai,"The Chennai Angels, Ritesh Mehta, Aruna Ganesh Ram",Seed Funding,0.0,0.0,2016,December
1179,2016-12-26,Pandorum Technologies,Technology,3D printed experimental Human Liver tissue creator,Bengaluru,"Sachin Bansal, Binny Bansal",Seed Funding,0.0,0.0,2016,December
1180,2016-12-26,Dekkho,Consumer Internet,Video Streaming platform,Mumbai,3 Undisclosed Investors,Seed Funding,1200000.0,10.08,2016,December
1181,2016-12-26,Shadowfox,Logistics,On-Demand Delivery Service,Gurugram,Eight Road Ventures,Private Equity,10000000.0,84.0,2016,December
1182,2016-12-27,ShopX,eCommerce,SAAS ECommerce Retail app,Bengaluru,Nandan Nilekani,Private Equity,5000000.0,42.0,2016,December
1183,2016-12-28,BookEventz,Consumer Internet,Online event-booking platform,Mumbai,"Lead Angels, Mumbai Angels, Letsventure, Girish Mathrubootham, Anbu Pandian",Seed Funding,0.0,0.0,2016,December
1184,2016-12-29,Healthifyme,Consumer Internet,Fitness Mobile App,Bengaluru,Nb Ventures,Private Equity,1000000.0,8.4,2016,December
1185,2016-12-29,LetsMD,Consumer Internet,Healthcare plan comparison platform,New Delhi,Waterbridge Ventures,Seed Funding,0.0,0.0,2016,December
1186,2016-12-29,Justbooks,Consumer Internet,Library Chain Aggregator,Bengaluru,Cocreate Ventures,Seed Funding,0.0,0.0,2016,December
1187,2016-12-30,InstantPay,Consumer Internet,Digital payments & recharge platform,New Delhi,"Rb Investments,\\Xc2\\Xa0 Kaleden Holdings",Private Equity,0.0,0.0,2016,December
1188,2016-11-01,PickMyLaundry,Consumer Internet,On-Demand Washing & Dry Cleaning Services,New Delhi,"Kedar Lele, Ghv Accelerator",Seed Funding,200000.0,1.68,2016,November
1189,2016-11-02,FreshDesk,Consumer Internet,SAAS Based HelpDesk Services,Chennai,"Sequoia Capital India, Accel Partners",Private Equity,55000000.0,462.0,2016,November
1190,2016-11-02,LaundryAnna,Consumer Internet,On-Demand Washing & Dry Cleaning Services,Bengaluru,3 Undisclosed Investors,Seed Funding,150000.0,1.26,2016,November
1191,2016-11-02,LetsMD,Consumer Internet,Healthcare Services Comparison Platform,New Delhi,"Calcutta Angels Network, Letsventure, Anupam Mittal, Currae Healthtech Fund",Seed Funding,0.0,0.0,2016,November
1192,2016-11-02,Sattviko,Food & Beverage,Health Food Restaurant Chain,New Delhi,"Raman Roy, Ashish Gupta, Yogesh Andlay, Vaibhav Jain",Seed Funding,0.0,0.0,2016,November
1193,2016-11-03,Zarget,Technology,SaaS-based web optimisation and marketing platform,Chennai,Sequoia India,Private Equity,6000000.0,50.4,2016,November
1194,2016-11-03,DoSelect,Consumer Internet,Skill Showcasing platform,Bengaluru,"3One4 Capital, Mumbai Angels, Aarin Capital",Seed Funding,0.0,0.0,2016,November
1195,2016-11-03,EasyPolicy,Consumer Internet,Online insurance Portal,Noida,Unilazer Ventures,Private Equity,10000000.0,84.0,2016,November
1196,2016-11-04,Browntape,Technology,cloud-based software solutions company,Goa,Gati Ltd,Private Equity,0.0,0.0,2016,November
1197,2016-11-04,Connect India,Logistics,Last mile Delivery Network,Bengaluru,Aavishkaar Venture Management,Private Equity,1000000.0,8.4,2016,November
1198,2016-11-04,Corseco,Technology,AI-based Software as a Service Solution provider,New Delhi,"Ameera Shah, Vivek Bhargava",Seed Funding,150000.0,1.26,2016,November
1199,2016-11-04,vImmune,Consumer Internet,Immunisation Management Platform,Bengaluru,3 Undisclosed Investors,Seed Funding,0.0,0.0,2016,November
1200,2016-11-04,The Gourmet Jar,eCommerce,Gourmet Food etailer,Noida,Chandigarh Angel Network,Seed Funding,0.0,0.0,2016,November
1201,2016-11-05,Medzin,eCommerce,Online ordering & Delivery of medicines,New Delhi,A M Sikander,Seed Funding,45000.0,0.38,2016,November
1202,2016-11-05,Bizongo,eCommerce,Packaging Material Marketplace,Mumbai,"Idg Ventures, Accel Partners",Private Equity,3000000.0,25.2,2016,November
1203,2016-11-07,Rivigo,Technology,Technology based Logistics platform,Gurugram,Warburg Pincus,Private Equity,75000000.0,630.0,2016,November
1204,2016-11-07,JustRide,Consumer Internet,Online Car Sharing platform,Mumbai,"Justin Kan, Qasar Younis, Paul Bucche, Susa Ventures, Kima Ventures, Axan Venture, Scm Holdings",Private Equity,3000000.0,25.2,2016,November
1205,2016-11-09,IIM Jobs,Consumer Internet,Online Job Portal,New Delhi,India Quotient,Private Equity,2000000.0,16.8,2016,November
1206,2016-11-09,Square Yards,Consumer Internet,Online Property Search Portal,Gurugram,Adag Reliance Private Equity,Private Equity,12000000.0,100.8,2016,November
1207,2016-11-10,GolfLAN,Consumer Internet,Golf Session Online Bookings platform,New Delhi,"Yournest Angel Fund, Ison",Private Equity,1000000.0,8.4,2016,November
1208,2016-11-10,Yottaasys,Technology,Data Sciences platform,Bengaluru,Gleevoaz Ventures,Private Equity,0.0,0.0,2016,November
1209,2016-11-10,Tone Tag,Technology,Contactless Payment Solution,Bengaluru,"Arun Seth, T.V. Mohandas Pai, Anand Chandrasekaran, Deepak Ghaisas",Private Equity,0.0,0.0,2016,November
1210,2016-11-11,Life in Control,Consumer Internet,Online Diabetes Management platform,Gurugram,Roundglass Partners,Private Equity,0.0,0.0,2016,November
1211,2016-11-14,Active.ai,Technology,Banking & Fintech Platform,Singapore,"Kalaari Capital, Idg Ventures India",Private Equity,3000000.0,25.2,2016,November
1212,2016-11-14,ElasticRun,Technology,Tech driven Logistic & distribution platform,Pune,"Kalaari Capital, Norwest Venture Partners",Private Equity,2000000.0,16.8,2016,November
1213,2016-11-15,NoBroker,Consumer Internet,Online Rental discovery,Bengaluru,Vijay Shekhar Sharma,Seed Funding,0.0,0.0,2016,November
1214,2016-11-15,Zefo,eCommerce,Used Furniture & Appliances Marketplace,Bengaluru,"Sequoia India, Beenext, Helion Ventures",Private Equity,6000000.0,50.4,2016,November
1215,2016-11-15,PlaySimple,Technology,Mobile Gaming portal,Bengaluru,"Accel Partners, Idg Ventures India",Private Equity,4000000.0,33.6,2016,November
1216,2016-11-16,Stasis Labs,Technology,Cloud based\\xc2\\xa0 health monitoring platform,Bengaluru,"Rtp-Hc, Wonder Ventures, Techstars Ventures & Others",Private Equity,5000000.0,42.0,2016,November
1217,2016-11-17,Scienaptic,Technology,Data Analytics platform,Bengaluru,Pramod Bhasin,Seed Funding,0.0,0.0,2016,November
1218,2016-11-17,Koovs,eCommerce,Fashion eTailer,New Delhi,Times Of India Group & Existing Investors,Private Equity,13500000.0,113.4,2016,November
1219,2016-11-17,Lawrato,Consumer Internet,Free Legal Advice,New Delhi,"Idg, Indian Angel Network",Seed Funding,0.0,0.0,2016,November
1220,2016-11-17,Trip Tap Toe,Consumer Internet,Online Travel Portal,Gurugram,R.S Sharma,Seed Funding,0.0,0.0,2016,November
1221,2016-11-17,Pictor Imaging,Consumer Internet,Product Photography Mobile App,Mumbai,Quarizon,Seed Funding,147000.0,1.23,2016,November
1222,2016-11-18,GramCover,Finance,Insurance Marketplace for the Rural Sector,New Delhi,Omnivore Capital,Seed Funding,1000000.0,8.4,2016,November
1223,2016-11-18,AerMed,eCommerce,Online Pharmacy,Mumbai,Hitesh Windlass,Seed Funding,0.0,0.0,2016,November
1224,2016-11-18,WorkIndia,Consumer Internet,Job Board for Clue Collar Jobs,Mumbai,Asuka Holdings,Seed Funding,0.0,0.0,2016,November
1225,2016-11-21,Bats on delivery,Consumer Internet,"Online food, Grocery ordering & Delivery",Gurugram,Devdeep Singh,Seed Funding,90000.0,0.76,2016,November
1226,2016-11-21,numberz.in,Technology,Cash Flow Management Solution for Businesses,Gurugram,"Kae Capital, Khosla Impact",Seed Funding,650000.0,5.46,2016,November
1227,2016-11-22,Housing.com,Consumer Internet,Real Estate Portal,Mumbai,Softbank Group,Private Equity,5000000.0,42.0,2016,November
1228,2016-11-22,Awesummly,Consumer Internet,Short News Mobile App,Bengaluru,"Vivek Bhargava, Ameera Shah",Seed Funding,147000.0,1.23,2016,November
1229,2016-11-22,VoLT,Consumer Internet,Ed-Tech Platform,Mumbai,Yms Mobitech,Seed Funding,0.0,0.0,2016,November
1230,2016-11-22,Vymo,Technology,SaaS-based predictive analytics platform,Bengaluru,Sequoia India,Private Equity,5000000.0,42.0,2016,November
1231,2016-11-22,ShubhLoans,Technology,Consumer Finance & Credit Score platform,Bengaluru,"Sanjai Vohra, V. Bunty Bohra",Seed Funding,0.0,0.0,2016,November
1232,2016-11-22,Noddapp,Consumer Internet,App based networking platform,Mumbai,Undisclosed Multiple Investors,Seed Funding,147000.0,1.23,2016,November
1233,2016-11-23,Knowlarity,Consumer Internet,Cloud Telephony Platform,Bengaluru,"Delta Partners, Sequoia India,\\Xc2\\Xa0 Mayfield, Blacksoil, Trifecta Capital",Private Equity,20000000.0,168.0,2016,November
1234,2016-11-23,Infisecure,Technology,Bot Protection Solutions,Mumbai,"Idg Ventures, Axilor Ventures",Seed Funding,600000.0,5.04,2016,November
1235,2016-11-23,Udaan,eCommerce,B2B Marketplace,Bengaluru,"Lightspeed Venture Partners India, Lightspeed Us",Private Equity,10000000.0,84.0,2016,November
1236,2016-11-24,FroyoFit,Consumer Internet,Fitness Discovery Platform,Indore,Dr. Pooja Gandhi,Seed Funding,0.0,0.0,2016,November
1237,2016-11-24,Betterplace,Consumer Internet,Background Verification Services,Bengaluru,Venture Highway,Seed Funding,0.0,0.0,2016,November
1238,2016-11-24,ShareChat,Consumer Internet,Local Language Social Networking Platform,Mumbai,"Lightspeed India Partners, Saif Partners, India Quotient, Venture Highway",Private Equity,4000000.0,33.6,2016,November
1239,2016-11-24,UClean,Consumer Internet,Tech Enabled Laundry Service Provider,Gurugram,Franchise India,Private Equity,0.0,0.0,2016,November
1240,2016-11-24,Servify,Consumer Internet,Personal Device Assistant App,Mumbai,"Blume Ventures, Beenext, Barkawi Holdings Gmbh, Tm Service Technology Holdings Gmbh, Sreevathsa Prabhakar",Private Equity,0.0,0.0,2016,November
1241,2016-11-25,Hubilo,Consumer Internet,End-to-end Event Organizers Solutions,Ahmedabad,"Girish Mathrubootham, Vc Karthic, Miten Mehta, Umasankar Nistala, Rakesh Patel, Akash Bhavsar, Jeevanandhan Rajagopal, Vikas Chadha & Others",Seed Funding,0.0,0.0,2016,November
1242,2016-11-25,FunOnGo,Consumer Internet,Digital Media Content and Distribution platform,Mumbai,Reliance Entertainment,Private Equity,0.0,0.0,2016,November
1243,2016-11-25,121Policy,Consumer Internet,Online Insurance Platform,Kolkata,Xelpmoc,Seed Funding,0.0,0.0,2016,November
1244,2016-11-26,TapChief,Consumer Internet,Professional Expert Advice Platform,Bengaluru,"Paytm, Aprameya Radhakrishna, Subramanya Venkat, Venk Krishnan",Seed Funding,0.0,0.0,2016,November
1245,2016-11-28,Kloseby,Consumer Internet,proximity based\\xc2\\xa0 Rewards platform,Bengaluru,3 Undisclosed Investors,Seed Funding,100000.0,0.84,2016,November
1246,2016-11-28,WholeSaleBox,eCommerce,B2B Wholesale Apparel Marketplace,Jaipur,"Manish Maheshwari, Contrarian Vriddhi Fund",Private Equity,2000000.0,16.8,2016,November
1247,2016-11-29,Crossahead,Consumer Internet,Creative Artists Discovery & Booking platform,Noida,Mohit Sharma,Seed Funding,0.0,0.0,2016,November
1248,2016-11-29,Affordplan,Consumer Internet,Savings platform for Medical Expenses,New Delhi,"Prime Venture Partners, Kalaari Capital",Private Equity,3000000.0,25.2,2016,November
1249,2016-11-30,HandyTrain,Consumer Internet,Mobile App for SAAS based Training,Goa,"Silver Range Investments, Lumina Datamatics, Shun Yoshida & Others",Private Equity,1000000.0,8.4,2016,November
1250,2016-11-30,ShopsUp,eCommerce,Hyperlocal Shopping App,Bengaluru,"Anand Sankeshwar, Yang Shu",Seed Funding,963000.0,8.09,2016,November
1251,2016-11-30,Indofash,eCommerce,Ethnic Indian Fashion Marketplace,Bengaluru,"Shekhar Sahu, Nitesh Pant",Seed Funding,150000.0,1.26,2016,November
1252,2016-11-30,Entropika,Technology,"AI, Machine learning Solutions",Bengaluru,"Dileep Bhatt, Milind Chaudhary",Seed Funding,200000.0,1.68,2016,November
1253,2016-11-30,MarianaIQ,Technology,AI-driven B2B marketing platform,Bengaluru,Exfinity Venture Partners,Private Equity,2000000.0,16.8,2016,November
1254,2016-11-30,Chai Thela,Food & Beverage,Quick Service Restaurants,Noida,Quarizon,Seed Funding,218000.0,1.83,2016,November
1255,2016-11-30,Interviewpad,Technology,Engineering Interview facilitation platform,Pune,Krishna Rokhale,Seed Funding,100000.0,0.84,2016,November
1256,2016-11-30,Math Buddy,Consumer Internet,Online Math Learn,Vadodara,Menterra Social Impact Fund,Seed Funding,440000.0,3.7,2016,November
1257,2016-11-30,Pulse,Consumer Internet,Campus Social Networking App,Bengaluru,Saif Partners,Private Equity,500000.0,4.2,2016,November
1258,2016-11-30,MonkeyBox,Consumer Internet,Healthy Food Delivery platform,Bengaluru,Blume Ventures & Others,Seed Funding,0.0,0.0,2016,November
1259,2016-11-30,Carcrew.in,Consumer Internet,Online Car repair Marketplace,Mumbai,Tvs Group,Seed Funding,500000.0,4.2,2016,November
1260,2016-10-03,MeraKisan,eCommerce,Fruit & vegetable eTailer,Bengaluru,Mahindra Univeg,Seed Funding,0.0,0.0,2016,October
1261,2016-10-03,Mystifly,Consumer Internet,Airline Ticket Aggregator,Bengaluru,Recruit Holdings,Private Equity,5000000.0,42.0,2016,October
1262,2016-10-03,HelpChat,Consumer Internet,AI Powered Content & Commerce platform,Bengaluru,"American Express Ventures, Sequoia Capital",Private Equity,0.0,0.0,2016,October
1263,2016-10-03,Uniphore,Technology,Speech Recognition Solutions,Chennai,"Idg Ventures, Indian Angel Network, Yournest Angel Fund",Private Equity,2000000.0,16.8,2016,October
1264,2016-10-03,World Art Community,eCommerce,Art & Craft Marketplace,Gurugram,Viraj Tyagi & Others,Seed Funding,200000.0,1.68,2016,October
1265,2016-10-04,Giftxoxo,eCommerce,Online Gifting platform,Bengaluru,Mahindra Holidays & Resorts India Ltd,Private Equity,450000.0,3.78,2016,October
1266,2016-10-04,Bharat Bazaar,eCommerce,Online B2B Marketplace,Mumbai,"Beenext, Tv Mohandas Pai, Kunal Shah, Sandeep Tandon",Seed Funding,0.0,0.0,2016,October
1267,2016-10-04,GOQii,Consumer Internet,Health & Fitness Wearable Device,Mumbai,Rata Tata,Private Equity,0.0,0.0,2016,October
1268,2016-10-04,India Gifts Portal,eCommerce,Online Gifting platform,Noida,"Naveen Arya, Tarun Joshi",Private Equity,2000000.0,16.8,2016,October
1269,2016-10-04,Moglix,eCommerce,Industrial & Home products marketplace,Noida,"Accel Partners, Jungle Ventures, Seedplus",Private Equity,4200000.0,35.28,2016,October
1270,2016-10-04,NetLinx,Consumer Internet,Internet Service Provider,Hyderabad,"Xchange Investors Nv, Transglobal Fzc",Private Equity,3000000.0,25.2,2016,October
1271,2016-10-04,Scandid,Consumer Internet,Product Shopping Comparison App,Pune,3One4 Capital,Private Equity,0.0,0.0,2016,October
1272,2016-10-04,Remitr,Consumer Internet,Foreign Currency Payments Platform,Mumbai,"Vijay Shekhar Sharma, Pravin Gandhi,\\Xc2\\Xa0 Smart Start Fund; Kunal Shah,\\Xc2\\Xa0 Sandeep Tandon, Vishal Gondal, & Others",Seed Funding,1000000.0,8.4,2016,October
1273,2016-10-04,InnerChef,Consumer Internet,Online food ordering platform,Gurugram,"Mistletoe, M&S Partners",Private Equity,2500000.0,21.0,2016,October
1274,2016-10-04,AppsDaily,Consumer Internet,"Mobile Phone Theft, Damage Protection platform",Mumbai,"Zodius Capital, Kalaari Capital, Qualcomm Ventures, Russian Venture Capital Fund Ru-Net, Mumbai Angels",Private Equity,3750000.0,31.5,2016,October
1275,2016-10-05,MuhurtMaza,Consumer Internet,Online Puja Booking Service,Pune,3 Undisclosed Investors,Seed Funding,0.0,0.0,2016,October
1276,2016-10-05,Azuro,Consumer Internet,Rental Property Finder platform,Mumbai,"White Unicorn Ventures, Kae Capital, Mumbai Angels",Private Equity,0.0,0.0,2016,October
1277,2016-10-05,NeuroSynaptic,Technology,Remote Healthcare Delivery Solutions,Bengaluru,"Indian Angel Network, Healthsquad, Axilor Ventures",Private Equity,0.0,0.0,2016,October
1278,2016-10-05,UE LifeSciences,Technology,Mobile Health Technology Solutions,Mumbai,"Kiran Mazumdar-Shaw, Unitus Seed Fund",Private Equity,1200000.0,10.08,2016,October
1279,2016-10-06,FindmeaShoe,Consumer Internet,Footwear Recommendation App,Bengaluru,Ventureast Fund Advisors,Seed Funding,0.0,0.0,2016,October
1280,2016-10-06,RealBox,Technology,Data Sciences Platform,Noida,Hyderabad Angels,Seed Funding,300000.0,2.52,2016,October
1281,2016-10-06,Sportido,Consumer Internet,Sports Discovery platform,Noida,Sumpoorna Group,Seed Funding,0.0,0.0,2016,October
1282,2016-10-06,GoZefo,eCommerce,Used Furniture & Appliances Marketplace,Bengaluru,"Helion Venture Partners, Beenext",Private Equity,1050000.0,8.82,2016,October
1283,2016-10-07,RayIOT,Technology,Baby Monitoring Devices manufacturer,Bengaluru,Hax Accelerator,Seed Funding,100000.0,0.84,2016,October
1284,2016-10-07,KOOH Sports,Technology,Sports Training & Technology,Mumbai,"Hdfc, Faering Capital, Elevate Sports",Private Equity,2200000.0,18.48,2016,October
1285,2016-10-07,Flexiloans,Consumer Internet,Online Funds Raising Platform,Mumbai,"Sanjay Nayar, Vikram Sud, Anil Jaggia, Narayan Seshadri",Private Equity,15000000.0,126.0,2016,October
1286,2016-10-07,Sibia Analytics,Technology,Marketing & Customer Analytics Solutions,Kolkata,Radhakrishnan Natarajan & Others,Seed Funding,0.0,0.0,2016,October
1287,2016-10-10,Vithi.com,eCommerce,Online Hair Extension etailer,New Delhi,3 Undisclosed Investors,Seed Funding,375000.0,3.15,2016,October
1288,2016-10-11,Yupp TV,Consumer Internet,Internet-based TV streaming service provider,Bengaluru,Emerald Media,Private Equity,50000000.0,420.0,2016,October
1289,2016-10-11,Deyor Camps,Consumer Internet,Branded Camping location Aggregator,Gurugram,"Nitin Passi, Manickam Mahalingam, Udaan Angels, Rajesh Arora, Arkas Industries",Seed Funding,500000.0,4.2,2016,October
1290,2016-10-12,ZipLoan,Consumer Internet,online lending platform,New Delhi,"Growx Ventures, Sunil Kalra, Arun Venkatachalam,\\Xc2\\Xa0 Badal Malick",Seed Funding,0.0,0.0,2016,October
1291,2016-10-13,FabAlley,ecommerce,online fashion brand store,Noida,"India Quotient, Fao Ventures, Indian Angel Network, Tushar Singh, Ranjan Sharma",Private Equity,2000000.0,16.8,2016,October
1292,2016-10-13,Shoekonnect,eCommerce,B2B Marketplace for Shoes,Agra,"Idg, Indian Angel Network",Seed Funding,0.0,0.0,2016,October
1293,2016-10-13,Maya,Consumer Internet,Womens Health Tracker App,Bengaluru,Rajan Anandan,Seed Funding,0.0,0.0,2016,October
1294,2016-10-13,RoboVac,Technology,waterless car washing solution,Ahmedabad,Virendra Patel,Seed Funding,450000.0,3.78,2016,October
1295,2016-10-14,Newspatrolling,Consumer Internet,Online News portal,New Delhi,Undisclosed,Seed Funding,25000.0,0.21,2016,October
1296,2016-10-14,Postman,Consumer Internet,API Platform,Bengaluru,Nexus Venture Partners,Private Equity,7000000.0,58.8,2016,October
1297,2016-10-14,ISFC,Finance,Education Sector Lending,Hyderabad,Gray Matters Capital,Private Equity,6000000.0,50.4,2016,October
1298,2016-10-14,BeatRoute,Technology,SAAS based mobile application platform,Gurugram,Quarizon Consultancy Services Llp,Seed Funding,0.0,0.0,2016,October
1299,2016-10-14,Kidsstoppress,Consumer Internet,Parenting and Baby care Platform,Mumbai,Karan Bhagat,Seed Funding,0.0,0.0,2016,October
1300,2016-10-14,Innov8,Consumer Internet,Co-Working Spaces aggregator,Bengaluru,Punit Soni,Seed Funding,0.0,0.0,2016,October
1301,2016-10-15,DailyHunt,Consumer Internet,Vernacular content mobile app,Bengaluru,"Bytedance, Arun Sarin, Matrix Partners, Sequoia Capital India, Omidyar Network,\\Xc2\\Xa0 Falcon Edge",Private Equity,25000000.0,210.0,2016,October
1302,2016-10-15,Tazzo Bikes,Consumer Internet,Motorbike rental platform,Hyderabad,Dsg Consumer Partners,Seed Funding,227000.0,1.91,2016,October
1303,2016-10-15,MyKindofJob,Consumer Internet,Internet & Fresher Job platform,Mumbai,"Mayank Shah, Shreyans Shah",Seed Funding,1000000.0,8.4,2016,October
1304,2016-10-17,Trilyo,Technology,B2B SAAS based product,Bengaluru,"Vishnu Bhat, Rajiv Lunkad, Naresh Ravindranath",Seed Funding,0.0,0.0,2016,October
1305,2016-10-17,Rooter,Consumer Internet,Sports Social Network mobile app,New Delhi,"Boman Irani, Dhruv Chitgopekar, Prantik Dasgupta",Seed Funding,0.0,0.0,2016,October
1306,2016-10-17,Yumigo,Consumer Internet,App based Travel Discovery and Transactions platform,Gurugram,Hemang Sahani,Seed Funding,300000.0,2.52,2016,October
1307,2016-10-17,Rentalpha,Others,equipment rental and leasing company,Mumbai,Bravia Capital,Private Equity,16000000.0,134.4,2016,October
1308,2016-10-18,3Dexter,Technology,3D Printing Solutions for Edu space,New Delhi,Newbie Promoters,Seed Funding,150000.0,1.26,2016,October
1309,2016-10-18,BabyChakra,Consumer Internet,Parenting and Child Care portal,Mumbai,Roundglass Partners,Private Equity,0.0,0.0,2016,October
1310,2016-10-18,Coppre,eCommerce,Copper based items etailer,Pune,Ganesh Natarajan,Seed Funding,0.0,0.0,2016,October
1311,2016-10-18,MySUN,Technology,Solar Energy harnessing products marketplace,Noida,General Catalyst Partners,Private Equity,2500000.0,21.0,2016,October
1312,2016-10-18,ePathsala,Technology,Cloud based ERP for Accreditation & ICT,Bengaluru,"Hyderabad Angels, Tlabs",Seed Funding,0.0,0.0,2016,October
1313,2016-10-19,Furlenco,Consumer Internet,Online Furniture Rental platform,Bengaluru,"Lightbox Ventures, Axis Capital & Others",Private Equity,30000000.0,252.0,2016,October
1314,2016-10-19,Fisdom,Consumer Internet,Personal Wealth Management Platform & App,Bengaluru,"Saama Capital, Raghunandan G, Aprameya Radhakrishna",Private Equity,1100000.0,9.24,2016,October
1315,2016-10-19,Actofit,Technology,Wearable Technology platform & devices,Mumbai,Next Orbit Ventures Fund,Private Equity,750000.0,6.3,2016,October
1316,2016-10-20,Stayology,Consumer Internet,Stay & Travel related services,Bengaluru,Ranjan Pai,Seed Funding,0.0,0.0,2016,October
1317,2016-10-20,Hipcask,Consumer Internet,Alcoholic beverage discovery platform,Mumbai,Mobikon,Seed Funding,0.0,0.0,2016,October
1318,2016-10-20,RailYatri,Consumer Internet,Train Travel Info mobile app,Noida,"Helion Ventures, Blume Ventures",Private Equity,0.0,0.0,2016,October
1319,2016-10-21,ChatOnGo,Consumer Internet,Hyperlocal\\xc2\\xa0 Communication Mobile app,Mumbai,Janak Jain,Seed Funding,300000.0,2.52,2016,October
1320,2016-10-23,WOTU,eCommerce,B2B Marketplace for traders,Bengaluru,Kae Capital,Seed Funding,0.0,0.0,2016,October
1321,2016-10-24,Healthians,Consumer Internet,Health Test Discovery & Ordering service,Gurugram,Beenext,Private Equity,3000000.0,25.2,2016,October
1322,2016-10-24,Box8,Consumer Internet,Online Food Ordering platform/App,Mumbai,"Iifl Seed Ventures Fund, Mayfield Ventures",Private Equity,7500000.0,63.0,2016,October
1323,2016-10-25,Kredx,eCommerce,Invoice discounting marketplace,Bengaluru,Sequoia Capital,Private Equity,6000000.0,50.4,2016,October
1324,2016-10-25,CreditMate,Consumer Internet,Credit Report Info platform,Mumbai,India Quotient,Seed Funding,500000.0,4.2,2016,October
1325,2016-10-25,Pickrr,Technology,Courier Logistics & Order management Solutions,New Delhi,Swastika Company Ltd,Seed Funding,0.0,0.0,2016,October
1326,2016-10-25,SatvaKart,eCommerce,Online Grocery Etailer,Gurugram,Nimit Panigrahi,Seed Funding,0.0,0.0,2016,October
1327,2016-10-25,SooperMO,Technology,Android utility app suite creator,Gurugram,Lalit Vase,Seed Funding,100000.0,0.84,2016,October
1328,2016-10-26,OrangeTwig,Consumer Internet,Social Media Marketing platform,New Delhi,3 Undisclosed Investors,Seed Funding,1000000.0,8.4,2016,October
1329,2016-10-26,Wooplr,Consumer Internet,Fashion Discovery App,Bengaluru,"Astarc Ventures, Anand Chandrasekaran",Seed Funding,0.0,0.0,2016,October
1330,2016-10-26,The Kettlery,eCommerce,Online Tea Etailer,Ahmedabad,"Hooting Starts Sports Llp, Franchise India Brands",Private Equity,1000000.0,8.4,2016,October
1331,2016-10-27,Idea Bubbles,Consumer Internet,Doctor Consulting platform,Bengaluru,"1Crowd, Eureka Forbes Ltd, Shapoorji Pallonji & Co. Ltd.",Private Equity,700000.0,5.88,2016,October
1332,2016-10-27,FR8,Technology,Truck Fleet Operation platform,Chennai,Omnivore Partners,Private Equity,971000.0,8.16,2016,October
1333,2016-10-27,Ather Energy,Technology,Electric Vehicle Manufacturer,Bengaluru,Hero Motocorp,Private Equity,27000000.0,226.8,2016,October
1334,2016-10-28,Pikkol,Logistics,Relocation Service provider,Bengaluru,"Ajay Nanavati, Afsal Salu",Seed Funding,0.0,0.0,2016,October
1335,2016-10-29,Velmenni,Technology,LiFi based wireless communication provider,New Delhi,Kalaari Capital,Seed Funding,100000.0,0.84,2016,October
1336,2016-10-29,Volta Motors,Technology,Electric Bike Manufacturer,Chennai,Kalaari Capital,Seed Funding,100000.0,0.84,2016,October
1337,2016-10-29,Cyclops,Technology,Clinical and Wearable Diagnostic Product creator,Bengaluru,Kalaari Capital,Seed Funding,100000.0,0.84,2016,October
1338,2016-10-30,Impact Analytics,Technology,Business intelligence and data science Startup,Bengaluru,"Aarin Capital, Michael Herzig, Ashish Lakhanpal",Private Equity,750000.0,6.3,2016,October
1339,2016-10-31,Talent Next,Consumer Internet,Talent Discovery & Audition management platform,Mumbai,Karanpal Singh & Others,Seed Funding,1000000.0,8.4,2016,October
1340,2016-09-01,Mad Street Den,Technology,Artificial Intelligence platform,Chennai,"Sequoia India, Exfinity Ventures, Growx Ventures,",Private Equity,0.0,0.0,2016,September
1341,2016-09-01,Mihup,Technology,Personal Digital Assistant,Kolkata,Accel Partners,Private Equity,6700000.0,56.28,2016,September
1342,2016-09-01,Renowala,eCommerce,Home Improvement Marketplace,Hyderabad,Pradeep Dhobale,Seed Funding,0.0,0.0,2016,September
1343,2016-09-01,Lucideus,Technology,IT Risk Assessment and Digital Security Services provider.,New Delhi,Amit Choudhary,Seed Funding,0.0,0.0,2016,September
1344,2016-09-04,Trackbizz,Technology,Field Force Automation System,Kochi,Grasshoppers,Private Equity,0.0,0.0,2016,September
1345,2016-09-05,Social Quotient,Technology,Platform for Social Causes,Mumbai,"Anita Dongre, Yash Dongre, Milind Sarwate",Seed Funding,0.0,0.0,2016,September
1346,2016-09-05,Stalk Buy Love,eCommerce,Fashion Apparel eTailer,New Delhi,William Bissel,Seed Funding,0.0,0.0,2016,September
1347,2016-09-06,eShakti,eCommerce,Women\xe2\x80\x99s Fashion Apparel eTailer,Chennai,"Infina Finance Pvt. Ltd, Uday Kotak",Private Equity,1350000.0,11.34,2016,September
1348,2016-09-06,CheersOye!,Consumer Internet,Online Gift Vouchers platform,Mumbai,3 Undisclosed Investors,Seed Funding,500000.0,4.2,2016,September
1349,2016-09-06,Lenskart,eCommerce,Online Eyewear eTailer,New Delhi,Premjiinvest,Private Equity,0.0,0.0,2016,September
1350,2016-09-06,BigStylist,Consumer Internet,Hyperlocal doorstep Beauty Services provider,Mumbai,Info Edge Ltd,Private Equity,900000.0,7.56,2016,September
1351,2016-09-07,Zilingo,eCommerce,Online Fashion Retailer,Bangalore/ Bangkok,"Venturra Capital, Sequoia India, Susquehanna International Group.\\Xc2\\Xa0 Wavemaker Partners, Beenext, Beenos, Digital Garage",Private Equity,8000000.0,67.2,2016,September
1352,2016-09-07,Alternacare,Consumer Internet,Online Doctor Consulting platform,New Delhi,Eros Labs,Seed Funding,500000.0,4.2,2016,September
1353,2016-09-07,Simplilearn,Education,Online Certification programs,Bengaluru,Innoven Capital India,Private Equity,6000000.0,50.4,2016,September
1354,2016-09-07,Prozo,eCommerce,Study Material Marketplace,Gurugram,"Earlsfield Capital, Sailender Solanki, Rajiv Solanki",Seed Funding,315000.0,2.65,2016,September
1355,2016-09-08,TopRankers,Education,Online Test Preparation platform,Bengaluru,"Careernet Consulting Pvt. Ltd, Ideation Initiative Pvt. Ltd,",Seed Funding,670000.0,5.63,2016,September
1356,2016-09-08,BuildTraders,eCommerce,Online Construction Materials Marketplace,Bengaluru,Idein Ventures,Seed Funding,200000.0,1.68,2016,September
1357,2016-09-09,Byju\\xe2\\x80\\x99s,Education,Online Learning App,Bengaluru,"Chan Zuckerberg Initiative, Times Internet Ltd, Sequoia Capital, Sofina, Lightspeed Ventures",Private Equity,50000000.0,420.0,2016,September
1358,2016-09-09,NoBroker,Consumer Internet,Online Home Rental platform,Bengaluru,Anand Chandrasekaran,Seed Funding,0.0,0.0,2016,September
1359,2016-09-10,Freshboxx,eCommerce,Fruits & vegetable eTailer,Hubli,Ravi Linganuri,Seed Funding,0.0,0.0,2016,September
1360,2016-09-10,CureInstant,Consumer Internet,Social Health Networking Platform,New Delhi,Dr. Rameshwar Kumar,Seed Funding,150000.0,1.26,2016,September
1361,2016-09-10,Poshtic,Consumer Internet,Online health & Wellness platform,Noida,"Havya Sharma, Amit Nagar",Seed Funding,450000.0,3.78,2016,September
1362,2016-09-10,KarmaCircles,Consumer Internet,Peer-to-peer Social Learning platform,New Delhi,"Harinder Takhar, Zain Raj, Dr. Prasad Kaipa, Abaran Deep, Aseem Sood, Mustafa Patni",Seed Funding,0.0,0.0,2016,September
1363,2016-09-12,Purple Style Labs,Consumer Internet,Personal Styling Online platform,Mumbai,"Augment Ventures, Rahul Kayan, Nikhil Golcha, Shubham Gupta, Roy Kwan",Seed Funding,448000.0,3.76,2016,September
1364,2016-09-12,Inuxu,Technology,Online Advertising Solutions,Pune,Fork Media,Private Equity,3000000.0,25.2,2016,September
1365,2016-09-12,Nykaa,eCommerce,Online Beauty products eTailer,Mumbai,"Sunil Munjal, Mariwala Family",Private Equity,12300000.0,103.32,2016,September
1366,2016-09-12,Glam Studios,Consumer Internet,Beauty Salon Aggregator,Noida,"Pradeep Mirani, Aqeel Ahmed, Anand Ladsariya, Nitin Agarwal",Seed Funding,300000.0,2.52,2016,September
1367,2016-09-13,Findow,Consumer Internet,Fashion Discovery Mobile app,Bengaluru,Raj Singh Bhandal,Seed Funding,0.0,0.0,2016,September
1368,2016-09-13,IdeaChakki,Consumer Internet,Restaurant Menu & Food mobile app,New Delhi,Rata Tata,Seed Funding,0.0,0.0,2016,September
1369,2016-09-13,ShoeKonnect,eCommerce,Footwear & Leather B2B App,Agra,"Indian Angel Network,",Seed Funding,0.0,0.0,2016,September
1370,2016-09-13,NearBuy,Consumer Internet,Online Deals & Discount platform,Gurugram,Blacksoil Capital Pvt Ltd,Private Equity,2500000.0,21.0,2016,September
1371,2016-09-14,ZeroInfy,Consumer Internet,Online Video Lectures platform,Kolkata,Calcutta Angels Network,Seed Funding,0.0,0.0,2016,September
1372,2016-09-14,Flocareer,Consumer Internet,Jobs & Skill Validation platform,Bengaluru,"Balasubramanian Krishnamurthy, Sidhartha Hazarika & Others",Seed Funding,150000.0,1.26,2016,September
1373,2016-09-14,LensPick,eCommerce,eyewear eTailer,Bengaluru,Scadea Solutions Inc,Private Equity,0.0,0.0,2016,September
1374,2016-09-15,infeedo,Consumer Internet,Employee engagement platform,Gurugram,"Dheeraj Jain, Palash Jain, Anupam Mittal, Ameera Shah,\\Xc2\\Xa0 Vivek Bhargava, Rahul Singh, Ambarish Gupta,",Seed Funding,200000.0,1.68,2016,September
1375,2016-09-15,Furlenco,eCommerce,Online furniture rental startup,Bengaluru,Lightbox Ventures And Others,Private Equity,5000000.0,42.0,2016,September
1376,2016-09-15,GoPigeon,Consumer Internet,on-demand logistics service provider,Bengaluru,Nexus Venture Partners,Private Equity,1500000.0,12.6,2016,September
1377,2016-09-16,NewsDistill,Consumer Internet,City based News Aggregator App,Hyderabad,"Ganesh Narasimhan, Ramana Thumu, Sudhir Mallem",Seed Funding,100000.0,0.84,2016,September
1378,2016-09-16,DoctorInsta,Consumer Internet,Online Doctor Consultations,Gurugram,Roundglass Partners,Private Equity,1000000.0,8.4,2016,September
1379,2016-09-19,Milofy,Consumer Internet,Couple Socialization App,Bengaluru,Accel Partners,Seed Funding,750000.0,6.3,2016,September
1380,2016-09-19,Liqvid,Technology,Integrated eLearning content solutions,New Delhi,Gray Matters Capital,Private Equity,0.0,0.0,2016,September
1381,2016-09-19,Swiggy,Consumer Internet,Online Food Ordering & Delivery,Bengaluru,Bessemer Venture Partners,Private Equity,15000000.0,126.0,2016,September
1382,2016-09-20,Codemojo,Consumer Internet,Customer Engagement Platform,Bengaluru,Cio Angel Network,Seed Funding,0.0,0.0,2016,September
1383,2016-09-20,JustLikeNew,eCommerce,Online gadget Repair Services Marketplace,Hyderabad,Letsventure,Seed Funding,500000.0,4.2,2016,September
1384,2016-09-20,JoeHukum,Technology,Enterprise customer engagement solutions,New Delhi,Sumit Jain,Seed Funding,0.0,0.0,2016,September
1385,2016-09-21,Co Life,Consumer Internet,shared living and working spaces platform,Bengaluru,3 Undisclosed Investors,Seed Funding,1000000.0,8.4,2016,September
1386,2016-09-21,PurpleDocs,Consumer Internet,Electronic Health care records platform,Vadodara,"Kellygamma, Lead Angels & Others",Seed Funding,0.0,0.0,2016,September
1387,2016-09-21,Pepperfry,eCommerce,Furniture eTailer,Mumbai,"Goldman Sachs Group, Zodius Technology Fund, Norwest Venture Partners, Bertelsmann India",Private Equity,31300000.0,262.92,2016,September
1388,2016-09-21,eQuickies,eCommerce,Online Book etailer,Ahmedabad,Lothal Angel Ventures,Seed Funding,298000.0,2.5,2016,September
1389,2016-09-21,Khel Now,Consumer Internet,Mobile-based social networking platform,New Delhi,Anglian Omega Network,Seed Funding,350000.0,2.94,2016,September
1390,2016-09-22,Gadgetwood,Consumer Internet,On-Demand Gadget repair services platform,New Delhi,Carpediem Capital,Private Equity,6000000.0,50.4,2016,September
1391,2016-09-22,DailyRounds,Consumer Internet,Mobile App for Doctors,Bengaluru,"Accel Partners, Beenext, Powerhouse Ventures, Akusa Holdings",Private Equity,0.0,0.0,2016,September
1392,2016-09-22,Flixy Games,Technology,Mobile Game Publisher for Indian audience,Bengaluru,Rebright Partners,Seed Funding,425000.0,3.57,2016,September
1393,2016-09-22,HashTaag,Technology,Mobile App Development company,Bengaluru,3 Undisclosed Investors,Seed Funding,1000000.0,8.4,2016,September
1394,2016-09-22,PharmaRack,Technology,SAAS application for Pharma Industry,Pune,"Currae Healthtech Fund, Unicorn India Ventures",Private Equity,745000.0,6.26,2016,September
1395,2016-09-23,\\xc2\\xa0CloudCherry,Technology,CRM SAAS Platform,Chennai,"Vertex Ventures, Cisco Ventures, Idg Ventures",Private Equity,6000000.0,50.4,2016,September
1396,2016-09-23,Parentlane,Consumer Internet,Social Platform for babycare and parenting,Bengaluru,Rohit Ma,Seed Funding,0.0,0.0,2016,September
1397,2016-09-23,First Moms Club,Consumer Internet,Social Network for Mothers,Mumbai,Idea Wave Labs,Seed Funding,0.0,0.0,2016,September
1398,2016-09-23,inMotion,Technology,Financial platform for daily wage earning communities,Noida,"Prashant Tandon, Gaurav Agarwal, Gaurav Bhogle, Shrishti Sahu, Shantanu Mathur, Prabhat Aggarwal",Seed Funding,0.0,0.0,2016,September
1399,2016-09-26,Let\xe2\x80\x99s Barter,Consumer Internet,Goods & Services Barter Platform,New Delhi,Scale Ventures Funds,Seed Funding,0.0,0.0,2016,September
1400,2016-09-26,EvenGini,Consumer Internet,Event Registration and Ticketing platform,Chennai,Procam International Pvt. Ltd,Private Equity,0.0,0.0,2016,September
1401,2016-09-27,TinyStep,Consumer Internet,Parenting Network Platform,Bengaluru,Flipkart Logistics Pvt. Ltd,Private Equity,1580000.0,13.27,2016,September
1402,2016-09-27,Canvs,Consumer Internet,Community Platform for Artists and Designers,Mumbai,Pratik Seal,Seed Funding,0.0,0.0,2016,September
1403,2016-09-28,Beardo,eCommerce,Mens Grooming products etailer,Ahmedabad,Venture Catalysts,Seed Funding,500000.0,4.2,2016,September
1404,2016-09-28,Instacar,Consumer Internet,Out-Station Taxi Rental Platform,Indore,Swastika Co Ltd.,Seed Funding,1000000.0,8.4,2016,September
1405,2016-09-28,Celes Care,Consumer Internet,Virtual Health Clinic for Women,Hyderabad,Endiya Partners,Seed Funding,1000000.0,8.4,2016,September
1406,2016-09-28,Druva,Technology,Cloud Based Data Protection Solution,Pune,"Sequoia India, Edbi, Blue Cloud Ventures, Hercules Capital",Private Equity,51000000.0,428.4,2016,September
1407,2016-09-29,Promon,eCommerce,Local Commerce Platform,New Delhi,Now Capital,Seed Funding,180000.0,1.51,2016,September
1408,2016-09-29,Fastudent,eCommerce,Education eCommerce platform,Noida,"Kanwaljit Singh, Ajay Lakhotia, Pavan Ongole, Ashish Gupta",Seed Funding,0.0,0.0,2016,September
1409,2016-09-29,Unocoin,Consumer Internet,Bitcoin Wallet,Bengaluru,"Blume Ventures, Mumbai Angels, Ah! Ventures, Digital Currency Group, Boost Vc, Bank To The Future And Funders Club",Private Equity,1500000.0,12.6,2016,September
1410,2016-09-30,Demyto,Consumer Internet,Vehicle maintenance Services platform,Pune,Deepak Nathani,Seed Funding,0.0,0.0,2016,September
1411,2016-09-30,Zeta,Technology,Enterprise Cloud Solutions,Mumbai,Bhavin Turakhia,Private Equity,19000000.0,159.6,2016,September
1412,2016-09-30,Kalaage,Consumer Internet,Social Networking Platform for Writers,Jaipur,Rajasthan Angel Innovators Network,Seed Funding,0.0,0.0,2016,September
1413,2016-08-01,HealthKart,eCommerce,Online Pharmacy & Health Marketplace,Gurugram,"Sequoia Capital India, Omidyar Network, Kae Capital",Private Equity,12000000.0,100.8,2016,August
1414,2016-08-01,Medinfi,Consumer Internet,Doctor & Clinic\\xc2\\xa0 Discovery Platform,Bengaluru,"Mudit Saxena, Evan Lim",Seed Funding,200000.0,1.68,2016,August
1415,2016-08-01,RepairEasy,Consumer Internet,Gadget Repair Services Platform,Pune,3 Undisclosed Hnis,Seed Funding,275000.0,2.31,2016,August
1416,2016-08-01,Voonik,eCommerce,Online Women\\xe2\\x80\\x99s Fashion Marketplace,Bengaluru,Innoven Capital,Private Equity,3000000.0,25.2,2016,August
1417,2016-08-01,Tokri,Consumer Internet,Hyperlocal Grocery Delivery platform,Pune,Syska Led Group,Private Equity,2500000.0,21.0,2016,August
1418,2016-08-02,Sheroes,Consumer Internet,Online Job and Career Platform for Women,Noida,"Lumis Partners, The Hr Fund, Rajul Garg, Quintillion Media",Private Equity,1800000.0,15.12,2016,August
1419,2016-08-02,Daily Ninja,Consumer Internet,Hyperlocal daily needs Products delivery platform,Bengaluru,"Venk Krishnan, Aprameya Radhakrishna, Anupam Mittal, Kunal Shah, Tracxn Labs, Subramanya Sv, Ravi Garkipati",Seed Funding,0.0,0.0,2016,August
1420,2016-08-02,Yumlane,Food & Beverage,Retail Food & Snack Offline centres,Mumbai,"Binny Bansal, Anupam Mittal, Sachin Bhatia, Darius Pandole, Kunal Khattar, Dheerag Jain",Seed Funding,1000000.0,8.4,2016,August
1421,2016-08-03,Xcode,Healthcare,Personal Genomics,Chennai,Roundglass Partners,Private Equity,0.0,0.0,2016,August
1422,2016-08-03,ExtraCarbon,Consumer Internet,Waste Recycle Management platform,Gurugram,Brand Capital,Seed Funding,225000.0,1.89,2016,August
1423,2016-08-03,FlickBay,Consumer Internet,Mobile Based Bollywood Discovery platform,Mumbai,Paul Roy,Seed Funding,890000.0,7.48,2016,August
1424,2016-08-04,Petoo,Consumer Internet,Food Delivery Platform,Bengaluru,Existing Investors,Seed Funding,500000.0,4.2,2016,August
1425,2016-08-04,lehlehsports,Others,Sports Arena discovery,New Delhi,Anglian Omega Network,Seed Funding,0.0,0.0,2016,August
1426,2016-08-05,Tricog,Healthcare,Healthcare Analytics Platform,Bengaluru,"Inventus Capital Partners, Blume Ventures & Others",Private Equity,0.0,0.0,2016,August
1427,2016-08-06,VST Travels,Technology,Travel Ticket Booking Software,Kerala,Promatus Group,Seed Funding,27000.0,0.23,2016,August
1428,2016-08-08,AdPushUp,Technology,Ad optimization Platform,New Delhi,"Geniee, Inc, Purvi Capital",Private Equity,0.0,0.0,2016,August
1429,2016-08-08,Wefly Indoor Skydiving,Others,Indoor Skydiving Sports Provider,Mumbai,Swastika Company Ltd,Seed Funding,40000.0,0.34,2016,August
1430,2016-08-08,Mojarto,eCommerce,"Original Art, Digital Prints etailer",Gurugram,3 Undisclosed Investors,Seed Funding,445000.0,3.74,2016,August
1431,2016-08-08,Zipgrid,Consumer Internet,Community services platform,Mumbai,1Crowd,Seed Funding,200000.0,1.68,2016,August
1432,2016-08-09,MobiDent,Healthcare,Dental Protection Solution,Bengaluru,Centre For Innovation Incubation And Entrepreneurship,Seed Funding,0.0,0.0,2016,August
1433,2016-08-09,Zeolr/RespirON,Technology,Healthcare related IoT platform,New Delhi,Centre For Innovation Incubation And Entrepreneurship,Seed Funding,0.0,0.0,2016,August
1434,2016-08-10,Vebbler,Consumer Internet,Photo Sharing Mobile App,Bengaluru,"Anupam Mittal, Sharad Sharma & 14 Others",Seed Funding,500000.0,4.2,2016,August
1435,2016-08-10,Bombay Shaving Company,eCommerce,Men\\xe2\\x80\\x99s Grooming Product etailer,New Delhi,"Noshir Kaka, Subramanian Ramadorai, Kiran Deshpande, Pankaj Gupta, Ravi Nigam & Others",Seed Funding,600000.0,5.04,2016,August
1436,2016-08-11,Travelyaari,Consumer Internet,Online ticket booking platform,Bengaluru,"Gujarat Venture Finance Limited, Bennett Coleman & Co. Ltd",Private Equity,7000000.0,58.8,2016,August
1437,2016-08-11,91SpringBoard,Consumer Internet,Co-Working Spaces Discovery & Booking platform,Mumbai,"Khattar Holdings, Thirtythree Investments, Soumitra Sharma, Deepak Sharma, Sumit Dayal And Others",Private Equity,0.0,0.0,2016,August
1438,2016-08-11,Genextstudents,Consumer Internet,Online Tutoring Service provider,Mumbai,1Crowd,Seed Funding,209000.0,1.76,2016,August
1439,2016-08-11,Zenoti,Technology,Cloud Based Software Solutions Provider,Hyderabad,"Norwest Venture Partners, Accel India",Private Equity,15000000.0,126.0,2016,August
1440,2016-08-12,Crofarm,Technology,Agri-Tech supply chain Solution provider,Gurugram,"Mukul Singhal, Rohit Jain, Himanshu Aggrawal, Sunil Goyal Ashish Gupta,",Private Equity,1500000.0,12.6,2016,August
1441,2016-08-12,Faircent.com,Consumer Internet,peer-to-peer lending platform,Gurugram,Brand Capital,Private Equity,1500000.0,12.6,2016,August
1442,2016-08-12,Innovaccer,Technology,Integrated Enterprise Analytics Platform,Noida,Westbridge Capital Partners,Private Equity,15600000.0,131.04,2016,August
1443,2016-08-12,Cuberoot,Technology,Data Analytics & Audience Management Platform,Gurugram,3 Undisclosed Investors,Seed Funding,500000.0,4.2,2016,August
1444,2016-08-12,Funcastic,Consumer Internet,B2C vernacular podcast aggregator platform,New Delhi,"Ht Media Ltd, North Base Media",Seed Funding,0.0,0.0,2016,August
1445,2016-08-15,Buttercups,ECommerce,Women Intimate Wear eTailer,Bengaluru,"Anand Chandrasekaran, Kanwaljit Singh, Manoj Varghese",Seed Funding,0.0,0.0,2016,August
1446,2016-08-16,Zappfresh,ECommerce,Raw Meat Products eTailer,Gurugram,Ashvin Chadha,Seed Funding,0.0,0.0,2016,August
1447,2016-08-16,OyoRooms,Consumer Internet,Budget Hotels Aggregator,New Delhi,Softbank Group,Private Equity,62000000.0,520.8,2016,August
1448,2016-08-16,Hike,Consumer Internet,Mobile Messaging App,New Delhi,"Tencent Holdings, Foxconn Technology Group, Tiger Global, Softbank Group, Bharti Enterprises",Private Equity,175000000.0,1470.0,2016,August
1449,2016-08-16,Joolz,eCommerce,Online Jewellery Store,Mumbai,"Powerhouse Ventures, M&S Partners",Private Equity,500000.0,4.2,2016,August
1450,2016-08-16,SaleBhai,eCommerce,"Sweets, Dry Fruits & Handicrafts etailer",Ahmedabad,Brand Capital,Private Equity,1500000.0,12.6,2016,August
1451,2016-08-16,Makkajai,Technology,Online & Mobile learning for kids,Pune,"Anand Chandrasekaran, Ananth Narayanan, Mekin Maheshwari, Ravi Garikipati, Divyesh Shah, Swastika Company Ltd",Seed Funding,250000.0,2.1,2016,August
1452,2016-08-16,Gradopedia,Consumer Internet,Career progression Portal,Mumbai,Undisclosed Dubai Based Hnis,Seed Funding,0.0,0.0,2016,August
1453,2016-08-17,MaalGaadi,Logistics,Online Logistics Marketplace,Indore,"Swan Angel Network,Sachin Khandelwal And Others",Seed Funding,375000.0,3.15,2016,August
1454,2016-08-17,ZiPi,Technology,Mobile Chatbot App,Bengaluru,Swan Angel Network,Seed Funding,0.0,0.0,2016,August
1455,2016-08-17,Appknox,Technology,Mobile security solutions,Bengaluru,"Seedplus, Infocomm Investments, Accel Partners Rnt Associates",Private Equity,675000.0,5.67,2016,August
1456,2016-08-17,Pikkol,Logistics,Packers & Movers,Bengaluru,"Idg, Indian Angel Network",Seed Funding,0.0,0.0,2016,August
1457,2016-08-18,Meesho,eCommerce,Mobile based eCommerce SAAS platform,Bengaluru,"Kashyap Deorah, Rajul Garg, Maninder Gulati",Seed Funding,0.0,0.0,2016,August
1458,2016-08-18,Sesame Software,Technology,Financial Technology Solutions Provider,Kozhikode,Speridian Technologies,Private Equity,0.0,0.0,2016,August
1459,2016-08-19,Quikr,Consumer Internet,Classified Listings platform,Mumbai,Brand Capital,Private Equity,20000000.0,168.0,2016,August
1460,2016-08-19,Digio,Technology,Aadhar based Document Signing platform,Bengaluru,Rainmatter,Private Equity,375000.0,3.15,2016,August
1461,2016-08-19,Ziffity,Technology,Full Service Ecommerce Agency,Chennai,Aspire Systems,Private Equity,0.0,0.0,2016,August
1462,2016-08-22,Zzungry,Consumer Internet,Food Delivery platform,Bengaluru,"Satish Vasudeva, Madhusudhan Jujare & Others",Seed Funding,0.0,0.0,2016,August
1463,2016-08-22,Puro Wellness,healthcare,"Organic,\\xc2\\xa0 Natural\\xc2\\xa0 Food substitute manufacturer",Mumbai,Torrent Group,Private Equity,37000000.0,310.8,2016,August
1464,2016-08-22,Fitternity,Consumer Internet,Fitness Gym & Services Discovery platform,Mumbai,"Saha Fund, Exfinity Venture Partners & Others",Private Equity,0.0,0.0,2016,August
1465,2016-08-23,TAC Security,Technology,Cyber-Security Solutions Provider,New Delhi,Vijay Kedia,Seed Funding,0.0,0.0,2016,August
1466,2016-08-23,Notesgen,Consumer Internet,Online Notes Sharing Portal,New Delhi,"Riju Gupta, Kamal Chabra",Seed Funding,100000.0,0.84,2016,August
1467,2016-08-23,NearU,Consumer Internet,Marketing app for retailers,Mumbai,Dr. Goutam Challagalla,Seed Funding,0.0,0.0,2016,August
1468,2016-08-23,Octo.ai,Technology,Artificial Intelligence based marketing platform,New Delhi,"Outbox Ventures, Jaspreet Bindra, Arjun Malhotra, Rohan Malhotra, Sidharth Rao, Rakesh Agrawal",Seed Funding,200000.0,1.68,2016,August
1469,2016-08-24,ShaadiSaga,Consumer Internet,Wedding Website Creator,New Delhi,"Ah! Ventures, Anupam Mittal, Kunal Shah, Sandeep Tandon, Dheeraj Jain, Rohit Chokhani",Seed Funding,0.0,0.0,2016,August
1470,2016-08-24,UnaAcademy,Consumer Internet,Free Interactive education platform,Bengaluru,"Blume Ventures, Sachin Bansal, Vijay Shekhar Sharma, Binny Bansal,\\Xc2\\Xa0 Kunal Shah, Sandeep Tandon, Ashish Tulsian",Private Equity,1000000.0,8.4,2016,August
1471,2016-08-24,Advenio,Technology,Clinical Imaging Solution Provider,Chandigarh,Kalaari Capital,Seed Funding,100000.0,0.84,2016,August
1472,2016-08-24,Guarented,eCommerce,Home Furnishing rental marketplace,Bengaluru,Kalaari Capital,Seed Funding,500000.0,4.2,2016,August
1473,2016-08-24,Beyond Evolution,Technology,Mobile Apps & Tech Services provider,Gurugram,"Vineet Taneja, Kamal Puri",Seed Funding,0.0,0.0,2016,August
1474,2016-08-24,Uber Dreams,eCommerce,Dreams fulfilling marketplace,Mumbai,Mohit Lalvani,Seed Funding,500000.0,4.2,2016,August
1475,2016-08-24,Convegenius,Education,Edutainment platform,Noida,Michael & Susan Dell Foundation,Private Equity,900000.0,7.56,2016,August
1476,2016-08-24,UrbanLadder,eCommerce,Online Furniture Store,Mumbai,Trifecta Capital,Private Equity,3000000.0,25.2,2016,August
1477,2016-08-24,enCashea,Consumer Internet,Scrap Collection and Recycling platform,Bengaluru,"Kunal Shah, Sandeep Tandon, Tracxn Labs",Seed Funding,0.0,0.0,2016,August
1478,2016-08-25,EngineerBabu,Technology,Mobile App & Web Development company,Indore,Scale Ventures,Seed Funding,0.0,0.0,2016,August
1479,2016-08-25,Cult,Healthcare,Health and Fitness Centres,Bengaluru,Curefit,Private Equity,3000000.0,25.2,2016,August
1480,2016-08-25,WitWorks,Technology,Consumer IoT Startup,Bengaluru,"Fireside Ventures, Investopad, P39 Capital, Anupam Mittal, Pranay Jivrajka, Maninder Gulati, Abhinav Sinha",Seed Funding,0.0,0.0,2016,August
1481,2016-08-25,NearFox,Consumer Internet,Local Lifestyle Content and Discovery Platform,Mumbai,"Globevestor Angel Fund, Devendra Rane, Ravi Jain,\\Xc2\\Xa0 Arpan Nagdeve",Seed Funding,0.0,0.0,2016,August
1482,2016-08-25,ZoomCar,Consumer Internet,Self-driven car booking platform,Bengaluru,Ford Smart Mobility Llc,Private Equity,24000000.0,201.6,2016,August
1483,2016-08-26,Plix,Consumer Internet,Photo and Video Sharing App,Gurugram,Instalabs,Seed Funding,500000.0,4.2,2016,August
1484,2016-08-26,Mobikwik,Consumer Internet,Digital Wallet platform,Gurugram,Net1 Ueps Technologies Inc,Private Equity,40000000.0,336.0,2016,August
1485,2016-08-26,MyDidi,Consumer Internet,"on-demand, hyper-local Cleaning services provider",Mumbai,Undisclosed Ex Mckinsey Directors And Partners,Seed Funding,550000.0,4.62,2016,August
1486,2016-08-26,CrownIt,Consumer Internet,Cashback Mobile app,Gurugram,"Kunal Shah & Sandeep Tandon, Girish Mathrubootham, Anand Chandrasekaran",Seed Funding,0.0,0.0,2016,August
1487,2016-08-29,LoanTap,Consumer Internet,Lending platform for Salaried professionals,Mumbai,"Dr. Abhishek Pandey, Jaysukh Sapra",Private Equity,3000000.0,25.2,2016,August
1488,2016-08-29,Runnr,Consumer Internet,hyperlocal Logistics services provider,Bengaluru,"Nexus Venture Partners, Blume Ventures",Private Equity,7000000.0,58.8,2016,August
1489,2016-08-29,Zolo,Consumer Internet,on-demand online talent marketplace,Noida,Hitouch Ag,Private Equity,0.0,0.0,2016,August
1490,2016-08-29,Notion Press,Consumer Internet,Self-Publishing books platform,Chennai,Undisclosed Angel Investors,Private Equity,1000000.0,8.4,2016,August
1491,2016-08-29,LivSpace,Consumer Internet,Online portal for Home Design,Bengaluru,"Bessemer Venture Partners, Jungle Ventures, Helion Ventures",Private Equity,15000000.0,126.0,2016,August
1492,2016-08-30,iAugmentor Labs,Technology,Assessment & Learning Platform,Gurugram,Rajasthan Angel Investor Network & Others,Seed Funding,149000.0,1.25,2016,August
1493,2016-08-30,DayBox,Consumer Internet,Fruit & Vegetable Delivery platform,New Delhi,"Ashutosh Lawania, Rajul Jain, Badal Malick, Rishi Gupta & Others",Seed Funding,104000.0,0.87,2016,August
1494,2016-08-30,Paytm,eCommerce,Mobile Wallet & ECommerce platform,Bengaluru,Mediatek Inc.,Private Equity,60000000.0,504.0,2016,August
1495,2016-08-30,CropIn,Technology,Agriculture Technology Solutions,Bengaluru,Sophia Investment Aps,Private Equity,2000000.0,16.8,2016,August
1496,2016-08-30,Canvera,Consumer Internet,Photographer Discovery & Information platform,Bengaluru,Info Edge Ltd,Private Equity,3000000.0,25.2,2016,August
1497,2016-08-30,Prime Focus Technologies,Technology,Hybrid Cloud technology enabled Media ERP platform,Mumbai,Ambit Pragma,Private Equity,0.0,0.0,2016,August
1498,2016-08-31,Flyrobe,eCommerce,Online fashion rental platform,Mumbai,"Idg Ventures, Sequoia Capital, Gree Ventures",Private Equity,5300000.0,44.52,2016,August
1499,2016-08-31,inclov,Consumer Internet,Matchmaking App for Disabled,Mumbai,"Sarbvir Singh, Raghav Bahl",Seed Funding,0.0,0.0,2016,August
1500,2016-07-01,RazorPay,Consumer Internet,Online Payment Gateway,Bengaluru,Mastercard,Private Equity,0.0,0.0,2016,July
1501,2016-07-01,DarwinBox,Technology,HR Software Services Startup,Hyderabad,"3One4 Capital, Tracxn Labs, Aaruha Technology Fund, Endiya Partners",Seed Funding,0.0,0.0,2016,July
1502,2016-07-01,Venture Catalysts,Consumer Internet,Seed Investment & Innovation Platform,Mumbai,Zaffiro Ventures,Seed Funding,500000.0,4.2,2016,July
1503,2016-07-01,PressPlay TV,Consumer Internet,Video Content Discovery Platform,New Delhi,"Sequoia Capital, Sd Ventures, Vistaar Investment Advisors Pvt. Ltd.",Private Equity,0.0,0.0,2016,July
1504,2016-07-02,Playment,Consumer Internet,Mobile Marketplace for Crowdsourced Work,Bengaluru,Saif Partners,Private Equity,700000.0,5.88,2016,July
1505,2016-07-04,WealthTrust,Consumer Internet,Wealth Management App,Mumbai,India Quotient,Seed Funding,0.0,0.0,2016,July
1506,2016-07-04,Curefit,Consumer Internet,Online Preventive Healthcare Platform,Bengaluru,"Accel Partners, Idg Ventures, Kalaari Capital",Private Equity,15000000.0,126.0,2016,July
1507,2016-07-04,StitchWood,eCommerce,Custom Furniture Online,Mumbai,Deepak Gupta,Seed Funding,200000.0,1.68,2016,July
1508,2016-07-04,Grab.in,Logistics,hyperlocal logistics service,Mumbai,Aramex Ventures Llc,Private Equity,2000000.0,16.8,2016,July
1509,2016-07-04,Fulfil.IO,Consumer Internet,Cloud Based ERP Software,US,Rajan Anandan,Seed Funding,0.0,0.0,2016,July
1510,2016-07-04,NeoGrowth,Finance,SME Lending platform,Mumbai,"Iifl Wealth Management Seed Venture Fund, Omidyar Network, Khosla Impact, Aspada",Private Equity,16000000.0,134.4,2016,July
1511,2016-07-05,SeeDoc,Consumer Internet,Video Based Doctor Consulting platform App,Gurugram,Yournest Angel Fund\\Xc2\\Xa0 & Others,Private Equity,1000000.0,8.4,2016,July
1512,2016-07-05,BookMyShow,Consumer Internet,Event & Movie Ticketing platform,Mumbai,"Stripes Group, Network 18, Accel Partners, Saif Partners",Private Equity,82000000.0,688.8,2016,July
1513,2016-07-05,Flyrobe,eCommerce,Online fashion rental platform,Mumbai,"Sequoia Capital, Rohit Bansal, Kunal Bahl, Sandeep Tandon, Kunal Shah, Zishaan Hayath,\\Xc2\\Xa0 Abhishek Jain",Seed Funding,1700000.0,14.28,2016,July
1514,2016-07-06,HappilyUnmarried,eCommerce,Online Merchandize etailer,New Delhi,Info Edge Ltd,Private Equity,740000.0,6.22,2016,July
1515,2016-07-06,Don\\xe2\\x80\\x99t Scratch Your Head,Technology,Full Stack Offline & Online ERP Solution,Ahmedabad,"Gaurav Singhvi, Zaffiro Ventures",Seed Funding,250000.0,2.1,2016,July
1516,2016-07-06,Wedding Wishlist,Consumer Internet,"Wedding Wishlist, Gifts & Registry Creation platform",Chennai,"Kirthiga Reddy, Renuka Ramanath,Cherry Tin",Seed Funding,297000.0,2.49,2016,July
1517,2016-07-07,AppDaily,Technology,Mobile Security App development & Distribution,Mumbai,"Kalaari Capital, Qualcomm Ventures, Ru-Net, Zodius Technology Opportunities Fund,",Private Equity,2000000.0,16.8,2016,July
1518,2016-07-07,Adytude,Consumer Internet,Gamified Consumer Insights Portal,New Delhi,"Idg, Indian Angel Network",Private Equity,1000000.0,8.4,2016,July
1519,2016-07-07,Quickli,Logistics,On-Demand Delivery Startup,Gurugram,"Avg Group, 500 Startups",Private Equity,0.0,0.0,2016,July
1520,2016-07-07,SpectraVR,Technology,Virtual Reality Content Studio,Mumbai,Rothenberg Ventures,Seed Funding,0.0,0.0,2016,July
1521,2016-07-08,Pitstop,Consumer Internet,Online Car Repair and Servicing Booking platform,Bengaluru,"Alex Chua, Rahul Garg",Seed Funding,0.0,0.0,2016,July
1522,2016-07-08,HolaChef,Consumer Internet,Online Food Ordering & Delivery Platform,Mumbai,"Kalaari Capital, India Quotient",Private Equity,1950000.0,16.38,2016,July
1523,2016-07-11,Purplle,eCommerce,Beauty Products Marketplace,Mumbai,"Jsw Ventures, Blume Ventures & Ivycap Ventures",Private Equity,6000000.0,50.4,2016,July
1524,2016-07-11,Trak N Tell,Technology,Car Tracking & Safety System,Gurugram,Brian Acton,Private Equity,3500000.0,29.4,2016,July
1525,2016-07-11,Overcart.com,eCommerce,Unboxed & refurbished electronic products marketplace,Gurugram,"Jsw Ventures, Omidyar Network, Sattva Capital, Venture Works",Private Equity,3000000.0,25.2,2016,July
1526,2016-07-12,SirionLabs,Technology,SAAS based Service Agreement Management,Gurugram,Sequoia Capital,Private Equity,12250000.0,102.9,2016,July
1527,2016-07-12,GyanDhan,Consumer Internet,Education Focused Financing Platform,New Delhi,"Stanford Angels & Entrepreneurs, Harvard Angels",Seed Funding,0.0,0.0,2016,July
1528,2016-07-12,MintM,Consumer Internet,Digital Marketing & AdTech Platform,Bengaluru,"Mumbai Angels,\\Xc2\\Xa0 Times Internet",Private Equity,0.0,0.0,2016,July
1529,2016-07-12,HitGrit,Consumer Internet,Online Legal Consultation platform,Chandigarh,"Ashish Mahajan, Sarvesh Sharma",Seed Funding,0.0,0.0,2016,July
1530,2016-07-12,Find My Stay,Consumer Internet,Online Budget Hotel Aggregator & Booking Platform,New Delhi,"Rishi Parti, Yogesh Bansal",Seed Funding,0.0,0.0,2016,July
1531,2016-07-13,YAAP,Consumer Internet,"Online Content Discovery, Creation & Distribution Platform",New Delhi,Rainmaker Ventures,Private Equity,5000000.0,42.0,2016,July
1532,2016-07-13,Utoo Cabs,Consumer Internet,Cab aggregation & Rental platform,Chennai,Ajay Piramal,Seed Funding,0.0,0.0,2016,July
1533,2016-07-13,Twigly,Consumer Internet,Online Food Ordering & Delivery Startup,Gurugram,"Tracxn Labs, Hyderabad Angels, Kunal Shah, Gaurav Bhalotia",Seed Funding,600000.0,5.04,2016,July
1534,2016-07-13,ShareChat,Consumer Internet,Vernacular Language Content Creation & Sharing App,Bengaluru,"Saif Partners, India Quotient",Private Equity,1350000.0,11.34,2016,July
1535,2016-07-13,Urban Tailor,Consumer Internet,E-Tailoring service provider,Bengaluru,Unitus Seed Fund,Private Equity,0.0,0.0,2016,July
1536,2016-07-13,RentMojo,Consumer Internet,Online Furniture Renting Platform,Bengaluru,"Accel Partners, Idg Ventures India",Private Equity,5000000.0,42.0,2016,July
1537,2016-07-13,CityFurnish,Consumer Internet,Online Furniture Renting Platform,Gurugram,Brand Capital,Seed Funding,0.0,0.0,2016,July
1538,2016-07-13,HEAL Institute,Healthcare,Sports Focused Healthcare Startup,Mumbai,"Jaspal Bindra, Parth Jindal",Seed Funding,0.0,0.0,2016,July
1539,2016-07-14,Augrav,eCommerce,Personalized precious Jewellery etailer,Coimbatore,Keiretsu Forum,Seed Funding,450000.0,3.78,2016,July
1540,2016-07-14,ShoppinPal,Technology,M-Commerce Solutions for Retail Stores,Pune,"Plug And Play Tech Center, Steelhead Ventures & Others",Private Equity,1070000.0,8.99,2016,July
1541,2016-07-14,TransTutors / AskIITians,Consumer Internet,Online Education & Tutoring portals,New Delhi,500 Startups,Private Equity,0.0,0.0,2016,July
1542,2016-07-15,WorkApps,Technology,Enterprise Work Management Software,Pune,Sri Capital,Seed Funding,1000000.0,8.4,2016,July
1543,2016-07-15,BankerBay,Consumer Internet,Online Investment Banking platform,Bengaluru,3 Undisclosed Investors,Private Equity,2000000.0,16.8,2016,July
1544,2016-07-15,BaggOut,eCommerce,Women\\xe2\\x80\\x99s Fashion etailer,New Delhi,"Sumit Jain, Sumit Jain, Anurag Gupta, Varun Khanna, Faraz Khan",Seed Funding,0.0,0.0,2016,July
1545,2016-07-15,TripShelf,eCommerce,Travel Package Marketplace,New Delhi,Gems Group,Seed Funding,250000.0,2.1,2016,July
1546,2016-07-15,SatvaCart,eCommerce,Online Grocers,New Delhi,"Abhijit Avasthi, Karan Chellani, Sp Vijay",Seed Funding,0.0,0.0,2016,July
1547,2016-07-15,Ridlr,Consumer Internet,Public Transport Mobile App,Mumbai,"Times Internet, Innoven Capital, Matrix Partners India, Qualcomm Ventures",Private Equity,6000000.0,50.4,2016,July
1548,2016-07-18,Yellowdig,Consumer Internet,Online Learning Platform,Pune,Sri Capital,Seed Funding,650000.0,5.46,2016,July
1549,2016-07-18,Zuppler,Consumer Internet,Online Food Ordering platform,New Delhi,Sri Capital,Seed Funding,650000.0,5.46,2016,July
1550,2016-07-18,BlueStone,eCommerce,Jewellery Etailer,Mumbai,"Iifl And Accel Partners, Kalaari Capital, Ivycap Ventures, Rb Investments",Private Equity,30000000.0,252.0,2016,July
1551,2016-07-18,underDOGS,Technology,Game Development Startup,Mumbai,Intelli Reboot Digital Pvt. Ltd,Private Equity,0.0,0.0,2016,July
1552,2016-07-18,ImageProVision,Technology,Image Analysis Solutions,Pune,Satish Jamdar,Seed Funding,0.0,0.0,2016,July
1553,2016-07-19,Sagacito,Technology,Cloud-Based Enterprise Solutions,New Delhi,Star India Pvt Ltd,Private Equity,10000000.0,84.0,2016,July
1554,2016-07-19,Deal4Loans / Wishfin,Consumer Internet,\\nLoans Comparison platform\\n\\n\\n\\n     (adsbygoogle = window.adsbygoogle || []).push({});\\n\\n,Noida,Franklin Templeton International Services Pvt. Ltd,Private Equity,15000000.0,126.0,2016,July
1555,2016-07-19,NiYO Solutions,Technology,Payroll & Benefits Software solutions,Bengaluru,Prime Venture Partners,Private Equity,1000000.0,8.4,2016,July
1556,2016-07-19,AppLop,Consumer Internet,Mobile Apps SaaS Platform,Gurugram,Green House Ventures Accelerator,Seed Funding,250000.0,2.1,2016,July
1557,2016-07-20,Tax2Win,Consumer Internet,Online Tax Filing Portal,Jaipur,3 Undisclosed Investors,Private Equity,1000000.0,8.4,2016,July
1558,2016-07-20,Truckola,Logistics,Tech-focused cargo transport startup,Mumbai,"Abhishek Agarwal, Krishnakumar Nataraj, Sarath Sura, Shanti Mohan, Sarthak And Nihit Agarwal, Suramya Gupta",Seed Funding,595000.0,5.0,2016,July
1559,2016-07-20,iServe Financial,Consumer Internet,Loan Comparison & Deals platform,Pune,Nilesh Shah,Seed Funding,0.0,0.0,2016,July
1560,2016-07-21,MyTaxiIndia,Consumer Internet,Online Car rental booking platform,New Delhi,Nihon Kotsu Co,Private Equity,1000000.0,8.4,2016,July
1561,2016-07-21,AbeRuk,eCommerce,Online Marketplace for books,Bengaluru,Swastika Company Ltd,Seed Funding,0.0,0.0,2016,July
1562,2016-07-21,Wiwigo,Consumer Internet,Inter-City Taxi Booking platform,Bengaluru,"Idg, Indian Angel Network",Seed Funding,595000.0,5.0,2016,July
1563,2016-07-21,Drums Food,Food & Beverage,Yogurt and Ice Cream maker,Mumbai,"Verlinvest, Dsg Consumer Partners",Undisclosed,0.0,0.0,2016,July
1564,2016-06-01,Chikoop,Consumer Internet,Free Ad based Voice Calling,Indore,3 Undisclosed Investors,Seed Funding,0.0,0.0,2016,June
1565,2016-06-01,BRIDGEi2I,Technology,Data Analytics Platform,Bengaluru,Edelweiss Private Equity,Private Equity,0.0,0.0,2016,June
1566,2016-06-02,Droom,eCommerce,Online marketplace for used automobiles,New Delhi,"Beenext, Digital Garage, Lightbox, Beenos",Private Equity,0.0,0.0,2016,June
1567,2016-06-02,Visit,Consumer Internet,On-Demand Healthcare Service provider,New Delhi,Mapmyindia,Seed Funding,0.0,0.0,2016,June
1568,2016-06-02,Atomberg,Technology,"smart, energy efficient home appliance manufacturer",Mumbai,Parampara Capital,Private Equity,1000000.0,8.4,2016,June
1569,2016-06-02,Coutloot,eCommerce,Fashion Re-Commerce Platform,Mumbai,Venture Catalysts,Seed Funding,0.0,0.0,2016,June
1570,2016-06-02,Limo,Consumer Internet,Bus Aggregator Mobile app,Mumbai,Rainmaker Ventures,Private Equity,1000000.0,8.4,2016,June
1571,2016-06-03,iCliniq,Consumer Internet,Doctor Consultation platform,Bengaluru,Madhankumar Madathupalayam,Seed Funding,0.0,0.0,2016,June
1572,2016-06-03,GoGo Truck,Consumer Internet,Truck Aggregator & Booking platform,Chennai,3 Undisclosed Investors,Seed Funding,75000.0,0.63,2016,June
1573,2016-06-03,Vyome Biosciences,Healthcare,Treatment Development for Antibiotic-resistant diseases,New Delhi,Romulus Capital,Private Equity,2000000.0,16.8,2016,June
1574,2016-06-06,SillyMonks,Consumer Internet,Digital Media and Entertainment Startup,Hyderabad,Sreenivasa Reddy Musani,Seed Funding,448000.0,3.76,2016,June
1575,2016-06-07,CueMath,Education,K-12 Maths Learning Courses,Bengaluru,"Sequoia Capital, Unitus Seed Fund",Private Equity,4000000.0,33.6,2016,June
1576,2016-06-07,KrazyBee,Consumer Internet,Student Micro-Loan platform,Bengaluru,"Yeahmobi, Fenqile",Private Equity,2000000.0,16.8,2016,June
1577,2016-06-07,Intgrea,Technology,Post merger Integration Partners,Bengaluru,3 Undisclosed Investors,Seed Funding,100000.0,0.84,2016,June
1578,2016-06-07,HelpShift,Technology,Mobile CRM Platform,Pune,"Microsoft Ventures, Salesforce Ventures",Private Equity,23000000.0,193.2,2016,June
1579,2016-06-07,CreditVidya,Technology,Credit Scoring Platform,Mumbai,Kalaari Capital,Private Equity,1000000.0,8.4,2016,June
1580,2016-06-08,Grey Campus,Consumer Internet,Online Learning Platform,Hyderabad,Sarath Sura,Seed Funding,1000000.0,8.4,2016,June
1581,2016-06-08,ListUp,eCommerce,Location based Classified Mobile app,Mumbai,"Kae Capital, Kunal Shah, Sandeep Tandon",Seed Funding,500000.0,4.2,2016,June
1582,2016-06-08,6Degree,Technology,Tech-enabled Fashion Talent platform,Mumbai,"Idg, Indian Angel Network",Seed Funding,200000.0,1.68,2016,June
1583,2016-06-08,Shopwati,Consumer Internet,Online Fashion Discussion Community,Gurugram,Sanjiv Rai,Seed Funding,0.0,0.0,2016,June
1584,2016-06-08,Cookifi,Consumer Internet,Online Chef Discovery & Booking Service,Bengaluru,"Kunal Shah, Aneesh Reddy, Tracxn Labs, Venkat Tadanki, Krishna Mehra, Amit Rathore",Seed Funding,0.0,0.0,2016,June
1585,2016-06-08,StoreKing,eCommerce,Connecting Small Town Consumers to E-Commerce,Bengaluru,Axiata Digital,Private Equity,16000000.0,134.4,2016,June
1586,2016-06-08,Wired Hub,Real Estate,Co-Working Spaces,Jaipur,"Ankit Maheshwari, Anand Singh",Seed Funding,0.0,0.0,2016,June
1587,2016-06-08,MySeniorDoctor,Consumer Internet,Online medical support platform,Gurugram,Blackjag Partners,Seed Funding,200000.0,1.68,2016,June
1588,2016-06-09,Teabox,eCommerce,Online Tea Store,Siliguri,Cameron Jones,Seed Funding,0.0,0.0,2016,June
1589,2016-06-09,ExtraaEdge,Consumer Internet,Student Acquisition Platform,Pune,"Ritesh Dwivedy, Priti Padhy",Seed Funding,0.0,0.0,2016,June
1590,2016-06-09,EPayLater,Technology,Fin-Tech Platform,Mumbai,3 Undisclosed Hnis,Seed Funding,2000000.0,16.8,2016,June
1591,2016-06-10,Kyazoonga,eCommerce,Online event ticketing Platform,Mumbai,Rata Tata,Seed Funding,0.0,0.0,2016,June
1592,2016-06-10,Paytunes,Consumer Internet,Mobile based rewards platform,New Delhi,"Cio Angel Network, Indian Angel Network",Private Equity,500000.0,4.2,2016,June
1593,2016-06-10,Kickstart Jobs,Technology,Entry level hiring platform,Gurugram,"Vivek Joshi, Mohit Satyanand, Amit Banati, Arun Khanna",Seed Funding,0.0,0.0,2016,June
1594,2016-06-10,Freshee,FMCG,Household packaging & Storage product manufacturer,Mumbai,Edelweiss Private Equity,Private Equity,0.0,0.0,2016,June
1595,2016-06-10,MadRat Games,Technology,Wearable Gaming Platform,Bengaluru,"Ratan Tata, Bhavish Aggarwal, Ankit Bhati, Binny Bansal, Girish Mathrubootham",Seed Funding,0.0,0.0,2016,June
1596,2016-06-11,Jazzmyride,eCommerce,Auto Parts & Accessories eTailer,New Delhi,Tvs Automobile Solutions Ltd,Private Equity,0.0,0.0,2016,June
1597,2016-06-11,AutoSense,Technology,Data Analytics based Customer Management Services,New Delhi,Tvs Automobile Solutions Ltd,Private Equity,0.0,0.0,2016,June
1598,2016-06-11,Redsun Telematics,Consumer Internet,Internet of Things Platform,Chennai,Tvs Automobile Solutions Ltd,Private Equity,0.0,0.0,2016,June
1599,2016-06-13,KhanaGadi,Consumer Internet,Online Food Delivery for Train Travelers,Jaipur,50K Ventures,Seed Funding,0.0,0.0,2016,June
1600,2016-06-13,Bombay Shirt Company,eCommerce,Online custom Shirt retailer,Mumbai,3 Undisclosed Investors,Private Equity,1000000.0,8.4,2016,June
1601,2016-06-13,Matrubharti,Consumer Internet,e-Book Publisher,Unknown,Viridian Capital,Seed Funding,30000.0,0.25,2016,June
1602,2016-06-14,EdTechReview,Consumer Internet,Education based online portal,New Delhi,Evc Ventures,Seed Funding,0.0,0.0,2016,June
1603,2016-06-14,Bonhomia,Food & Beverage,Premium Tea & Coffee Capsules maker,New Delhi,Valpro Capital And Existing Investors,Private Equity,0.0,0.0,2016,June
1604,2016-06-14,Gobolt,Logistics,B2B Logistics provider,New Delhi,Mcube8,Seed Funding,0.0,0.0,2016,June
1605,2016-06-14,Jivox,Technology,Data Driven Advertising platform,Bengaluru,"You & Mr Jones, Fortisure Ventures, Diaz Nesamoney",Private Equity,6000000.0,50.4,2016,June
1606,2016-06-14,Sminq,Consumer Internet,Queue management Mobile app,Pune,"Saama Capital, Blume Ventures & Vaibhav Domkundwar",Seed Funding,1000000.0,8.4,2016,June
1607,2016-06-14,CureJoy,Consumer Internet,Online Alternative health community platform,Bengaluru,Accel Partners India,Private Equity,4400000.0,36.96,2016,June
1608,2016-06-15,Oneway.cab,Consumer Internet,Taxi Rental Platform,Vadodara,"Idg, Indian Angel Network",Seed Funding,450000.0,3.78,2016,June
1609,2016-06-15,GrabOnRent,eCommerce,On-demand product rental marketplace,Bengaluru,Ivycap Ventures And Unicorn India Ventures,Private Equity,0.0,0.0,2016,June
1610,2016-06-16,Diro Labs,Consumer Internet,Contact Management Mobile App,New Delhi,Info Edge Ltd,Private Equity,450000.0,3.78,2016,June
1611,2016-06-16,Unnati Helpers,Consumer Internet,Help Hiring Platform,Gurugram,Info Edge Ltd,Private Equity,600000.0,5.04,2016,June
1612,2016-06-16,Athletto,Consumer Internet,Sports Venue discovery and booking platform,Bengaluru,Atul Ingle,Seed Funding,0.0,0.0,2016,June
1613,2016-06-16,Saavn,Consumer Internet,Web/Mobile Music Streaming service,USA,Guy Oseary,Private Equity,0.0,0.0,2016,June
1614,2016-06-16,Voonik,eCommerce,Online Women\\xe2\\x80\\x99s Fashion Marketplace,Bengaluru,Sequoia Capital,Private Equity,20000000.0,168.0,2016,June
1615,2016-06-16,ThinkPhi,Technology,Sustainable Green Tech Solution developer,Mumbai,Nimmagadda Prasad,Seed Funding,0.0,0.0,2016,June
1616,2016-06-17,Cleartax,Consumer Internet,Online Tax Filing Platform,New Delhi,"Ravi Adusumalli, Saif Partners",Private Equity,12000000.0,100.8,2016,June
1617,2016-06-17,Silvan Innovation Labs,Technology,Home Automation Solutions,Bengaluru,Infuse Ventures,Private Equity,900000.0,7.56,2016,June
1618,2016-06-17,GreytHR,Technology,Payroll & HR Software Developer,Bengaluru,"New Enterprise Associates, Blume Ventures",Private Equity,5200000.0,43.68,2016,June
1619,2016-06-17,Duffl,eCommerce,Fashion Rental Marketplace,Bengaluru,Betonindia Technology Pvt Ltd,Seed Funding,0.0,0.0,2016,June
1620,2016-06-17,BYG,Consumer Internet,Fitness centre Discovery & Booking Mobile app,Bengaluru,"Sanjay Verma, Amit Khanna",Seed Funding,0.0,0.0,2016,June
1621,2016-06-20,Dipper,eCommerce,Freight Logistics Marketplace,New Delhi,3 Undisclosed Investors,Seed Funding,0.0,0.0,2016,June
1622,2016-06-20,Qonfuse,Consumer Internet,Online Test Papers for competitive exams,New Delhi,Hamraj Kumar,Seed Funding,0.0,0.0,2016,June
1623,2016-06-20,The Indian IRIS,Consumer Internet,Govt Policy Research & Information portal,Ahmedabad,Timbru Ventures,Seed Funding,0.0,0.0,2016,June
1624,2016-06-21,Onspoon,Consumer Internet,Online Platform for Event Sponsorship,Mumbai,Swan Angel Network,Seed Funding,150000.0,1.26,2016,June
1625,2016-06-21,REstate,Consumer Internet,Real Estate Platform,Bengaluru,Idein Ventures,Seed Funding,0.0,0.0,2016,June
1626,2016-06-21,Cleartrip,Consumer Internet,Online Travel Agency,Mumbai,"Concur Technologies, Gund Investment",Private Equity,0.0,0.0,2016,June
1627,2016-06-21,ProcMart,Consumer Internet,Online Procurement Marketplace,Noida,Indiamart,Private Equity,0.0,0.0,2016,June
1628,2016-06-21,Celerix,Technology,Fintech Product Development & Services Startup,Bengaluru,Bitkemy Ventures,Seed Funding,400000.0,3.36,2016,June
1629,2016-06-21,NatureNama,Consumer Internet,Online Outdoors & travel,Mumbai,Unicorn Venture,Seed Funding,225000.0,1.89,2016,June
1630,2016-06-21,CyclopsMedtech,Technology,Medical Technology Provider,Bengaluru,Cp Bothra,Seed Funding,0.0,0.0,2016,June
1631,2016-06-21,Syona Cosmetics,FMCG,Beauty Products & Training to Salons & Spas,Chennai,The Chennai Angels,Seed Funding,150000.0,1.26,2016,June
1632,2016-06-21,PrettySecrets,eCommerce,Women Lingerie Store,Mumbai,"Rb Investments Pte Ltd, Orios Venture Partners",Private Equity,6000000.0,50.4,2016,June
1633,2016-06-22,SpiderG,Consumer Internet,Online invoice app for SMEs,Pune,"Rahul Kirloskar, Fusion Tech Ventures, Adi Saravanan, Pravin Dongre, Mahendra Doshi",Seed Funding,150000.0,1.26,2016,June
1634,2016-06-23,FarEye,Technology,Logistics Management Software,New Delhi,Saif Partners,Private Equity,3500000.0,29.4,2016,June
1635,2016-06-23,The Uolo,Consumer Internet,School Parent Communication App,Bengaluru,"Purvi Ventures, Rajul Garg, Vipin Arora",Seed Funding,210000.0,1.76,2016,June
1636,2016-06-23,Staqu,Technology,Artificial Intelligence based search platform,Gurugram,"Idg, Indian Angel Network",Seed Funding,0.0,0.0,2016,June
1637,2016-06-23,Padhopadhao,Consumer Internet,Home Tutors search & Discovery,New Delhi,Rise India,Private Equity,0.0,0.0,2016,June
1638,2016-06-24,Drivify,Consumer Internet,Professional Driver discovery & Booking Mobile app,Mumbai,"Jitendra Gupta, Pankaj Tripathi",Seed Funding,50000.0,0.42,2016,June
1639,2016-06-24,PratiLipi,Consumer Internet,Multi-Lingual self-publishing platform,Bengaluru,Nexus Venture Partners,Seed Funding,0.0,0.0,2016,June
1640,2016-06-24,ParaBlu,Technology,Cloud Data Security & Privacy Solutions,Bengaluru,Kalaari Capital,Seed Funding,500000.0,4.2,2016,June
1641,2016-06-24,Schedulers Logistics,Logistics,Cold Storage Logistics solutions,Mumbai,Gvfl,Private Equity,6000000.0,50.4,2016,June
1642,2016-06-24,LEAP India,Others,Supply Chain Equipment & Services provider,Mumbai,Mayfield Ventures,Private Equity,3000000.0,25.2,2016,June
1643,2016-06-24,KabadiExpress,Others,Free Door Step Scrap Pickup Service,New Delhi,3 Undisclosed Investors,Seed Funding,148000.0,1.24,2016,June
1644,2016-06-27,YourDost,Consumer Internet,Online counselling & Personal coaching platform,Bengaluru,"Saif Partners, Aprameya Radhakrishnan, Phanindra Sama, Subba Rao Telidevara, Vibhu Garg, Paula Ravindra Mariwala, Gaurav Bhalotia",Seed Funding,1200000.0,10.08,2016,June
1645,2016-06-27,Gomalon,Consumer Internet,Online Spa & Salon discovery & Booking platform,Bengaluru,3 Undisclosed Investors,Seed Funding,100000.0,0.84,2016,June
1646,2016-06-27,Voler Cars,Consumer Internet,Self-Driven Car rental platform,New Delhi,"Kanodia Family, Amit Banka",Seed Funding,0.0,0.0,2016,June
1647,2016-06-27,Travelyaari,Consumer Internet,Online ticket booking platform,Bengaluru,Gvfl Ltd,Private Equity,3000000.0,25.2,2016,June
1648,2016-06-28,FabHotels,Consumer Internet,Online Hotel aggregator & Booking platform,Gurugram,"Accel Partners India, Rb Investments",Private Equity,8000000.0,67.2,2016,June
1649,2016-06-28,Locanix,Technology,GPS based SaaS Solutions,Ahmedabad,3 Undisclosed Investors,Seed Funding,300000.0,2.52,2016,June
1650,2016-06-28,LendingKart,Consumer Internet,Online Working Capital Business Loans Platform,Ahmedabad,"Bertelsmann India Investments, Mayfield India, Saama Capital, India Quotient",Private Equity,32000000.0,268.8,2016,June
1651,2016-06-28,Hello Tax,Consumer Internet,Online Tax Filing Platform,New Delhi,Sanjeev Sinha,Seed Funding,295000.0,2.48,2016,June
1652,2016-06-28,MySuperBrain,Consumer Internet,Online Talent Discovery Platform for Kids,Hyderabad,Soniks Consulting,Seed Funding,0.0,0.0,2016,June
1653,2016-06-28,BlogBeats,Consumer Internet,Online Blogging Platform,Bengaluru,3 Undisclosed Investors,Seed Funding,0.0,0.0,2016,June
1654,2016-06-29,LetReach,eCommerce,ECommerce SAAS Solutions,New Delhi,Vcommission,Private Equity,100000.0,0.84,2016,June
1655,2016-06-29,TrendieApp,Technology,Visual Content Marketing,Kolkata,Harsh Vardhan Hada,Seed Funding,50000.0,0.42,2016,June
1656,2016-06-29,ImpactGuru,Consumer Internet,Crowdfunding Platform,Mumbai,Piyush Jain,Seed Funding,0.0,0.0,2016,June
1657,2016-06-29,Velvetcase,eCommerce,Online designer jewellery marketplace,Mumbai,"Uniqorn Ventures Fund, Tv Mohandas Pai, S Somasegar",Private Equity,1500000.0,12.6,2016,June
1658,2016-06-30,Meru Cabs,Consumer Internet,Online/ Mobile Tax Cab booking,Mumbai,Brand Capital,Private Equity,25000000.0,210.0,2016,June
1659,2016-06-30,Campus Diaries,Consumer Internet,Student focussed Content Discovery portal,Bengaluru,Aarin Capital,Seed Funding,220000.0,1.85,2016,June
1660,2016-06-30,Scripbox,Consumer Internet,Online Mutual Fund Investment platform,Bengaluru,"Omidyar Network, Accel Partners & Existing Investors",Private Equity,0.0,0.0,2016,June
1661,2016-06-30,Biryani Blues,Food & Beverage,QSR Chain,Gurugram,Carpediem Capital & Others,Private Equity,368000.0,3.09,2016,June
1662,2016-05-01,MotoMojo,Consumer Internet,Mobile based Vehicle maintenance App,Mumbai,"Niloufer Dundh, Fauzan Rahim, Balamurugan Mani,",Seed Funding,0.0,0.0,2016,May
1663,2016-05-01,Get My Parking,Technology,Parking Technology Platform,New Delhi,The Chennai Angels,Seed Funding,376000.0,3.16,2016,May
1664,2016-05-01,Prescribez,Consumer Internet,Health Service Aggregator Platform,Pune,Ankush Mehta,Seed Funding,145000.0,1.22,2016,May
1665,2016-05-02,Airwood,Technology,Agri Data & Analytics Platform,Chennai,Startupxseed Ventures,Seed Funding,0.0,0.0,2016,May
1666,2016-05-03,Mobikwik,Consumer Internet,Mobile & Digital Wallet,Gurugram,"Gmo Payment Gateway, Mediatek",Private Equity,50000000.0,420.0,2016,May
1667,2016-05-03,iDreamCareer,Consumer Internet,Career Planning Services Portal,New Delhi,Brand Capital,Private Equity,0.0,0.0,2016,May
1668,2016-05-03,Zwayam,Consumer Internet,Online Recruitment Platform,Bengaluru,3 Undisclosed Investors,Seed Funding,250000.0,2.1,2016,May
1669,2016-05-03,BoiBanit,Consumer Internet,Online Food Delivery platform,Vadodara,3 Undisclosed Investors,Seed Funding,0.0,0.0,2016,May
1670,2016-05-03,Zuver,Consumer Internet,Car driver Discovery App,Mumbai,"Shruth & Smith Group, Hermes Group",Seed Funding,180000.0,1.51,2016,May
1671,2016-05-03,Prepathon,Education,Competitive Exam learning platform,Mumbai,Blume Ventures,Private Equity,0.0,0.0,2016,May
1672,2016-05-04,EasyRoads,Consumer Internet,Road Trip planning Mobile app,Mumbai,"Rohan Angrish, Hrishi Oberoi, Rahul Mehta, Kapil Hetamsaria, Pranav Dedhia",Seed Funding,200000.0,1.68,2016,May
1673,2016-05-04,Lenskart,eCommerce,Eyewear & Accessories etailer,New Delhi,"International Finance Corp, Tpg Growth, Adveq Management, Idg Ventures, Ratan Tata, Kris Gopalakrishnan",Private Equity,60000000.0,504.0,2016,May
1674,2016-05-04,Seclore,Technology,Enterprise Security Technology platform,Mumbai,"Sistema Asia Fund, Helion Venture, Ventureeast, India Alternatives",Private Equity,12000000.0,100.8,2016,May
1675,2016-05-04,SolarTown,Technology,Solar Rooftop system installation company,Chennai,Grex.In,Seed Funding,200000.0,1.68,2016,May
1676,2016-05-04,Comarete,Technology,Telecom & Media IT services company,Pune,Grex.In,Seed Funding,200000.0,1.68,2016,May
1677,2016-05-04,MyDentistChoice,eCommerce,Medical Supplies eTailer,Hyderabad,3 Undisclosed Investors,Seed Funding,150000.0,1.26,2016,May
1678,2016-05-04,Active.ai,Technology,Intelligent Tech platform for Finance vertical,Singapore,Kalaari Capital Accelerator Program,Seed Funding,500000.0,4.2,2016,May
1679,2016-05-04,Affordplan,Technology,Affordable non-emergency medical service health plans,New Delhi,Kalaari Capital Accelerator Program,Seed Funding,500000.0,4.2,2016,May
1680,2016-05-04,Indee,Consumer Internet,Web Video Streaming Platform,Bengaluru,Kalaari Capital Accelerator Program,Seed Funding,500000.0,4.2,2016,May
1681,2016-05-05,Unbxd,Technology,eCommerce product discovery software,New Delhi,"Idg Ventures, Inventus Capital, Indian Angel Network",Private Equity,0.0,0.0,2016,May
1682,2016-05-05,WebAlligator,Consumer Internet,Cloud Based Software Solutions,Bengaluru,Group Of Undisclosed Angel Investors & Hnis,Seed Funding,375000.0,3.15,2016,May
1683,2016-05-06,EduAce Services,Education,Education Workshops & mentoring programs,Lucknow,Momagic Technologies,Private Equity,1000000.0,8.4,2016,May
1684,2016-05-06,Meesho,eCommerce,Social commerce platform,Bengaluru,Rajul Garg & Others,Seed Funding,0.0,0.0,2016,May
1685,2016-05-07,Zebroads,Logistics,Logistics and Warehousing services,Hyderabad,3 Undisclosed Investors,Seed Funding,75000.0,0.63,2016,May
1686,2016-05-09,Locus,Technology,Logistics Intelligence platform,Bengaluru,"Exfinity Venture Partners, Blume Ventures, Beenext, Rajesh Ranavat",Private Equity,2750000.0,23.1,2016,May
1687,2016-05-09,Toko Innovations,Consumer Internet,Children\\xe2\\x80\\x99s Entertainment Portal,Bengaluru,"Roopak Saluja, Vishal Khare",Seed Funding,450000.0,3.78,2016,May
1688,2016-05-09,Rentickle,eCommerce,"Furniture, appliances Portal",New Delhi,"Manish Kheterpal, Vinay Mittal, Dinesh Mittal, Sandeep Gupta",Seed Funding,250000.0,2.1,2016,May
1689,2016-05-10,HealthifyMe,Consumer Internet,Health & Fitness App,Bengaluru,"Idg Ventures India, Inventus Capital, Blume Ventures",Private Equity,6000000.0,50.4,2016,May
1690,2016-05-10,Zarget,Consumer Internet,Conversion Rate Optimization Platform,Chennai,"Accel Partners, Matrix Partners, Girish Mathrubootham",Private Equity,1500000.0,12.6,2016,May
1691,2016-05-10,InnoNano Research,Technology,Clean Water Technology,Chennai,Nanoholdings,Private Equity,18000000.0,151.2,2016,May
1692,2016-05-10,SchoolWear,eCommerce,School Uniform & Supplies Marketplace,Mumbai,3 Undisclosed Investors,Seed Funding,1500000.0,12.6,2016,May
1693,2016-05-10,Swiggy,Consumer Internet,Food Delivery Platform,Bengaluru,"Norwest Venture Partners, Dst Global, Accel Partners",Private Equity,7000000.0,58.8,2016,May
1694,2016-05-11,Zenify,Consumer Internet,Home rental Discovery & Booking Portal,Bengaluru,3 Undisclosed Investors,Private Equity,900000.0,7.56,2016,May
1695,2016-05-11,Faircent,Consumer Internet,Online Peer to Peer Lending platform,Gurugram,"Jm Financial Products Ltd, Arun Tadanki, Doreswamy Nandkishore, Kshitij Jain",Private Equity,0.0,0.0,2016,May
1696,2016-05-11,Fractal Analytics,Technology,Data Analytics Company,Mumbai,Khazanah Nasional Berhad,Private Equity,100000000.0,840.0,2016,May
1697,2016-05-12,Unacademy,Consumer Internet,Free Online Education Platform,Bengaluru,"Blume Ventures, Rajan Anandan, Sumit Jain, Aprameya Radhakrishna, Sujeet Kumar, Phanindra Sama",Seed Funding,500000.0,4.2,2016,May
1698,2016-05-12,Capital Float,Consumer Internet,Online Lending Platform,Bengaluru,"Creation Investments Capital Management, Saif Partners, Sequoia Capital, Aspada Ventures",Private Equity,25000000.0,210.0,2016,May
1699,2016-05-12,Life Circle,Healthcare,Senior Healthcare Services,Hyderabad,Groupe Sos,Private Equity,150000.0,1.26,2016,May
1700,2016-05-12,Dream Wallets,Consumer Internet,Online Crowdfunding platform,Jaipur,"Rakesh Gupta, Aditya Aggarwal, Siddharth Banerjee, Vikas Ranjan, Anshul Jindal, Sunil Koul, And Sanjeev Agrawal",Seed Funding,0.0,0.0,2016,May
1701,2016-05-12,ShabdNagari,Consumer Internet,Hindi social networking portal,Kanpur,Ah! Ventures,Seed Funding,0.0,0.0,2016,May
1702,2016-05-12,Galleri5,Consumer Internet,Visual Content Discovery platform,Bengaluru,"Phanindra Sama, Raghunandan G,",Seed Funding,0.0,0.0,2016,May
1703,2016-05-12,Derbii,Logistics,Carpooling Services,Gurugram,Anurag Chauhan,Seed Funding,0.0,0.0,2016,May
1704,2016-05-13,StayZilla,Consumer Internet,Budget Room Aggregator Booking platform,Chennai,"Matrix Partners, Nexus Ventures",Private Equity,13500000.0,113.4,2016,May
1705,2016-05-13,WoW Express,Logistics,E-Commerce Logistics Solutions,Mumbai,Undisclosed Investors & Tamarind Family Private Trust,Private Equity,2200000.0,18.48,2016,May
1706,2016-05-16,Smartivity,eCommerce,Smart Learning products,New Delhi,"S Chand, Advantedge Partners",Private Equity,1000000.0,8.4,2016,May
1707,2016-05-16,BedBathMore,Consumer Internet,Home Decor eMarketplace,Mumbai,"Kinnevik Group, Rocket Internet",Private Equity,0.0,0.0,2016,May
1708,2016-05-17,Murgency,Consumer Internet,Medical Emergency Response App,Mumbai,Rata Tata,Private Equity,0.0,0.0,2016,May
1709,2016-05-17,Crownit,Consumer Internet,Mobile customer rewards management platform,Gurugram,"Undisclosed Investors, Accel Partners, Helion Venture Partners",Private Equity,0.0,0.0,2016,May
1710,2016-05-17,Blinge,eCommerce,Apparel Rental platform,Mumbai,"Anupam Mittal, Anuj Srivastava, Ankit Nagori",Seed Funding,0.0,0.0,2016,May
1711,2016-05-18,TheSmartQ,Consumer Internet,Food Ordering Mobile App,Bengaluru,Yournest Angel Fund,Seed Funding,250000.0,2.1,2016,May
1712,2016-05-18,PurpleHealth,Consumer Internet,Online health-on-demand platform,Trivandrum,Katabole Technology Venture,Seed Funding,100000.0,0.84,2016,May
1713,2016-05-18,Fundamentor,Education,Aptitude Development Program,Pune,Subramanya Sv,Seed Funding,0.0,0.0,2016,May
1714,2016-05-18,EduPristine,Education,Online Certification Courses,Mumbai,"Kaizen Management Advisors, Devry Inc",Private Equity,10000000.0,84.0,2016,May
1715,2016-05-18,BhiveWorkspace,Reality,Co-Working Spaces,Bengaluru,Blume Ventures,Private Equity,1000000.0,8.4,2016,May
1716,2016-05-18,Parentlane,Consumer Internet,Parenting & Child Care app,Bengaluru,"Sujeet Kumar, Aprameya, Sumit Jain, Subramanya Venkat, Venk, Ravi Machani, Hitesh Gupta, Rohit Choudhary",Seed Funding,0.0,0.0,2016,May
1717,2016-05-19,Appie,Consumer Internet,Location-based offline retail discovery platform,Mumbai,3 Undisclosed Investors,Seed Funding,1000000.0,8.4,2016,May
1718,2016-05-19,Niki.ai,Technology,Artificial Intelligence Platform,Bengaluru,Rata Tata,Private Equity,0.0,0.0,2016,May
1719,2016-05-19,TaxiVaxi,Consumer Internet,Cab Aggregating Platform,New Delhi,3 Undisclosed Hnis,Seed Funding,500000.0,4.2,2016,May
1720,2016-05-19,Veqta,Consumer Internet,On Demand Digital Sports Network,New Delhi,"Chatsworth Management, Itw Digital",Seed Funding,500000.0,4.2,2016,May
1721,2016-05-20,i2ifunding,Consumer Internet,Online Peer to Peer Funding,Noida,3 Undisclosed Investors,Seed Funding,300000.0,2.52,2016,May
1722,2016-05-23,EduRev,Consumer Internet,Online Learning Platform,Gurugram,Pradeep Reddy Kamasan,Seed Funding,0.0,0.0,2016,May
1723,2016-05-23,Hoppingo,Consumer Internet,Fashion Discovery platform,New Delhi,Vcommission,Seed Funding,89000.0,0.75,2016,May
1724,2016-05-24,Eatonomist,Consumer Internet,Food Delivery Platform,Gurugram,Mcube Capital Advisors Pvt Ltd,Seed Funding,0.0,0.0,2016,May
1725,2016-05-24,Goalwise,Consumer Internet,Online investment platform,Bengaluru,3 Undisclosed Hnis,Seed Funding,1000000.0,8.4,2016,May
1726,2016-05-25,Roast,Consumer Internet,Mobile entertainment App,New Delhi,"Idg, Indian Angel Network",Seed Funding,0.0,0.0,2016,May
1727,2016-05-25,Address Health,Healthcare,Pediatric Primary Healthcare Network,Bengaluru,Gray Matters Capital,Private Equity,1500000.0,12.6,2016,May
1728,2016-05-25,Arcatron Mobility,Technology,Mobility Devices for differently abled,Pune,Sudhir Mehta,Seed Funding,100000.0,0.84,2016,May
1729,2016-05-25,SheThePeople,Consumer Internet,Digital platform for Women,New Delhi,Anand Mahindra,Seed Funding,0.0,0.0,2016,May
1730,2016-05-26,Cleartax,Consumer Internet,Online Income Tax Filing platform,Bengaluru,"Ff Angel, Sequoia Capital",Private Equity,2000000.0,16.8,2016,May
1731,2016-05-26,Consure Medical,Healthcare,Medical Devices Kit manufacturer,New Delhi,"Accel Partners, Indian Angel Network, India Innovation Fund India Venture Partners",Private Equity,0.0,0.0,2016,May
1732,2016-05-26,mChamp,Consumer Internet,Celebrity Entertainment Contest App,New Delhi,Momagic Technologies,Seed Funding,475000.0,3.99,2016,May
1733,2016-05-27,Pianta,Consumer Internet,Online healthcare service discovery platform,Bengaluru,"Kunal Shah, Sandeep Tandon",Seed Funding,0.0,0.0,2016,May
1734,2016-05-30,Vahanalytics,Technology,Safe driving Analytics platform,Mumbai,"Anirudh Damani, Vikram Lakhotia",Seed Funding,200000.0,1.68,2016,May
1735,2016-05-31,Play Your Sport,Consumer Internet,Location based Sports & Fitness Discovery App,New Delhi,Ashish Gupta And Other Undisclosed Investors,Seed Funding,0.0,0.0,2016,May
1736,2016-05-31,Koovs,eCommerce,Apparel & Lifestyle eTailer,New Delhi,Ht Media Ltd,Private Equity,4400000.0,36.96,2016,May
1737,2016-05-31,CCavenue,Consumer Internet,Payment Gateway,Mumbai,Nsi Infinium Global Pvt. Ltd,Private Equity,8900000.0,74.76,2016,May
1738,2016-05-31,1mg,eCommerce,Online Pharmacy,Gurugram,Hbm Healthcare Investments,Private Equity,0.0,0.0,2016,May
1739,2016-05-31,Tpot,Food & Beverage,QSR Chain,Gurugram,Ashish Gupta,Seed Funding,0.0,0.0,2016,May
1740,2016-05-31,MachaDalo,Consumer Internet,Hyperlocal Advertising Platform,Mumbai,3 Undisclosed Investors,Seed Funding,175000.0,1.47,2016,May
1741,2016-04-01,Dil Mil,Consumer Internet,Matchmaking Mobile App,SFO / Bangalore,"Nelstone Ventures, Transmedia Capital, Maiden Lane Ventures, Csc Upshot & Angel Investors",Private Equity,2700000.0,22.68,2016,April
1742,2016-04-01,PicsDream,Consumer Internet,Online Marketplace for Photographers,New Delhi,Raman Roy,Seed Funding,0.0,0.0,2016,April
1743,2016-04-01,Process 9,Consumer Internet,online translation and transliteration,Gurugram,"Indian Angel Network, Alok Sharma, Kris Gopalakrishnan, Saurabh Srivastava, And Ajai Chowdhry",Seed Funding,0.0,0.0,2016,April
1744,2016-04-04,Housing,Consumer Internet,Real Estate Portal,Mumbai,Vineet Singh,Private Equity,0.0,0.0,2016,April
1745,2016-04-04,Roll Mafia,Food & Beverage,Rolls & Biryanis QSR chain,Pune,Equentia Natural Resource & Other Undisclosed Investors,Seed Funding,0.0,0.0,2016,April
1746,2016-04-04,Hungama,Consumer Internet,Digital Media Entertainment Portal,Mumbai,Xiaomi Inc,Private Equity,25000000.0,210.0,2016,April
1747,2016-04-04,Highway Delite,Consumer Internet,Various Highway Help Services,Bengaluru,N.S. Raghavan Centre For Entrepreneurial Learning,Seed Funding,0.0,0.0,2016,April
1748,2016-04-05,Cult Fitness,Healthcare,Healthcare training programs,Bengaluru,Mukesh Bansal,Seed Funding,0.0,0.0,2016,April
1749,2016-04-05,Haptik,Technology,Personal Assistant App,Mumbai,Times Internet Ltd,Private Equity,0.0,0.0,2016,April
1750,2016-04-05,Servify,Consumer Internet,Gadget & Appliances Service App,Mumbai,"Blume Ventures, Barkawi Holdings Gmbh, Tm Service Technology Holdings Gmbh",Private Equity,0.0,0.0,2016,April
1751,2016-04-06,Shipsy,Logistics,Logistics Solutions,Gurugram,Dtdc Express Ltd,Private Equity,1000000.0,8.4,2016,April
1752,2016-04-06,gear6,Consumer Internet,Online bike service and repairs platform,Bengaluru,Ninestarter,Seed Funding,500000.0,4.2,2016,April
1753,2016-04-06,MyGlamm,Consumer Internet,Mobile based on-demand Beauty Services platform,Mumbai,L\\Xe2\\X80\\X99Occitane,Private Equity,6000000.0,50.4,2016,April
1754,2016-04-06,Petoo,Consumer Internet,Online Food Delivery Platform,Bengaluru,Axilor Ventures,Private Equity,1000000.0,8.4,2016,April
1755,2016-04-07,Truly Social,Consumer Internet,Mobile Gaming Studio,London,Nazara Technologies Pvt Ltd,Private Equity,0.0,0.0,2016,April
1756,2016-04-08,Little Black Book,Consumer Internet,"Curated Food, event & Lifestyle guide",New Delhi,"Idg, Indian Angel Network",Seed Funding,0.0,0.0,2016,April
1757,2016-04-08,Vahan,Education,Mobile Education Platform,Chennai,Villgro,Seed Funding,0.0,0.0,2016,April
1758,2016-04-08,imedilane,Consumer Internet,Online Health Diagnosis platform,New Delhi,"Mahendra Patel, Nilender Chauhan",Seed Funding,40000.0,0.34,2016,April
1759,2016-04-11,Living Local,Consumer Internet,Social discovery platform,Mumbai,Rattan Chadha,Seed Funding,200000.0,1.68,2016,April
1760,2016-04-11,Vegfru,eCommerce,Online Fruit & Vegetable Marketplace,New Delhi,Wingify,Seed Funding,0.0,0.0,2016,April
1761,2016-04-11,Oyo,Consumer Internet,Online Branded Budget Room Booking Service,New Delhi,"Softbank, Sequoia Capital, Lightspeed Venture Partners, Greenoaks Capital, Dsg Consumer Partners And Venture Nursery",Private Equity,100000000.0,840.0,2016,April
1762,2016-04-11,PriceRaja,Consumer Internet,Price Comparison Portal,Gurugram,Prashant Puri,Seed Funding,300000.0,2.52,2016,April
1763,2016-04-12,MagicX,Consumer Internet,On-Demand Task Management App,Bengaluru,"Kris Gopalakrishnan, Dr. Ranjan Pai",Seed Funding,1000000.0,8.4,2016,April
1764,2016-04-12,Happydemic,Consumer Internet,Artist Discovery & Booking platform,Mumbai,Shaan,Seed Funding,0.0,0.0,2016,April
1765,2016-04-12,LenDenClub,Finance,Peer-to-Peer Lending Platform,Mumbai,"Anirudh Damani, Daud Ali, Narendra Karnavat, Vikas Kapoor, Vikram Lakhotia, Krishna Jhunjhunwaala, Jayesh Shah",Seed Funding,0.0,0.0,2016,April
1766,2016-04-12,Indi.com,Consumer Internet,Video Social Network,Unknown,Anil Kapoor,Seed Funding,0.0,0.0,2016,April
1767,2016-04-13,Legalraasta,Consumer Internet,Online legal Services for Startups,New Delhi,"Pravin Khandelwal, Yatin Kumar Jain",Seed Funding,1000000.0,8.4,2016,April
1768,2016-04-13,RainCan,Consumer Internet,Subscription-based grocery delivery Mobile App,Pune,Dr. Aniruddha Malpani,Seed Funding,150000.0,1.26,2016,April
1769,2016-04-13,Hippily,eCommerce,Fashion ECommerce App,Mumbai,"Dr. Sridhar Ramaswamy, Rakesh Mathur",Seed Funding,250000.0,2.1,2016,April
1770,2016-04-13,kredX,eCommerce,Invoice discounting\\xc2\\xa0 Marketplace,Bengaluru,Prime Venture Partners,Seed Funding,750000.0,6.3,2016,April
1771,2016-04-14,Wedwise,Consumer Internet,Wedding related services community,New Delhi,Startup Equity Partners,Seed Funding,0.0,0.0,2016,April
1772,2016-04-14,BeaconsTalk,Technology,contextual mobile advertising,Mumbai,"Rajeev Agrawal, Prashant Gooty",Seed Funding,100000.0,0.84,2016,April
1773,2016-04-15,Deal 4Loans,Consumer Internet,Loan Comparison Portal,Noida,"Ram Shriram, Neeraj Arora, Puru Vashishtha",Seed Funding,0.0,0.0,2016,April
1774,2016-04-15,RenewBuy,Consumer Internet,Online Car & Bike Insurance Comparison portal,New Delhi,Mount Nathan Advisors,Seed Funding,1000000.0,8.4,2016,April
1775,2016-04-15,Blue Box Media,Consumer Internet,Online Tech Portals,Jaipur,"Mahavir Pratap Sharma, Ajay Data, Yogesh Chaudhary, Sanjay Phophaliya, Siddharth Agarwal, Kamal Kothari",Seed Funding,0.0,0.0,2016,April
1776,2016-04-15,Vyomo,Consumer Internet,On-Demand Beauty Service provider,New Delhi,Naturals Salon Chain,Private Equity,15000000.0,126.0,2016,April
1777,2016-04-15,Organicshop,eCommerce,Marketplace for organic products,Jaipur,"Vivek Nathani, Yogesh Chaudhary, Mahavir Pratap Sharma, Kamal Kothari, H C Jain",Seed Funding,0.0,0.0,2016,April
1778,2016-04-15,MInd Your Fleet,Consumer Internet,Car Rental Software,Noida,3 Undisclosed Investors,Seed Funding,0.0,0.0,2016,April
1779,2016-04-15,NestAway,Consumer Internet,Furnished Home Rental Platform,Bengaluru,Tiger Global,Private Equity,30000000.0,252.0,2016,April
1780,2016-04-15,Tapchief,Consumer Internet,Expert Advice Platform,Bengaluru,Vijay Shekhar Sharma,Seed Funding,150000.0,1.26,2016,April
1781,2016-04-18,Rapido,Consumer Internet,Bike Aggregator App,Bengaluru,"Pawan Munjal, Advantedge Partners, Astarc Ventures",Private Equity,0.0,0.0,2016,April
1782,2016-04-18,Yufta,eCommerce,Women\\xe2\\x80\\x99s Fashion ECommerce Portal,Bengaluru,Ajay Data & Other Hnis,Seed Funding,0.0,0.0,2016,April
1783,2016-04-18,Smytten,eCommerce,Online Discovery and Shopping Platform,Gurugram,Rajan Anandan,Seed Funding,0.0,0.0,2016,April
1784,2016-04-18,Houssup,Consumer Internet,interior design and home furnishing portal,Jaipur,"Mitin Patel, Gaurav Agarwal",Seed Funding,0.0,0.0,2016,April
1785,2016-04-18,Jugnoo,Consumer Internet,On-demand Delivery & Logistics platform,Chandigarh,Paytm & Existing Investors,Private Equity,10000000.0,84.0,2016,April
1786,2016-04-18,Tork Motocycles,Auto,Electric Motorcycle Manufacturer,Pune,"Bhavish Aggarwal, Ankit Bhati",Seed Funding,0.0,0.0,2016,April
1787,2016-04-19,Betaout,eCommerce,customer intelligence and marketing automation platform,Noida,"Stanford Angels, Letsventure, Chennai Angels, Hyderabad Angels, Mumbai Angels",Private Equity,1500000.0,12.6,2016,April
1788,2016-04-19,DriversCart,Consumer Internet,on-demand chauffeur provider,Chennai,Ah! Ventures,Seed Funding,450000.0,3.78,2016,April
1789,2016-04-19,LensKart,eCommerce,Eyewear etailing platform,New Delhi,Rata Tata,Private Equity,0.0,0.0,2016,April
1790,2016-04-19,CollegeDekho,Consumer Internet,College & Student information platform,New Delhi,Man Capital,Private Equity,2000000.0,16.8,2016,April
1791,2016-04-19,OYOfit,Consumer Internet,Fitness Services Aggregator platform,Bengaluru,Rn Agarwal,Seed Funding,0.0,0.0,2016,April
1792,2016-04-19,Oliveboard,Consumer Internet,Online exam practice & preparation platform,Bengaluru,India Educational Investment Fund,Private Equity,0.0,0.0,2016,April
1793,2016-04-19,Simplilearn,Consumer Internet,Online certification platform,Bengaluru,Brand Capital,Private Equity,0.0,0.0,2016,April
1794,2016-04-20,1mg,eCommerce,Online Pharmacy,Gurugram,"Maverick Capital Ventures, Sequoia Capital, Omidyar Network",Private Equity,15000000.0,126.0,2016,April
1795,2016-04-20,Fashalot,Consumer Internet,Fashion and Store discovery mobile app,New Delhi,"Yournest Angel Fund, Rajul Garg",Seed Funding,0.0,0.0,2016,April
1796,2016-04-20,Broomberg,Consumer Internet,Cleaning Services Provider,New Delhi,Undisclosed Angel Investors,Seed Funding,0.0,0.0,2016,April
1797,2016-04-21,m.paani,Consumer Internet,Loyalty rewards platform,Mumbai,"Blume Ventures, Adil Allana, Aprameya Radhakrishna, Gautam Ivatury, Signal Point Partners",Seed Funding,0.0,0.0,2016,April
1798,2016-04-21,Yufta,eCommerce,hyperlocal fashion retail platform,Jaipur,Ajay Data & Undisclosed Hnis,Seed Funding,0.0,0.0,2016,April
1799,2016-04-21,mishTag,Consumer Internet,"Style, Fashion Discovery Mobile app",New Delhi,"M&Y Partners, Svg Media, Anthil Ventures & Others",Seed Funding,0.0,0.0,2016,April
1800,2016-04-21,Advanced Structures India,Auto,Automotive Design and Engineering company,Bengaluru,Girnarsoft,Private Equity,0.0,0.0,2016,April
1801,2016-04-22,Licious,eCommerce,Mobile based Meat ordering App,Bengaluru,Mayfield India Ii Management Ltd,Private Equity,3000000.0,25.2,2016,April
1802,2016-04-22,Knolskae,Consumer Internet,Educational Gamification & Simulation platform,Bengaluru,"Inventus Capital Partners, Hr Fund",Private Equity,0.0,0.0,2016,April
1803,2016-04-22,Druva,Technology,Converged Backup & Data Protection Solutions for Enterprises,Pune,"Ntt Finance, Telephone Corporation",Private Equity,0.0,0.0,2016,April
1804,2016-04-22,TOKO Innovation Studios,Consumer Internet,Children\xe2\x80\x99s Entertainment Games & Products,New Delhi,"Idg, Indian Angel Network",Seed Funding,450000.0,3.78,2016,April
1805,2016-04-25,Commut,Consumer Internet,Shuttle Service Provider,Hyderabad,50K Ventures,Seed Funding,200000.0,1.68,2016,April
1806,2016-04-25,intouchapp,Consumer Internet,Contact Management Mobile App,Pune,Blume Ventures,Seed Funding,0.0,0.0,2016,April
1807,2016-04-25,Dropkaffe,Food & Beverage,Ready-to-Drink Beverage Producer,Bengaluru,"Growthstory, Apurva Salapuria, Hitesh Oberoi, Sidharth Pansari, Nirupa Shankar",Seed Funding,550000.0,4.62,2016,April
1808,2016-04-26,Transerv,Consumer Internet,Digital Payments platform,Mumbai,"Idfc Spice Fund, Micromax Informatics",Private Equity,15000000.0,126.0,2016,April
1809,2016-04-26,ClearTax,Consumer Internet,Online filing of Tax returns,Bengaluru,"Max Levchin, Scott Banister",Private Equity,1300000.0,10.92,2016,April
1810,2016-04-26,Roposo,eCommerce,Social Fashion ECommerce Discovery platform,Gurugram,Bertelsmann India Investments,Private Equity,15000000.0,126.0,2016,April
1811,2016-04-27,MilkBasket,Consumer Internet,Micro Grocery Delivery Platform,Gurugram,Evc Ventures,Seed Funding,500000.0,4.2,2016,April
1812,2016-04-27,CareonGO,Consumer Internet,Online Pharmacy,Unknown,"Farooq Oomerbhoy, Anupam Mittal, Anand Mittal, Ravi Garikipati, Vibhu Garg, Singapore Angel Network, Konglo Ventures",Seed Funding,0.0,0.0,2016,April
1813,2016-04-27,RailYatri,Consumer Internet,Train Related Information portal,Noida,"Nandan Nilekani, Helion Ventures, Omidyar Networks, Blume Ventures",Private Equity,0.0,0.0,2016,April
1814,2016-04-27,ICHR,Consumer Internet,Mobile based Children health Information app,New Delhi,Undisclosed,Seed Funding,450000.0,3.78,2016,April
1815,2016-04-27,Murgency,Consumer Internet,Medical Emergency Response App,Mumbai,Axilor Ventures,Private Equity,0.0,0.0,2016,April
1816,2016-04-28,The Wedding Brigade,Consumer Internet,Online Wedding Information Portal,Mumbai,Blume Ventures & Other Unnamed Investors,Seed Funding,600000.0,5.04,2016,April
1817,2016-04-28,DocsApp,Consumer Internet,Online Doctor Discovery & Chat platform,Bengaluru,"Rebright Partners, Anand Rajaraman, Venky Harinarayan",Private Equity,1200000.0,10.08,2016,April
1818,2016-04-29,Impact Guru,Consumer Internet,Online Crowdfunding platform for NGOs & Social Projects,Mumbai,"Rb Investments, Fundnel",Seed Funding,500000.0,4.2,2016,April
1819,2016-04-29,LetReach,eCommerce,ECommerce SAAS Solutions,New Delhi,Vcommission,Private Equity,100000.0,0.84,2016,April
1820,2016-03-01,DriveU,Consumer Internet,Chauffeurs Discovery for private car owners,Bengaluru,Unitus Seed Fund,Seed Funding,0.0,0.0,2016,March
1821,2016-03-01,Gympik,Consumer Internet,"Fitness Centres, Gym Discovery online marketplace",Bengaluru,Roundglass Partners,Private Equity,0.0,0.0,2016,March
1822,2016-03-01,Testbook,Consumer Internet,Online Test Preparation Platform,Mumbai,S Chand & Co,Private Equity,0.0,0.0,2016,March
1823,2016-03-01,IQlect,Technology,Big Data Analytics Platform,Bengaluru,"Lip-Bu Tan, Michael Marks, Nicolas Braithwaite",Private Equity,0.0,0.0,2016,March
1824,2016-03-02,MoMark,Consumer Internet,Mobile Wallet Aggregation platform,Noida,Yournest Angel Fund,Private Equity,600000.0,5.04,2016,March
1825,2016-03-02,Skedool,Consumer Internet,AI based Office Assistant Mobile App,Seattle / Bangalore,"Kludein Llc\\Nphanindra Sama, Narayan Ramachandran, Pranav Pai",Seed Funding,0.0,0.0,2016,March
1826,2016-03-02,Systemantics,Technology,Industrial robots maker,Bengaluru,"Nandan Nilekani, Accel Partners",Private Equity,1400000.0,11.76,2016,March
1827,2016-03-03,Vertuals,Technology,Audio Visual Digital Content creators for Brands,Mumbai,Dino Morea,Seed Funding,0.0,0.0,2016,March
1828,2016-03-03,Imarticus Learning,Education,Financial Services & Analytics Education Institute,Mumbai,"Blinc Advisors, Amit Nanavati, Tashwinder Singh, Taranjit Jaswal, Amit Khanna",Private Equity,1000000.0,8.4,2016,March
1829,2016-03-03,Shouut,Consumer Internet,Social Discovery Mobile app,New Delhi,3 Undisclosed Investors,Seed Funding,500000.0,4.2,2016,March
1830,2016-03-04,TinyStep,Consumer Internet,Parenting Social Network Platform,Bengaluru,Matt Glickman,Private Equity,0.0,0.0,2016,March
1831,2016-03-04,Aahaa,ECommerce,Office Products Super Store,Chennai,Yournest Angel Fund,Private Equity,1000000.0,8.4,2016,March
1832,2016-03-04,Arcatron Mobility,Technology,Smart wheelchair Design and Development,Pune,"Sudhir Mehta, Anoop Hingorani",Seed Funding,0.0,0.0,2016,March
1833,2016-03-04,FTCash,Consumer Internet,Mobile Payments Platform,Kolkata,Ivycamp Ventures,Seed Funding,150000.0,1.26,2016,March
1834,2016-03-04,Civilsdaily,Consumer Internet,Civil Services News Aggregator,New Delhi,Manoj Kumar & Other Undisclosed Investors,Seed Funding,0.0,0.0,2016,March
1835,2016-03-04,Zappka,Consumer Internet,Mobile App discovery and review platform,Gurugram,"Daman Soni, Rajat Gupta & Others",Seed Funding,100000.0,0.84,2016,March
1836,2016-03-04,Tarusa World,ECommerce,Handicraft products eTailer,Mumbai,Mohit Gulati,Seed Funding,0.0,0.0,2016,March
1837,2016-03-04,medECUBE,Healthcare,Healthcare related Services provider,Gurugram,Artiman Ventures,Private Equity,4000000.0,33.6,2016,March
1838,2016-03-07,N.O.W,Consumer Internet,Bike Taxi Service & Hyperlocal Delivery App,Noida,"Ruchirans Jaipuria, Anuj Sanghi",Seed Funding,500000.0,4.2,2016,March
1839,2016-03-07,Ninjacart,ECommerce,B2B marketplace for Farmers & Retailers,Bengaluru,"Accel Partners, Qualcomm Ventures, M&S Partners, Zop Smart",Private Equity,3000000.0,25.2,2016,March
1840,2016-03-07,Reach,Consumer Internet,Cross Platform P2P file sharing mobile app,Bengaluru,"Rebright Partners, Sol Primero, Sudhir Anandarao, Ankur Warikoo, Ankur Singla",Seed Funding,500000.0,4.2,2016,March
1841,2016-03-07,Vanity Cube,Consumer Internet,Hyperlocal Beauty Services platform,New Delhi,Unicorn Venture,Seed Funding,250000.0,2.1,2016,March
1842,2016-03-07,Wooplr,ECommerce,Curated Fashion ECommerce portal,Bengaluru,"Naveen Tewari, Abhay Singhal, Amit Gupta, Piyush Shah, Raghunandan G, Rajiv Mehta",Seed Funding,0.0,0.0,2016,March
1843,2016-03-07,Medidaili,Consumer Internet,Medical Support service platform,Bengaluru,Undisclosed Private Investors,Seed Funding,100000.0,0.84,2016,March
1844,2016-03-08,Finomena,Technology,Credit Worthiness Big Data Analytics,New Delhi,Matrix Partners India,Private Equity,0.0,0.0,2016,March
1845,2016-03-08,Cookaroo,Consumer Internet,Food Delivery Platform,Bengaluru,Vijay Krishna Yadav,Seed Funding,0.0,0.0,2016,March
1846,2016-03-08,vPhrase Analytics,Technology,AI based data analytics platform,Mumbai,"Apoorv Ranjan Sharma, Daud Ali And Others",Seed Funding,0.0,0.0,2016,March
1847,2016-03-08,LoveCycles,Consumer Internet,Women\\xe2\\x80\\x99s health Tracker,Bengaluru,Prime Venture Partners,Seed Funding,750000.0,6.3,2016,March
1848,2016-03-08,Kartrocket,ECommerce,ECommerce SAAS platform,New Delhi,"Undisclosed Japanese Investor, Bertelsmann India Investments, Nirvana Digital India Fund, Nirvana Digital Investment Holding Co Ltd, 500 Start-Ups",Private Equity,8000000.0,67.2,2016,March
1849,2016-03-08,dunzo,Consumer Internet,Daily Task Management App,Bengaluru,"Aspada Investment Advisors, Blume Ventures.",Seed Funding,650000.0,5.46,2016,March
1850,2016-03-09,Indiamart,ECommerce,B2B Marketplace for SMBs,Noida,Amadeus Capital,Private Equity,0.0,0.0,2016,March
1851,2016-03-09,SmartVizX,Technology,Virtual Reality Solutions,Noida,"Indian Angel Network, Stanford Angels, Entrepreneurs India",Seed Funding,500000.0,4.2,2016,March
1852,2016-03-09,MyGubbi,Real Estate,Interior Design & Home D\\xc3\\xa9cor Solutions,Bengaluru,"Vipul Parekh, Ajesh K Murthy,",Seed Funding,2500000.0,21.0,2016,March
1853,2016-03-09,Nukkad Shops,Consumer Internet,Hyperlocal Grocery Delivery Service,Hyderabad,Purpletalk Inc,Seed Funding,1000000.0,8.4,2016,March
1854,2016-03-09,Cloudacar,Consumer Internet,Carpooling Mobile App,Pune,"Amit Choudhary, Anuj Puri",Seed Funding,0.0,0.0,2016,March
1855,2016-03-09,Justride,Consumer Internet,Self Drive Car Rental,Mumbai,Dheeraj Jain & Other Angel Investors,Seed Funding,400000.0,3.36,2016,March
1856,2016-03-09,Yana,Consumer Internet,Personal AI Transaction Engine App,Gurugram,"Puneet Gupta,",Seed Funding,0.0,0.0,2016,March
1857,2016-03-10,Big Fish Ventures,Food & Beverage,premium dining lounges Chain,New Delhi,3 Undisclosed Investors,Private Equity,11100000.0,93.24,2016,March
1858,2016-03-10,Stylflip,ECommerce,Pre-Owned Fashion marketplace mobile app,Mumbai,"Raj Gala Shah, Zaheer Memon",Seed Funding,0.0,0.0,2016,March
1859,2016-03-10,Icertis,Technology,Contract Management Software Solutions platform,Pune/Seattle,"Ignition Partners, Greycroft Partners, Fidelity Growth Partners India",Private Equity,15000000.0,126.0,2016,March
1860,2016-03-10,Supplified,ECommerce,Construction material eTailer,New Delhi,Mohit Goel,Seed Funding,1000000.0,8.4,2016,March
1861,2016-03-11,JollyFoodFellow,Technology,Food Related Marketing & Branding platform,Ahmedabad,Janak Parikh,Seed Funding,0.0,0.0,2016,March
1862,2016-03-14,PinkBlue,ECommerce,Medical Supplies eTailer,Bengaluru,"Hari Krishna, Ajay Modani, Dr V Ravinder, Anirudh Rastogi, Abhishek Jain, Rakesh Gakhar, Rajeev Mudumba, Nagendra Prasad Bhanuprakash",Seed Funding,223608.0,1.88,2016,March
1863,2016-03-14,TruckingCube,Logistics,"Domestic, Commercial, and Industrial Goods Movers",New Delhi,Agarwal Movers Group,Private Equity,14900000.0,125.16,2016,March
1864,2016-03-14,eSwasthya,Consumer Internet,Online Medicine Delivery Aggregator,Ahmedabad,Hemang Sahani,Seed Funding,0.0,0.0,2016,March
1865,2016-03-15,FlipClass,Consumer Internet,Tutor Search Platform,Bengaluru,"S Chand And Co Pvt Ltd, Blume Ventures",Private Equity,1000000.0,8.4,2016,March
1866,2016-03-15,Proximit,Technology,Advertising Technology,Pune,Funding Through 1Crowd Platform,Seed Funding,150000.0,1.26,2016,March
1867,2016-03-15,WithMe,Consumer Internet,Personalized Fashion App,Gurugram,"Alex Kuruvilla, Pradeep Guha, Saket Dhankar, Rajan Pandhare",Seed Funding,250000.0,2.1,2016,March
1868,2016-03-16,Gapoon,Consumer Internet,Hyperlocal Home Maintenance services,Bengaluru,"Chandrashekar Tallapragada, Pankaj Kapoor",Seed Funding,180000.0,1.51,2016,March
1869,2016-03-16,Avagmah,Consumer Internet,Online Education Portal,Bengaluru,"Kris Gopalakrishnan, Atul Nishar",Seed Funding,0.0,0.0,2016,March
1870,2016-03-16,WorkIndia,Consumer Internet,Online Job Board,Mumbai,Beenext,Seed Funding,0.0,0.0,2016,March
1871,2016-03-16,Wealthy,Consumer Internet,Online Investment management portal,Bengaluru,"Zishaan Hayath, Abhishek Goyal, Arjun And Rohan Malhotra, Harpreet Singh Grover, Gagan Dugal",Seed Funding,250000.0,2.1,2016,March
1872,2016-03-17,Pramati,Healthcare,Specialized Patient Care platform,Noida,3 Undisclosed Investors,Seed Funding,200000.0,1.68,2016,March
1873,2016-03-17,Qlivery,Consumer Internet,Ondemand Concierge Service,Gurugram,Swastika Company Ltd,Seed Funding,230000.0,1.93,2016,March
1874,2016-03-17,HealthEnablr,Consumer Internet,Doctor Discovery and booking platform,Mumbai,3 Undisclosed Investors,Seed Funding,800000.0,6.72,2016,March
1875,2016-03-17,Liftiee,Consumer Internet,Car/ bike Pooling App,Mumbai,"Rannvijay Singh, Anita Hassanandani",Seed Funding,108000.0,0.91,2016,March
1876,2016-03-18,Hello Curry,Food & Beverage,Quick Service Restaurant Chain,Hyderabad,Sashi Reddi & Other Unnamed Investors,Private Equity,1500000.0,12.6,2016,March
1877,2016-03-19,goSporto,Consumer Internet,Online Sports discovery and booking platform,New Delhi,Naveen Gupta,Seed Funding,30000.0,0.25,2016,March
1878,2016-03-21,OneClickWash,Consumer Internet,Online Laundry & Washing service Booking & Delivery,Gurugram,Unitus Seed Fund,Seed Funding,0.0,0.0,2016,March
1879,2016-03-21,Girnar Software,Consumer Internet,Online News Media Network,Jaipur,Google Capital,Private Equity,0.0,0.0,2016,March
1880,2016-03-21,Room On Call,Consumer Internet,Budget hotel aggregator,Gurugram,Cashurdrive Marketing Pvt Ltd,Private Equity,2000000.0,16.8,2016,March
1881,2016-03-22,Byju\\xe2\\x80\\x99s,Consumer Internet,Educational Video Content Creator,Bengaluru,"Sequoia India, Sofina",Private Equity,75000000.0,630.0,2016,March
1882,2016-03-22,BigBasket,eCommerce,Online Grocery Shop,Bengaluru,Abraaj Group,Private Equity,150000000.0,1260.0,2016,March
1883,2016-03-22,DrivoJoy,Consumer Internet,On-demand 2-wheeler Servicing platform,Bengaluru,"Indian Angel Network, Tracxn Labs & Others",Seed Funding,600000.0,5.04,2016,March
1884,2016-03-22,Smartron,Technology,Internet of Things Device manufacturer,Bengaluru,Sachin Tendulkar,Private Equity,0.0,0.0,2016,March
1885,2016-03-22,LifCare,Consumer Internet,Online Pharmacy portal,Jaipur,"Rajul Garg, Alok Mittal, Kunal Shah, Rishi Mandawat, Dheeraj Jain, Sandeep Tandon, Dexter Angel Circle",Seed Funding,0.0,0.0,2016,March
1886,2016-03-22,CreditSeva,Consumer Internet,Online Credit management tools,Hyderabad,"Pix Vine Capital, Infocomm Development Authority Of Singapore",Seed Funding,360000.0,3.02,2016,March
1887,2016-03-22,CityShor,Consumer Internet,online lifestyle media recommendation portal,Ahmedabad,Gain,Seed Funding,0.0,0.0,2016,March
1888,2016-03-23,Endless Robotics,Technology,Interior Painting Automation,Hyderabad,"Devidas Desai, Vipul Gautam, Singapore Angel Network",Seed Funding,100000.0,0.84,2016,March
1889,2016-03-23,SP Robotics,Technology,Robotic Classes for Students,Chennai,"Indian Angel Network,",Seed Funding,300000.0,2.52,2016,March
1890,2016-03-23,StalkBuyLove,eCommerce,Fashion eTailer,New Delhi,"500 Startups, Littlerock, Singularity Ventures",Seed Funding,0.0,0.0,2016,March
1891,2016-03-23,eKincare,Consumer Internet,Healthcare related solutions,Hyderabad,"Bitchemy Ventures, Maheshwari Investments Pvt Ltd, Anshoo Gaur, Rama Krishna Reddy, Sandeep Seerapu",Private Equity,330000.0,2.77,2016,March
1892,2016-03-23,HashLearn,Consumer Internet,Mobile based private tutoring services,Unknown,"Bhavish Aggarwal, Binny Bansal,\\Xc2\\Xa0 Rajan Anandan, Mekin Maheshwar, Sunil Kalra, Anupam Mittal, Krishna Mehra, Singapore Angel Network",Seed Funding,0.0,0.0,2016,March
1893,2016-03-23,Wheelstreet,Consumer Internet,Online Bike Rental platform,Bengaluru,Broadbean Capital Services,Private Equity,500000.0,4.2,2016,March
1894,2016-03-24,Horntell,Consumer Internet,Unified Push Notification service,Gurugram,"Bharanidharan Viswanathan, Sanjiv Mittal, Shobhit Shukla, Rahul Agarwal",Seed Funding,150000.0,1.26,2016,March
1895,2016-03-28,Schoolkart,eCommerce,Online Marketplace for Schools,Noida,3 Undisclosed Investors,Seed Funding,300000.0,2.52,2016,March
1896,2016-03-29,HealthEminds,Consumer Internet,Online mental healthcare,Bengaluru,Robin Utthappa,Seed Funding,0.0,0.0,2016,March
1897,2016-03-29,Babygogo,Consumer Internet,Child healthcare experts aggregator mobile app,New Delhi,"Rajul Garg, Daljit Singh, Aditya Vij, Kishore Kumar, Shuchin Bajaj",Seed Funding,300000.0,2.52,2016,March
1898,2016-03-29,Veritas Finance,Finance,Asset Based Lending platform,Chennai,Sarva Capital,Private Equity,4700000.0,39.48,2016,March
1899,2016-03-29,QikShip,Consumer Internet,Mobile based Logistics provider,New Delhi,3 Undisclosed Investors,Seed Funding,200000.0,1.68,2016,March
1900,2016-03-29,FixNix,Consumer Internet,GRC SAAS Platform,Chennai,Jay Vijayan,Seed Funding,500000.0,4.2,2016,March
1901,2016-03-30,True Balance,Technology,Mobile Balance Check App,Gurugram,Softbank Ventures Korea,Private Equity,0.0,0.0,2016,March
1902,2016-03-30,Touchkin,Healthcare,Predictive Healthcare platform,Bengaluru,"Alok Mittal, Amit Gupta, Anuj Srivastava, Himanshu Aggarwal, Raghunandan G, Puneet Agarwal",Seed Funding,400000.0,3.36,2016,March
1903,2016-03-31,SwitchMe,Consumer Internet,Home Loan Rate comparison platform,Mumbai,"Mohandas Pai, Hiro Mashita, Singapore Angel Network, 500 Startups, Rajan Anandan, Ajay Sarupria",Seed Funding,0.0,0.0,2016,March
1904,2016-03-31,Transcell,Healthcare,Family Stem Cell Banking Services,Hyderabad,"Idg, Indian Angel Network",Seed Funding,0.0,0.0,2016,March
1905,2016-02-01,Blue Tokai Coffee,ECommerce,Specialty Coffee Etailer,New Delhi,Snow Leopard Technology Ventures,Seed Funding,0.0,0.0,2016,February
1906,2016-02-02,Altizone,Technology,IoT & M2M Solutions,Pune,"Wipro Ventures,\\Xc2\\Xa0 Lumis Partners",Private Equity,4000000.0,33.6,2016,February
1907,2016-02-02,Oust App,Consumer Internet,Competitive Exam Preparation Platform,Bengaluru,"T V Mohandas Pai,\\Xc2\\Xa0 Aarin Capital",Seed Funding,0.0,0.0,2016,February
1908,2016-02-02,Strike,Consumer Internet,Mobile Email productivity tool,Bengaluru,Multiple Investors Through Ten Minute Million Competition,Seed Funding,22500.0,0.19,2016,February
1909,2016-02-02,MaaxMarket,Consumer Internet,Marketing Automation platform,Unknown,Multiple Investors Through Ten Minute Million Competition,Seed Funding,22500.0,0.19,2016,February
1910,2016-02-02,Gamooz,Technology,Augmented Reality Solutions,Gurugram,Multiple Investors Through Ten Minute Million Competition,Seed Funding,22500.0,0.19,2016,February
1911,2016-02-02,SoundSurround,Technology,Audio Technology Solutions,Mumbai,Multiple Investors Through Ten Minute Million Competition,Seed Funding,22500.0,0.19,2016,February
1912,2016-02-03,Mazkara,Consumer Internet,Beauty & Wellness Platform,Pune / Dubai,Dunamis Ventures Pte Ltd,Seed Funding,1000000.0,8.4,2016,February
1913,2016-02-03,RoadGods,ECommerce,Auto Spare Parts eTailer,New Delhi,Green House Ventures,Seed Funding,100000.0,0.84,2016,February
1914,2016-02-03,Pindropmusic,Consumer Internet,Music Discovery Mobile App,Noida,Green House Ventures,Seed Funding,100000.0,0.84,2016,February
1915,2016-02-03,Woodpie,Consumer Internet,Book Recommendation Service,Bengaluru,Ingram Content Group,Seed Funding,30000.0,0.25,2016,February
1916,2016-02-04,Perfumery,ECommerce,Fragrances & Perfume eTailer,New Delhi,Oranda Global & Others,Seed Funding,30000.0,0.25,2016,February
1917,2016-02-05,Magic Crate,Education,Children Education Platform,Bengaluru,"Tv Mohandas Pai, Aarin Capital",Seed Funding,0.0,0.0,2016,February
1918,2016-02-05,ZenDrive,Technology,Safe Driving Data & Analytics platform,Bangalore / SFO,"Sherpa Capital, Nyca Partners And Thomvest Ventures",Private Equity,13500000.0,113.4,2016,February
1919,2016-02-05,Smartcooky,ECommerce,Marketplace for Health Foods,New Delhi,"Vandana Luthra,",Private Equity,0.0,0.0,2016,February
1920,2016-02-05,Turtlemint,Consumer Internet,online personalized insurance platform,Mumbai,Nexus Venture Partners,Private Equity,0.0,0.0,2016,February
1921,2016-02-05,BHIVE,Real Estate,Workspace Rentals,Bengaluru,"Raghunandan G, Venturesity, Arihant Patni",Seed Funding,0.0,0.0,2016,February
1922,2016-02-05,Gingercrush,Ecommerce,Personalized Products & Merchandize eTailer,Vadodara,"Saha Fund, Tv Mohandas Pai, Zia Mody, Mumbai Angels, Ananda Kallugadde, Rakesh Desai, Rakesh Malhotra",Private Equity,1000000.0,8.4,2016,February
1923,2016-02-05,American Vision,Consumer Internet,Optical Store Aggregator Platform,Pune,3 Undisclosed Investors,Seed Funding,81000.0,0.68,2016,February
1924,2016-02-05,DawaiLelo,Consumer Internet,Healthcare Services & Online Pharmacy Mobile App,Varanasi,3 Undisclosed Investors,Seed Funding,52000.0,0.44,2016,February
1925,2016-02-06,Heads Up For Tails,Ecommerce,Pet Products eTailer,New Delhi,3 Undisclosed Investors,Seed Funding,1000000.0,8.4,2016,February
1926,2016-02-06,LiveNutriFit,Healthcare,Weight loss & Healthcare Info portal,New Delhi,"Mohit Goel, Vinod Jain & Others",Seed Funding,0.0,0.0,2016,February
1927,2016-02-08,Moglix,Ecommerce,Industrial & Home Products Marketplace,New Delhi,Rata Tata,Private Equity,0.0,0.0,2016,February
1928,2016-02-08,iStyleYou,Consumer Internet,Personal Fashion Stylist App,Gurugram,Green House Ventures,Seed Funding,100000.0,0.84,2016,February
1929,2016-02-08,AdUrCup,Consumer Internet,Ad Network,New Delhi,Green House Ventures,Seed Funding,100000.0,0.84,2016,February
1930,2016-02-08,Weddingz,Consumer Internet,online marketplace for wedding venues and vendors,Mumbai,Sixth Sense Ventures,Private Equity,0.0,0.0,2016,February
1931,2016-02-08,Urban Dhobi,Consumer Internet,On Demand Laundry Services,Jaipur,"Vinod Bansal, Sanjeev Singhal",Seed Funding,0.0,0.0,2016,February
1932,2016-02-08,Gray Routes,Consumer Internet,Last mile logistics solutions,Mumbai,"Mahesh Parasuraman, Rahul Gautam & Others",Seed Funding,0.0,0.0,2016,February
1933,2016-02-08,Xpressbees,ECommerce,ECommerce Logistics solutions,Pune,"Saif Partners, Idg Ventures India, Vertex Ventures, Valiant Capital",Private Equity,12500000.0,105.0,2016,February
1934,2016-02-08,Invictus Oncology,Healthcare,Cancer therapeutic Info & Solutions,New Delhi,Rata Tata,Private Equity,0.0,0.0,2016,February
1935,2016-02-08,Hansel.io,Technology,Mobile App Tech Solutions,Bengaluru,"Endiya Partners, Mekin Maheshwari, Rajesh Sawhney",Seed Funding,0.0,0.0,2016,February
1936,2016-02-09,Inc42,Consumer Internet,Startup Focused Media News Portal,New Delhi,"India Ventures, Aarin Capital & Others",Seed Funding,0.0,0.0,2016,February
1937,2016-02-09,GOQii,Technology,Personalized fitness coaching & Fitness band,Mumbai,Edelweiss Financial Services,Private Equity,0.0,0.0,2016,February
1938,2016-02-10,Capzest,Consumer Internet,Digital Lending Platform,Mumbai,Lion Ventures,Seed Funding,200000.0,1.68,2016,February
1939,2016-02-10,GlamStudios,Consumer Internet,Online Salon Aggregator,Noida,Aqeel Ahmed,Seed Funding,0.0,0.0,2016,February
1940,2016-02-10,Affimity,Consumer Internet,Social Networking platform,Bengaluru,3 Undisclosed Investors,Seed Funding,1200000.0,10.08,2016,February
1941,2016-02-10,Anandakanda,Technology,Medicine Intake Reminder System,Pune,3 Undisclosed Investors,Seed Funding,150000.0,1.26,2016,February
1942,2016-02-10,JoulestoWatts,Technology,IT services & Talent collaboration services startup,Bengaluru,Manipal Global Education Services,Seed Funding,0.0,0.0,2016,February
1943,2016-02-10,Shopkirana,Consumer Internet,Retailer Supply Chain platform,Indore,"Atul Jain, Anil Gelra, Jaikumar Nair",Seed Funding,0.0,0.0,2016,February
1944,2016-02-10,Stylofie,Consumer Internet,Online Beauty Parlour search & discovery Platform,Gurugram,Jaideep Mehta,Seed Funding,0.0,0.0,2016,February
1945,2016-02-10,OyBob,eCommerce,Hyperlocal Products & Services marketplace,Gurugram,Sachin Dalal,Seed Funding,0.0,0.0,2016,February
1946,2016-02-12,ActOnMagic,Technology,Cloud Analytics and Management Products,Bengaluru,Jayabalan Subramanian,Seed Funding,125000.0,1.05,2016,February
1947,2016-02-12,Bonhomia,Food & Beverage,premium Tea and Coffee,New Delhi,"Alok Rawat, Grey Orange Robotics",Seed Funding,1000000.0,8.4,2016,February
1948,2016-02-12,iGrenEnergi,Technology,Solar Power Solutions,Mumbai,Sunil Mehta,Seed Funding,1000000.0,8.4,2016,February
1949,2016-02-12,RKSV,Consumer Internet,Online Stock Trading Platform,Mumbai,Kalaari Capital,Private Equity,4000000.0,33.6,2016,February
1950,2016-02-15,Aasaanjobs,Consumer Internet,Online Recruitment Marketplace,Mumbai,"Aspada Advisors, Idg Ventures,\\Xc2\\Xa0 Inventus Capital",Private Equity,5000000.0,42.0,2016,February
1951,2016-02-15,Snapdeal,eCommerce,Horizontal Online Marketplace,New Delhi,Ontario Teachers\\Xe2\\X80\\X99 Pension Plan & Others,Private Equity,200000000.0,1680.0,2016,February
1952,2016-02-15,Jugnoo,Consumer Internet,Transportation & On-demand delivery aggregator,Chandigarh,Saumya Tandon,Private Equity,0.0,0.0,2016,February
1953,2016-02-15,Snapbizz,Technology,Connectivity platform for local grocery stores,Bengaluru,Rata Tata,Private Equity,0.0,0.0,2016,February
1954,2016-02-15,GoYaNo,Consumer Internet,Events & Restaurant Discovery Marketplace App,Gurugram,Mukesh Kumar Gupta,Seed Funding,50000.0,0.42,2016,February
1955,2016-02-15,RentSher,Consumer Internet,Online Household Product Rental platform,Bengaluru,"Vaibhav Doshi, Abhay Singhal, Vibhu Garg, Joby Babu, Abhishek Acharya, Manish Shah",Seed Funding,300000.0,2.52,2016,February
1956,2016-02-15,Buddy,Finance,Micro Lending Platform for eCommerce purchases,Bengaluru,"Blume Ventures,\\Xc2\\Xa0 Tracxn Labs",Seed Funding,500000.0,4.2,2016,February
1957,2016-02-15,Legistify,Consumer Internet,Online Legal services platform,New Delhi,Ranjit Singh,Seed Funding,0.0,0.0,2016,February
1958,2016-02-16,TableHero,Consumer Internet,Dynamic Restaurant Website creator,Bengaluru,"Growx Ventures, Kunal Shah, Sandeep Tandon, Haresh Chawla, Powai Lake Ventures, Globevestor",Seed Funding,1000000.0,8.4,2016,February
1959,2016-02-16,BetterPlace,Technology,Data analytics based Verification services Platform,Bengaluru,Unitus Seed Fund,Seed Funding,970000.0,8.15,2016,February
1960,2016-02-16,Salebhai,eCommerce,"Sweets, Eatables, Handicrafts Online Marketplace",Ahmedabad,"Virendra Shekhawat, Deepak Chokhani, Yogesh Patel & Others",Seed Funding,0.0,0.0,2016,February
1961,2016-02-16,icustommadeit,eCommerce,Professional Custom creators Marketplace,Pune,"Brand Capital, Siddhivinayak Skyscrapers, Dinesh R. Challa",Private Equity,4000000.0,33.6,2016,February
1962,2016-02-16,Tring,Consumer Internet,Instant Messaging App,Pune,Vishwadeep Bajaj & Others,Seed Funding,0.0,0.0,2016,February
1963,2016-02-16,Medinfi,Consumer Internet,Doctor & Clinics Discovery platform,Bengaluru,"Rajnish Sinha, Prijit Debnath, Kanchan Ghoshal",Seed Funding,0.0,0.0,2016,February
1964,2016-02-17,Timemytask,Consumer Internet,On-Demand home cleaning services,Mumbai,Lead Angels,Seed Funding,0.0,0.0,2016,February
1965,2016-02-17,GameZop,Technology,Mobile Gaming Platform,New Delhi,"Kwan Entertainment & Marketing Solutions, Powerhouse Ventures & Others",Seed Funding,350000.0,2.94,2016,February
1966,2016-02-17,Notary Mama,Consumer Internet,On-demand Legal documentation and registration service,Bengaluru,"Dr Nandish Domlur, Amit Sandill",Seed Funding,0.0,0.0,2016,February
1967,2016-02-17,The Viral Fever,Consumer Internet,Independent Online Video production company,Mumbai,Tiger Global,Private Equity,10000000.0,84.0,2016,February
1968,2016-02-17,Avanti Learning,Education,Private Coaching Classes,New Delhi,Michael & Susan Dell Foundation,Private Equity,5000000.0,42.0,2016,February
1969,2016-02-17,Bollant Industries,Technology,Eco-friendly consumer & packaging products,Hyderabad,Rata Tata,Private Equity,0.0,0.0,2016,February
1970,2016-02-18,GetVee,Consumer Internet,Matrimony & Couples only mobile platform,New Delhi,"Lightspeed Venture Partners, K Ganesh",Private Equity,0.0,0.0,2016,February
1971,2016-02-18,HealthKumbh,Consumer Internet,Health related Information portal,Ahmedabad,3 Undisclosed Investors,Seed Funding,73000.0,0.61,2016,February
1972,2016-02-18,Unlaze,Consumer Internet,Social Networking app for outdoor interests,Gurugram,"Sujal Shah, Dino Morea",Seed Funding,0.0,0.0,2016,February
1973,2016-02-18,Tracxn,Technology,Indian Startup ecosystem trends analyzer & funding platform,Bengaluru,"Nandan Nilekani, Mohandas Pai, Neeraj Arora, Anand Rajaraman, Girish Mathrubootham, Aneesh Reddy & Teruhide Sato",Private Equity,0.0,0.0,2016,February
1974,2016-02-18,Careongo,ECommerce,Online Pharmacy store,New Delhi,Farooq Oomerbhoy & Other Angel Investors,Seed Funding,300000.0,2.52,2016,February
1975,2016-02-18,Ark Robot,Technology,Warehouse Automation,Bengaluru,Qualcomm,Seed Funding,350000.0,2.94,2016,February
1976,2016-02-19,Jaypore,ECommerce,Ethnic Products marketplace,New Delhi,Aavishkaar,Private Equity,5000000.0,42.0,2016,February
1977,2016-02-19,Finance Buddha,Consumer Internet,Online Loan Comparison & Discovery platform,Bengaluru,Chennai Angels,Seed Funding,0.0,0.0,2016,February
1978,2016-02-19,AlmaConnect,Consumer Internet,Alumni social network,New Delhi,"Mohandas Pai, Varun Aggarwal",Seed Funding,0.0,0.0,2016,February
1979,2016-02-19,Advantage Club,Consumer Internet,mobile platform for corporate employee benefits,Gurugram,Purvi Ventures & Others,Seed Funding,400000.0,3.36,2016,February
1980,2016-02-19,LocalRamu,Consumer Internet,mobile based aggregator for local service providers,Bengaluru,3 Undisclosed Investors,Seed Funding,0.0,0.0,2016,February
1981,2016-02-22,Baby Berry,Consumer Internet,Parenting Mobile app,Bengaluru,Nitin Bagmane & Other Undisclosed Investors,Seed Funding,1000000.0,8.4,2016,February
1982,2016-02-22,Magicpin,Consumer Internet,Hyperlocal Discover Mobile App,New Delhi,Lightspeed India,Private Equity,3000000.0,25.2,2016,February
1983,2016-02-22,First Eat,Consumer Internet,Healthy Food Delivery platform,New Delhi,3 Undisclosed Investors,Seed Funding,100000.0,0.84,2016,February
1984,2016-02-22,SigTuple,Technology,Healthcare based Tech Solutions,Bengaluru,"Sachin Bansal, Binny Bansal, Accel Partners & Others",Seed Funding,0.0,0.0,2016,February
1985,2016-02-22,Taskbob,Consumer Internet,Hyperlocal Handyman services platform,Mumbai,"Ivycap Ventures, Orios Venture Partners, Mayfield India",Private Equity,4500000.0,37.8,2016,February
1986,2016-02-22,Styledotme,Consumer Internet,Mobile Fashion App,New Delhi,"Idg, Indian Angel Network",Seed Funding,37000.0,0.31,2016,February
1987,2016-02-22,NewsLaundry,Consumer Internet,Independent News Media Portal,New Delhi,"Omidyar Network,\\Xc2\\Xa0 Vikram Lal, Abhijit Bhandari, Mahesh Murthy, Shashank Bhagat",Private Equity,0.0,0.0,2016,February
1988,2016-02-23,CupoNation,Consumer Internet,Deals and Discount platform,Gurugram,"Rocket Internet Ag, Holtzbrink Ventures, New Enterprise Associates, E.Ventures, Ru-Net, Deutsche Telekom Strategic Investments, Silicon Valley Bank",Private Equity,11000000.0,92.4,2016,February
1989,2016-02-23,Aarav UAV,Technology,unmanned aerial vehicles creator,Kanpur,"Startupxseed Ventures, The Phoenix Fund And Others",Seed Funding,0.0,0.0,2016,February
1990,2016-02-24,Sayfix,Consumer Internet,Hyperlocal Home Services Provider,Bengaluru,Yajnanarayana Kammaje,Seed Funding,160000.0,1.34,2016,February
1991,2016-02-24,LoanZen,Consumer Internet,Peer to peer Lending marketplace,Bengaluru,Tracxn Syndicate,Seed Funding,0.0,0.0,2016,February
1992,2016-02-24,NoBroker,Consumer Internet,Peer to peer property listing platform,Bengaluru,"Beenext, Digital Garage, Beenos, Qualgro, Mamoru Taniya, Saif Partners",Private Equity,10000000.0,84.0,2016,February
1993,2016-02-24,AppilyEver,Consumer Internet,Online wedding services marketplace,Hyderabad,"Varun Aggarwal, Suresh Venkat, Raj Y",Seed Funding,400000.0,3.36,2016,February
1994,2016-02-24,Pocketin,Consumer Internet,Hotel reservations & Deal platform,Noida,Swastika Company Ltd,Seed Funding,150000.0,1.26,2016,February
1995,2016-02-24,FeetApart,Consumer Internet,Employee engagements & Rewards platform,Bengaluru,Vishal Bali & Others,Seed Funding,0.0,0.0,2016,February
1996,2016-02-25,OfBusiness,eCommerce,B2B commerce Marketplace,Gurugram,Matrix Partners India,Private Equity,5000000.0,42.0,2016,February
1997,2016-02-25,CarveNiche,Consumer Internet,Personalized Learning Solutions & products,Bengaluru,"Calcutta Angels, Lead Angels & Others",Seed Funding,0.0,0.0,2016,February
1998,2016-02-25,Juspay,Consumer Internet,Digital Payments solutions,Bengaluru,"Accel Partners, Ashish Hemrajani, Parikshit Dar, Rajesh Balpande",Private Equity,5800000.0,48.72,2016,February
1999,2016-02-25,Funcart,eCommerce,Party Supplies Etailer,New Delhi,3 Undisclosed Hnis,Seed Funding,70000.0,0.59,2016,February
2000,2016-02-26,Freedom Smart Labs,Technology,IoT retail solutions,New Delhi,Kapil Goel,Seed Funding,145000.0,1.22,2016,February
2001,2016-02-26,EduBridge,Consumer Internet,Skill development and vocational training platform,Mumbai,"Insitor Impact Asia Fund, Acumen Fund",Private Equity,2500000.0,21.0,2016,February
2002,2016-02-29,Nestaway,Consumer Internet,Online Home Rental Marketplace,Bengaluru,Rata Tata,Private Equity,0.0,0.0,2016,February
2003,2016-02-29,Hopscotch,eCommerce,Baby & Kids Products Online Flash sales platform,Mumbai,Eduardo Saverin,Private Equity,13000000.0,109.2,2016,February
2004,2016-02-29,PinClick,Consumer Internet,Online real estate listings,Bengaluru,3 Undisclosed Investors,Private Equity,0.0,0.0,2016,February
2005,2016-01-01,Smartcooky,ECommerce,Health Food / Personal Care Marketplace,New Delhi,"Rajan Anandan, Pramod Bhasin, Siddharth Pai, Tv Mohandas Pai, Manvinder Singh Banga",Seed Funding,0.0,0.0,2016,January
2006,2016-01-01,Helpi,Consumer Internet,On Demand Cleaning Services Mobile App,Mumbai,3 Undisclosed Investors,Seed Funding,0.0,0.0,2016,January
2007,2016-01-04,DogSpot,ECommerce,Online Pet Store,Gurugram,Rata Tata,Seed Funding,0.0,0.0,2016,January
2008,2016-01-04,Career360,Education,College Education Portal,New Delhi,Merittrac,Private Equity,0.0,0.0,2016,January
2009,2016-01-04,B9 Beverages,Food & Beverage,Craft Beer manufacturing company,New Delhi,"Sequoia Capital, Kunal Bahl, Rohit Bansal, Deepinder Goyal, Ashish Dhawan, Mayank Singhal",Private Equity,6000000.0,50.4,2016,January
2010,2016-01-05,WIMWI Foods,Food & Beverage,Healthy food manufacturing & sales startup,Ahmedabad,Centre For Innovation Incubation And Entrepreneurship,Seed Funding,0.0,0.0,2016,January
2011,2016-01-05,MyChild App,Education,Child Disorder Information & Education,Bhopal,"Samir Bangara, Anisha Mittal, Amit Gupta, Pallav Nadhani, Lalit Mangal, Arihant Patni, Dr. Ritesh Malik, Deobrat Singh, Saurab Paruthi, Singapore Angel Network.",Seed Funding,100000.0,0.84,2016,January
2012,2016-01-05,Instaproc,ECommerce,B2B Procurement Marketplace for Office Products,Noida,Dinesh Agarwal,Seed Funding,0.0,0.0,2016,January
2013,2016-01-05,360Ride,Consumer Internet,Ride Sharing platform,Bengaluru,Undisclosed,Seed Funding,150000.0,1.26,2016,January
2014,2016-01-05,Alef\\nMobitech,Consumer Internet,Cloud Mobility Solutions,Mumbai,Tata Capital Innovation Fund,Private Equity,5000000.0,42.0,2016,January
2015,2016-01-06,Tracxn,BFSI,Startup Funding Deal Discovery & Execution platform,Bengaluru,Rata Tata,Seed Funding,0.0,0.0,2016,January
2016,2016-01-06,Qdesq,Real Estate,Branded Workspaces Aggregator,Gurugram,"Dheeraj Jain, Jagdish Kumar, Bharat Gupta, Ankush Saigal, Praveen Saini",Seed Funding,0.0,0.0,2016,January
2017,2016-01-06,Sensara,Technology,"TV Search, Guide and Remote mobile app",Bengaluru,"Lalitesh Katragadda,\\Xc2\\Xa0 Ganayantrika Systems",Seed Funding,750000.0,6.3,2016,January
2018,2016-01-06,Zebpay,Consumer Internet,Bitcoin Buying & Selling Mobile App,Ahmedabad,"Arjun Handa, Amit Jindal, Nagendra Chaudhary",Private Equity,1000000.0,8.4,2016,January
2019,2016-01-06,PlanMy\\nMedicalTrip,Healthcare,Medical Tourism platform,Pune,"Bhanu Vikram Parsotam, Rohan Desai And Paras Patel",Seed Funding,150000.0,1.26,2016,January
2020,2016-01-06,MyCity4Kids,Education,Children Education & Information platform,Gurugram,"Sidbi Venture Capital Limited, Yournest Angel Fund",Private Equity,3000000.0,25.2,2016,January
2021,2016-01-06,Justdakhila.com,Education,School Student admissions platform,New Delhi,Ankur Gupta,Seed Funding,750000.0,6.3,2016,January
2022,2016-01-07,PitStop,Consumer Internet,Automobile Service Booking App,Bengaluru,Myntra/Livspace Founders,Seed Funding,0.0,0.0,2016,January
2023,2016-01-07,Bikxie,Consumer Internet,Two Wheeler Taxi Service,Gurugram,3 Undisclosed Investors,Seed Funding,0.0,0.0,2016,January
2024,2016-01-07,Infurnia,Consumer Internet,Online Furniture Customization platform,Bengaluru,Idein Ventures,Seed Funding,160000.0,1.34,2016,January
2025,2016-01-07,Myly,Education,Mobile Based Education platform,Jaipur,Newbie Promoter Pvt Ltd,Seed Funding,100000.0,0.84,2016,January
2026,2016-01-07,MakeMyTrip,Consumer Internet,Online Travel/Hotel Booking platform,Gurugram,Ctrip.Com International Ltd,Private Equity,180000000.0,1512.0,2016,January
2027,2016-01-08,Melorra,ECommerce,Online/ Mobile Jewellery Retailer,Bengaluru,Lightbox Ventures,Private Equity,5000000.0,42.0,2016,January
2028,2016-01-08,ConfirmTKT,Consumer Internet,Train PNR Status Prediction Platform,Bengaluru,"Krishna Jhujhunwala, Dr. Apoorv Ranjan Sharma, Anirudh Damani, Anand Ladsariya, Sanjay Mehta & Others",Seed Funding,250000.0,2.1,2016,January
2029,2016-01-08,Gyaanzone,Education,Career Planning and Education Advisory Platform,Mumbai,Ani Technologies Pvt. Ltd,Seed Funding,45000.0,0.38,2016,January
2030,2016-01-08,FlatFurnish,Consumer Internet,Online Furnishing Rental Platform,Gurugram,Arun Chandra Mohan,Seed Funding,0.0,0.0,2016,January
2031,2016-01-09,Lumiere,ECommerce,Organic Food eTailer,Bengaluru,3 Undisclosed Investors,Private Equity,0.0,0.0,2016,January
2032,2016-01-11,Koovs,ECommerce,Online Fashion Apparel Retailer,Gurugram,"Nahata Family, Waheed Alli",Private Equity,5400000.0,45.36,2016,January
2033,2016-01-11,Wishup,Consumer Internet,Mobile app based Concierge Service,New Delhi,"500 Startups, Mato Peric, Tracxnlabs",Seed Funding,0.0,0.0,2016,January
2034,2016-01-11,FreshMenu,Consumer Internet,Online / Mobile Food Ordering platform,Bengaluru,"Zodius Capital, Lightspeed Venture Partners",Private Equity,16500000.0,138.6,2016,January
2035,2016-01-11,SavvyMob,ECommerce,Last Minute Hotel Bookings mobile marketplace,Bengaluru,"Tv Mohandas Pai, Letsventure",Seed Funding,1000000.0,8.4,2016,January
2036,2016-01-11,Fashionablyin,Consumer Internet,Mobile based Geo-target Fashion Marketplace,Mumbai,Ranjan Mahtani,Seed Funding,0.0,0.0,2016,January
2037,2016-01-12,Shopclues,ECommerce,ECommerce Marketplace,Gurugram,"Gic, Tiger Global Management, Nexus Venture Partners",Private Equity,100000000.0,840.0,2016,January
2038,2016-01-12,Hike Messenger,Consumer Internet,P2P Messaging Service,New Delhi,"Matt Mullenweg, Adam D\\Xe2\\X80\\X99Angelo, Aditya Agarwal,\\Xc2\\Xa0 Ruchi Sanghvi & Others",Private Equity,0.0,0.0,2016,January
2039,2016-01-12,iBus Networks,Technology,Next Generation in-building connectivity,Bengaluru,"Vallabh Bhanshali, N Squared Management Llc, Jagdish & Sandeep Mehta Family Office",Private Equity,2300000.0,19.32,2016,January
2040,2016-01-12,Happy2Refer,Consumer Internet,Mobile based Referral Platform,Mumbai,"Equity Crest, Vinners, Sparknext",Seed Funding,250000.0,2.1,2016,January
2041,2016-01-13,CarTrade,Consumer Internet,Auto Classifieds Portal,Mumbai,"Temasek Holdings, March Capital, Warburg Pincus",Private Equity,145000000.0,1218.0,2016,January
2042,2016-01-13,Rentomo,Consumer Internet,peer-to-peer renting Marketplace,Bengaluru,Shiva Ashok & Other Unnamed Investors,Seed Funding,100000.0,0.84,2016,January
2043,2016-01-13,Roder,Consumer Internet,inter-city cab aggregator,New Delhi,"Gvfl, Unicorn India Ventures",Seed Funding,240000.0,2.02,2016,January
2044,2016-01-13,Bucker,Consumer Internet,Food Ordering Mobile App,Hyderabad,"50K Ventures, Munish Jauhar, Pulkit Jain, Rohit Narang",Seed Funding,0.0,0.0,2016,January
2045,2016-01-13,Care24,Healthcare,Professional Health Services Platform,Mumbai,"Saif Partners, India Quotient",Private Equity,4000000.0,33.6,2016,January
2046,2016-01-13,Obino,Healthcare,Weigh Loss Coaching,Mumbai,Roundglass Partners,Private Equity,0.0,0.0,2016,January
2047,2016-01-14,Snapshopr,Consumer Internet,Visual Search & Image Recognition Platform,Bengaluru,Amod Malviya,Seed Funding,0.0,0.0,2016,January
2048,2016-01-14,Buildkar,ECommerce,Construction Material Marketplace,Bengaluru,"Mustafa Wajid, Umang Kumar & Others",Seed Funding,0.0,0.0,2016,January
2049,2016-01-14,Orahi,Consumer Internet,Carpooling Mobile App,Gurugram,"Idg, Indian Angel Network",Seed Funding,520000.0,4.37,2016,January
2050,2016-01-14,Zapr,Technology,TV to Mobile audience Platform,Gurugram,"Flipkart, Saavn, Micromax, Dhiraj Rajaram, Ambiga Dhiraj, Dinesh Agarwal, Samir Bangara, Sanjay Nath, Arihant Patni",Seed Funding,0.0,0.0,2016,January
2051,2016-01-15,Remidio,Healthcare,Healthcare Product Manufacturer,Bengaluru,Cipher-Plexus Capital Advisors & Indian Hnis,Private Equity,0.0,0.0,2016,January
2052,2016-01-15,Fitso,Consumer Internet,Fitness related Social Networking App & Forum,Gurugram,"Varun Khurana, Samar Singla, Vinay Bansal,",Seed Funding,200000.0,1.68,2016,January
2053,2016-01-15,evibe.in,Consumer Internet,Party Hall Booking platform,Bengaluru,"Hyderabad Angels, Lalit Mangal,\\Xc2\\Xa0 Vikas Malpani, Gaurav Bhalotia, Lv Prasad",Seed Funding,0.0,0.0,2016,January
2054,2016-01-15,Zoctr,Consumer Internet,healthcare aggregator platform,Mumbai,Times Group,Seed Funding,0.0,0.0,2016,January
2055,2016-01-15,Jobick,Consumer Internet,Mobile app based Job Search,Noida,Abhinav Mathur,Seed Funding,0.0,0.0,2016,January
2056,2016-01-16,Plick,Consumer Internet,Instant Content Transfer Mobile App,Mumbai,Sanjay Mehta,Seed Funding,0.0,0.0,2016,January
2057,2016-01-18,Voice Friends,Consumer Internet,Dating & Singles Chat Platform,Mumbai,Huzaifa Khorakiwala,Seed Funding,0.0,0.0,2016,January
2058,2016-01-18,Kartrocket,Consumer Internet,SAAS DIY\\xc2\\xa0 ECommerce Platform,New Delhi,"Bertelsmann India Investments, Nirvana Digital India Fund, Nirvana Digital Investment Holding, 500 Startups",Private Equity,6000000.0,50.4,2016,January
2059,2016-01-19,Swiggy,Consumer Internet,Online/Mobile food ordering platform,Bengaluru,"Harmony Partners, Rb Investments & Existing Investors",Private Equity,35000000.0,294.0,2016,January
2060,2016-01-19,TinyStep,Consumer Internet,Parenting Social Network,Bengaluru,Flipkart,Seed Funding,0.0,0.0,2016,January
2061,2016-01-19,Cashkaro,Consumer Internet,Coupon & Cashback platform,Gurugram,Rata Tata,Private Equity,0.0,0.0,2016,January
2062,2016-01-19,Gameezop,Consumer Internet,Casual Gaming platform,New Delhi,Anand Chandrasekaran & Others,Seed Funding,0.0,0.0,2016,January
2063,2016-01-19,DailyObjects,ECommerce,Mobile Accessories etailer,New Delhi,"Unilazer Fund,\\Xc2\\Xa0 Phanindra Sama, Peyush Bansal",Private Equity,1400000.0,11.76,2016,January
2064,2016-01-19,Indus OS,Technology,Local language Mobile OS,Mumbai,Omidyar Network,Private Equity,5000000.0,42.0,2016,January
2065,2016-01-19,CollegeDunia,Consumer Internet,Educational College Search platform,New Delhi,Umang Kumar,Seed Funding,445000.0,3.74,2016,January
2066,2016-01-19,Villgro,Finance,Social Business Incubator & Fund,Chennai,"Lemelson Foundation, Michael And Susan Dell Foundation",Private Equity,3500000.0,29.4,2016,January
2067,2016-01-20,Reddoorz,Consumer Internet,Budget Accomodation Aggregator,New Delhi,500 Startups,Private Equity,0.0,0.0,2016,January
2068,2016-01-20,IndustryBuying,ECommerce,B2B Industrial Goods Marketplace,New Delhi,Trifecta Capital,Private Equity,1800000.0,15.12,2016,January
2069,2016-01-20,Just Buy Live,ECommerce,B2B Marketplace for Distributors,Mumbai,Alpha Capital,Private Equity,20000000.0,168.0,2016,January
2070,2016-01-20,IMbesharam,ECommerce,Adult Products Etailers,New Delhi / US,Undisclosed Us Based Investors,Private Equity,4000000.0,33.6,2016,January
2071,2016-01-20,Moodoo,Consumer Internet,Social Meeting organizer App,Mumbai / UK,Sa\\Xc3\\Xafd Business School Seed Fund.,Seed Funding,40000.0,0.34,2016,January
2072,2016-01-20,Saral Designs,Healthcare,Women Hygiene Product Manufacturer,Mumbai,"Farooq Adam, Ambi Parameswaran,",Seed Funding,0.0,0.0,2016,January
2073,2016-01-21,FirstCry,ECommerce,Kids Focused eTailer,Pune,Rata Tata,Private Equity,0.0,0.0,2016,January
2074,2016-01-21,Fisdom,Consumer Internet,Personal Finance Mobile App,Bengaluru,Rob Chandra,Seed Funding,500000.0,4.2,2016,January
2075,2016-01-21,Easypolicy,Consumer Internet,Online insurance policy aggregator,Noida,Unilazer Ventures,Private Equity,2200000.0,18.48,2016,January
2076,2016-01-21,Housing.com,Consumer Internet,Online Real Estate Portal,Mumbai,Softbank Corp,Private Equity,15000000.0,126.0,2016,January
2077,2016-01-21,CREO,Technology,Smartphone OS Developer,Bengaluru,"Sequoia Capital, Beenext Ventures, India Quotient, Anand Chandrasekaran",Private Equity,3000000.0,25.2,2016,January
2078,2016-01-22,ShabdaNagari,Consumer Internet,Hindi Language Social Networking Portal,Kanpur,Kanpur Angels & Others,Seed Funding,200000.0,1.68,2016,January
2079,2016-01-22,Little,Consumer Internet,Deal Discovery App,Bengaluru,Gic,Private Equity,0.0,0.0,2016,January
2080,2016-01-22,SnapBizz,ECommerce,Mobile based Retail Market Ecosystem,Bengaluru,"Jungle Ventures, Taurus Value Creation, Konly Venture, Blume Ventures",Private Equity,7200000.0,60.48,2016,January
2081,2016-01-22,Qlivery,Consumer Internet,on-demand concierge services,Gurugram,Chandigarh Angels Funding,Seed Funding,0.0,0.0,2016,January
2082,2016-01-22,PlexusMD,Consumer Internet,Social Network for Healthcare Professionals,Ahmedabad,"Arihant Patni, Avnish Mehra, Pranay Adhvaryu, Ravi Sampat",Seed Funding,0.0,0.0,2016,January
2083,2016-01-22,Silvan,Technology,Home Automation & Security Solutions,Bengaluru,The Chennai Angels,Seed Funding,515000.0,4.33,2016,January
2084,2016-01-22,EPS,Technology,Electronic Payments Solution Company,Mumbai,Apis Partners,Private Equity,35000000.0,294.0,2016,January
2085,2016-01-22,Qubole,Technology,Enterprise Cloud Based Data Processing,Bengaluru,"Institutional Venture Partners, Norwest Venture Partners, Lightspeed Venture Partners, Crv",Private Equity,30000000.0,252.0,2016,January
2086,2016-01-22,Gajty,Healthcare,Salons & Spa Chain,Gurugram,Purvi Ventures,Seed Funding,0.0,0.0,2016,January
2087,2016-01-25,SIFTR Labs,Consumer Internet,Photography curation & Aggregator platform,Mumbai,Venture Catalysts,Seed Funding,150000.0,1.26,2016,January
2088,2016-01-25,Power2SME,Consumer Internet,SME Online Buying Hub,Gurugram,"Nandan Nilekani, Accel Partners, Kalaari Capital And Inventus Capital",Private Equity,21000000.0,176.4,2016,January
2089,2016-01-25,SkyCandle,ECommerce,Home D\\xc3\\xa9cor Product etailer,New Delhi,Gpa Group,Private Equity,0.0,0.0,2016,January
2090,2016-01-27,Teabox.com,ECommerce,Specialty Tea ETailer,Siliguri,Rata Tata,Private Equity,0.0,0.0,2016,January
2091,2016-01-27,Buildzar,ECommerce,Construction Material ETailer,Gurugram,Puneet Dalmia,Private Equity,4000000.0,33.6,2016,January
2092,2016-01-27,Applicate,Technology,"Sales, Market, Distribution & Data Analytics Platform",Bengaluru,3 Undisclosed Investors,Seed Funding,1000000.0,8.4,2016,January
2093,2016-01-27,WhatsOnRent,ECommerce,Online Rental Marketplace,Bengaluru,Lalit Mangal & Others,Seed Funding,0.0,0.0,2016,January
2094,2016-01-28,Zebi (yet to launch),Technology,Data Intelligence & Analytics,Hyderabad,3 Undisclosed Investors,Seed Funding,1000000.0,8.4,2016,January
2095,2016-01-28,Truce,FMCG,Vegetables & Fruits Supply Chain,Mumbai,"Anupam Mittal, Amit Gupta, Utsav Somani, Neeraj Goenka, Farooq Adam Mukadam",Seed Funding,370000.0,3.11,2016,January
2096,2016-01-28,JustDoc,Consumer Interne,Medical Video Consultation platform,Bengaluru,"Tv Mohandas Pai, Mohit Saxena, Raghunandan G, Singapore Angel Network, Tracxnlabs",Seed Funding,0.0,0.0,2016,January
2097,2016-01-28,Myeglu,Technology,Connected Smart Home Solutions,Bengaluru,Foxconn Technology Group & Others,Seed Funding,0.0,0.0,2016,January
2098,2016-01-29,BitGiving,Consumer Internet,Crowd Funding Platform,New Delhi,"Harminder Sahni, Krishna Mehra, Sanjay Bakshi",Seed Funding,0.0,0.0,2016,January
2099,2016-01-29,Qriyo,Consumer Internet,Online Fitness & Educational information Aggregator,Jodhpur,Idein Ventures,Seed Funding,160000.0,1.34,2016,January
2100,2016-01-29,N.O.W,Consumer Internet,Rental Bike Aggregator App,Noida,Maple Capital Advisors,Seed Funding,0.0,0.0,2016,January
2101,2016-01-29,Aisle,Consumer Internet,Indians focused Matchmaking App,Bengaluru,"Termsheet, Ah! Ventures",Seed Funding,185000.0,1.55,2016,January
2102,2016-01-29,FreshMenu,Consumer Internet,Fresh Food Delivery platform,Bengaluru,"Zodius Technology Fund, Lightspeed Venture Partners",Private Equity,17000000.0,142.8,2016,January
2103,2016-01-29,Truebil,ECommerce,Online marketplace for cars,Mumbai,"Kalaari Capital, Inventus Capital, Tekton Ventures, Kae Capital",Private Equity,5150000.0,43.26,2016,January
2104,2016-01-29,Rare Media,Technology,Mobile & Cloud based App developer,New Delhi,Info Edge Ltd,Private Equity,1100000.0,9.24,2016,January
2105,2016-01-29,TinMen,Consumer Internet,Food Delivery Platform,Hyderabad,Lead Angel Network,Seed Funding,0.0,0.0,2016,January
2106,2016-01-29,CodingLabs,Technology,Coding Skill Showcase & Resume Builder,Hyderabad,Vineet Nalla,Seed Funding,0.0,0.0,2016,January
2107,2016-01-30,FindUrClass,Consumer Internet,Hobby & Activity Class Aggregator,Mumbai,"Amit Patni, Anirudh Damani, Samir Shah",Seed Funding,0.0,0.0,2016,January
2108,2016-01-30,DesignBids,Consumer Internet,Interior Design Marketplace,New Delhi,"Idg, Indian Angel Network",Seed Funding,0.0,0.0,2016,January
2109,2015-12-01,CollegeDekho,Online Education Information platform,Other,Jaipur,Girnarsoft,Seed Funding,1000000.0,8.4,2015,December
2110,2015-12-01,Black White Orange Brands,Brand Licensing Startup,Other,Mumbai,Yourwecan Ventures,Seed Funding,0.0,0.0,2015,December
2111,2015-12-01,Biteclub,Gourmet Food Discovery & Delivery platform,Other,Gurugram,Growx Ventures,Private Equity,0.0,0.0,2015,December
2112,2015-12-01,Patel Logistics,Transportation & Logistics Platform,Other,Mumbai,Frontline Strategy,Private Equity,5600000.0,47.04,2015,December
2113,2015-12-01,Wigzo,Enterprise Marketing Automation platform,Other,New Delhi,"Aarin Capital Partners, Tv Mohandas Pai",Seed Funding,500000.0,4.2,2015,December
2114,2015-12-01,Zapluk,"Health, Wellness & Beauty Services App",Other,Hyderabad,Undisclosed,Seed Funding,0.0,0.0,2015,December
2115,2015-12-01,Godof Hospitals,Digital Healthcare,Other,New Delhi,Pankaj Gupta,Seed Funding,2000000.0,16.8,2015,December
2116,2015-12-02,RoomsTonite,Last Minute Hotel Booking App,Other,Bengaluru,"Lashit Sanghvi, Nikhil Vora, Venkat Vardhan,Mohammed Bin Abdul Rehman Al Khalifa,\\Xc2\\Xa0 Ralph Berezan, Vissal Mathew,\\Xc2\\Xa0 Balamurali Krishna",Seed Funding,1500000.0,12.6,2015,December
2117,2015-12-02,Kaaryah,Womens Fashion Wear Portal,Other,New Delhi,"The Saha Fund, Tv Mohandas Pai",Private Equity,0.0,0.0,2015,December
2118,2015-12-03,Anakage,Product Learning platform,Other,Bengaluru,Cio Angel Network,Seed Funding,0.0,0.0,2015,December
2119,2015-12-03,EasyKhaana,Online Food ordering & Delivery platform,Other,New Delhi,3 Undisclosed Investors,Seed Funding,100000.0,0.84,2015,December
2120,2015-12-03,Shuttl,App based Bus Pooling Services,Other,Gurugram,"Sequoia Capital, Times Internet Ltd & One More Fund",Private Equity,20000000.0,168.0,2015,December
2121,2015-12-03,Eckovation,Social Learning Platform,Other,New Delhi,Chandigarh Angel Network,Seed Funding,0.0,0.0,2015,December
2122,2015-12-03,Fitcircle,Social Fitness platform,Other,Mumbai,Beerud Sheth And Ravi Mantha,Seed Funding,0.0,0.0,2015,December
2123,2015-12-04,Applop,On Demand Mobile app developer,Other,Kolkata,Ghv Accelerator,Seed Funding,100000.0,0.84,2015,December
2124,2015-12-04,CaRPM,Car Maintenance & Management mobile app,Other,Gurugram,Ghv Accelerator,Seed Funding,100000.0,0.84,2015,December
2125,2015-12-04,NDTV Wedding portal,Online Wedding Marketplace,Other,New Delhi,Cerracap,Private Equity,20000000.0,168.0,2015,December
2126,2015-12-04,Splitkart,Splitting Bills Mobile App,Other,New Delhi,"Rajesh Sawhney, Anupam Mittal, Dinesh Agarwal, Gaurav Gupta,",Seed Funding,0.0,0.0,2015,December
2127,2015-12-07,Zenatix,IOT Energy Management Analytics platform,Other,Gurugram,Blume Ventures,Private Equity,0.0,0.0,2015,December
2128,2015-12-07,Customfurnish,Custom Made furniture e-tailer,Other,Hyderabad,Agnus Capital,Private Equity,4500000.0,37.8,2015,December
2129,2015-12-07,Faasos,QSR Chain,Other,Pune,"Ru-Net, Sequoia Capital,\\Xc2\\Xa0 Lightbox Ventures",Private Equity,30000000.0,252.0,2015,December
2130,2015-12-07,Vlurn,eLearning platform,Other,Mumbai,Vidyadhar Sarfare,Seed Funding,0.0,0.0,2015,December
2131,2015-12-07,Leaf Wearables,Smart Safety Wearable Devices,Other,New Delhi,"Ajeet Khurana Jinesh Shah, Vikram Chachra, Dr. Aniruddha Malpani",Seed Funding,250000.0,2.1,2015,December
2132,2015-12-07,Coolshare,Cab Sharing service Mobile app,Other,Mumbai,Gopal Aggarwal,Seed Funding,100000.0,0.84,2015,December
2133,2015-12-08,mFicient,Cloud Enterprise Mobility Platform,Other,New Delhi,3 Undisclosed Investors,Seed Funding,0.0,0.0,2015,December
2134,2015-12-08,HeyBiz,Online Shopping Assistant Mobile app,Other,New Delhi,Shopclues,Seed Funding,0.0,0.0,2015,December
2135,2015-12-08,Yumist,Home Cooked Food Order & Delivery platform,Other,Gurugram,"Unilazer Ventures, Orios Venture Partners, Steven Lurie",Private Equity,2000000.0,16.8,2015,December
2136,2015-12-09,Jigsaw Academy,Online School for Analytics learning,Other,Bengaluru,Manipal Global Education Services,Private Equity,3000000.0,25.2,2015,December
2137,2015-12-09,JoeHukum,Chat based personal Assistant App,Other,Gurugram,"Tracxnlabs, Jitendra Gupta, Prashant Tandon",Seed Funding,0.0,0.0,2015,December
2138,2015-12-09,Voxweb,Picture creation & Social mobile app,Other,Mumbai,3 Undisclosed Investors,Seed Funding,350000.0,2.94,2015,December
2139,2015-12-09,Aye Finance,Nonbanking finance company,Other,New Delhi,"Saif Partners, Accion",Private Equity,3000000.0,25.2,2015,December
2140,2015-12-09,JumboBasket,eCommerce returns etailer,Other,Chandigarh,Chandigarh Angel Network,Seed Funding,0.0,0.0,2015,December
2141,2015-12-10,BlackBuck,Online Freight Services Aggregator,Other,Bengaluru,"Tiger Global Management, Yuri Milner, Apoletto, Accel Partners, Flipkart",Private Equity,25000000.0,210.0,2015,December
2142,2015-12-10,HomeStudio,Online Branded Furniture etailer,Other,Bengaluru,Bren Corporation,Private Equity,5000000.0,42.0,2015,December
2143,2015-12-10,PropheSee,Digital Analytics Platform,Other,New Delhi,"Indian Angel Network, Stanford Angels, Entrepreneurs India",Seed Funding,500000.0,4.2,2015,December
2144,2015-12-10,i2e1,Internet Network Infrastructure Services,Other,New Delhi,Growx Ventures,Seed Funding,500000.0,4.2,2015,December
2145,2015-12-10,Holisol Logistics,Supply Chain & Logistics Solutions,Other,New Delhi,Clsa Capital Partners Aria Iv Funds,Private Equity,10000000.0,84.0,2015,December
2146,2015-12-10,Stay Simple Resorts,Holiday Resort Chain,Other,Bengaluru,"Mr. Sudhir & Ms. Shalini Sethi, Mr. Praveen Someshwar",Seed Funding,0.0,0.0,2015,December
2147,2015-12-10,Paynear,Mobile Point of Sale solutions,Other,Hyderabad,Mitesh Majithia,Private Equity,2500000.0,21.0,2015,December
2148,2015-12-10,Chillr,Peer-to-Peer Money Transfer & Recharge App,Other,Mumbai,"Sequoia Capital, Blume Ventures, Uniqorn Ventures And Other",Private Equity,70000000.0,588.0,2015,December
2149,2015-12-11,EureQa,Test Automation SAAS platform,Other,Hyderabad/USA,"Sashi Reddi, Gabriel Investments",Seed Funding,600000.0,5.04,2015,December
2150,2015-12-11,LocalCircles,Citizens Engagement Platform,Other,Noida,Anand Mahindra,Private Equity,0.0,0.0,2015,December
2151,2015-12-11,GetFocus,Indoor Navigation & Analytics Solutions,Other,Mumbai,3 Undisclosed Investors,Seed Funding,0.0,0.0,2015,December
2152,2015-12-11,UrbanClap,Hyperlocal On-Demand Household Services platform,Other,Gurugram,Rata Tata,Private Equity,0.0,0.0,2015,December
2153,2015-12-11,OnlineRTI,Online RTI application services,Other,Bengaluru,"Letsventure, Mohandas Pai",Seed Funding,150000.0,1.26,2015,December
2154,2015-12-11,Powerstores,ECommerce Website Creation SAAS platform,Other,Goa,Extreme Venture Partners\\Xc2\\Xa0 William Bissell,Seed Funding,0.0,0.0,2015,December
2155,2015-12-11,Weddingz.in,Wedding Venues & Vendors Marketplace,Other,Mumbai,"Rajan Anandan, Zoya Akhtar, Reema Kagati, Ruchi Narain, Amrish Kumar, Hrishikesh Parandekar",Seed Funding,1000000.0,8.4,2015,December
2156,2015-12-11,Intelligent Interfaces,Interface development platform for Government officials,Other,Bengaluru,"Sachin Bansal, Binny Bansal",Seed Funding,0.0,0.0,2015,December
2157,2015-12-14,Capricoast,Modular Furnishings Marketplace,Other,Bengaluru,"Accel Partners India, Rb Investments",Private Equity,3500000.0,29.4,2015,December
2158,2015-12-14,JetSetGo,Private Jet Bookings Marketplace,Other,Bengaluru,Puneet Dalmia,Private Equity,0.0,0.0,2015,December
2159,2015-12-14,Cabsguru,Cab search Comparison & Booking platform,Other,New Delhi,Prashanth Ranganathan,Seed Funding,200000.0,1.68,2015,December
2160,2015-12-14,Whoop,Performance Optimization Platform for athletes,Other,Boston,Infosys,Private Equity,3000000.0,25.2,2015,December
2161,2015-12-15,BookEventz,Event Venue Booking Platform,Other,Mumbai,"Mumbai Angels, Singapore Angel Network, Zishaan Hayath",Seed Funding,0.0,0.0,2015,December
2162,2015-12-15,Deal Street Asia,Digital Media Platform,Other,Singapore,"Vijay Shekhar Sharma, Singapore Angels Network",Seed Funding,0.0,0.0,2015,December
2163,2015-12-15,Streamoid,visual search and discovery platform,Other,Bangalore / Palo Alto,Undisclosed,Seed Funding,1000000.0,8.4,2015,December
2164,2015-12-16,Housejoy,Home services marketplace,Other,Bengaluru,"Amazon, Vertex Ventures, Qualcomm, Ru-Net Technology Partners, Matrix Partners",Private Equity,22500000.0,189.0,2015,December
2165,2015-12-16,Bluebirch,End to End reverse logistics Solution platform,Other,Bengaluru,"Chicago Capital Ventures, Sanjay Mehta, Others",Seed Funding,2000000.0,16.8,2015,December
2166,2015-12-16,MeraDoctor,Virtual Health consultation app,Other,Mumbai,Unilazer,Private Equity,1200000.0,10.08,2015,December
2167,2015-12-16,STAGE 3,Online Renting platform,Other,New Delhi,"Nisha Sharma, Puneet Dalmia, Balaji Prabhakar",Seed Funding,0.0,0.0,2015,December
2168,2015-12-17,Rivigo,Logistics Services Provider,Other,Gurugram,Saif Partners & Others,Private Equity,30000000.0,252.0,2015,December
2169,2015-12-17,Springboard,Data Science & UX design Learning platform,Other,Bengaluru,"Allen Blue, John Katzman, Naveen Tewari, Kartik Hosanagar, Kashyap Deorah, 500 Startups, Blue Fog Capital",Seed Funding,1700000.0,14.28,2015,December
2170,2015-12-17,Eatfresh,Online marketplace for Chef Meals,Other,Bengaluru,Kalaari Capital,Private Equity,0.0,0.0,2015,December
2171,2015-12-18,Ampere Vehicles,Electric Bike Manufacturers,Other,Coimbatore,Kris Gopalakrishnan & Others,Seed Funding,1200000.0,10.08,2015,December
2172,2015-12-18,Focus Digit,ECommerce platform solutions,Other,New Delhi,Turning Ideas,Seed Funding,0.0,0.0,2015,December
2173,2015-12-18,The News Minute,Online Media Publication,Other,Bengaluru,Quintillion Media,Seed Funding,0.0,0.0,2015,December
2174,2015-12-18,CBREX,International Hiring Platform,Other,Mumbai / NY,"Prahlad Rao, Sundara Rajan, Vikram Chachra",Seed Funding,200000.0,1.68,2015,December
2175,2015-12-21,TruckMandi,Logistics Service Provider Marketplace,Other,New Delhi,"Ritesh Dwivedy, Ramakant Sharma, Mount Nathan Advisors",Private Equity,2000000.0,16.8,2015,December
2176,2015-12-21,Peppertap,Hyperlocal\\xc2\\xa0 Grocery Delivery Service,Other,Gurugram,Innoven Capital,Private Equity,4000000.0,33.6,2015,December
2177,2015-12-21,KOOH Sports,Sports Education Platform,Other,Mumbai,"Hdfc, Faering Capital, Elevate Sports",Private Equity,2000000.0,16.8,2015,December
2178,2015-12-22,RentOnGo,"Bike, Appliances Renting marketplace",Other,Bengaluru,"Anand Chandrasekaran, Rajesh Sawhney, Kalpana Tatavarti, Shivanandan Pare",Seed Funding,0.0,0.0,2015,December
2179,2015-12-22,Industrybuying,Online Marketplace for Industrial Goods,Other,New Delhi,"Murugappa Group, Tvs Group, Vellayan Subbiah, Arathi Krishna, Arun Venkatachalam",Seed Funding,0.0,0.0,2015,December
2180,2015-12-22,Zapr,Reward points mobile app,Other,Gurugram,Dinesh Agarwal,Seed Funding,0.0,0.0,2015,December
2181,2015-12-22,LatestOne,Mobile accessories online store,Other,Hyderabad,Palred Technologies Ltd,Private Equity,3000000.0,25.2,2015,December
2182,2015-12-22,PlanetGogo,Content Discovery & reward points platform,Other,Gurugram,Ht Digital Media Holdings Ltd,Seed Funding,0.0,0.0,2015,December
2183,2015-12-22,Arya.ai,Artificial Intelligence platform,Other,Mumbai,"Yournest Angel Fund, Venture Nursery",Private Equity,750000.0,6.3,2015,December
2184,2015-12-22,Doctor Insta,Medical Consultation & Doctor appointment booking platform,Other,Gurugram,"Rishi Parti, Brahmax Ventures",Private Equity,500000.0,4.2,2015,December
2185,2015-12-22,MobieFit,Mobile Fitness App,Other,Goa,Medi Assist,Private Equity,1000000.0,8.4,2015,December
2186,2015-12-23,LafaLafa,"Digital Coupons, Deal & Cashback aggregator app",Other,Mumbai,Vectr Ventures,Private Equity,0.0,0.0,2015,December
2187,2015-12-23,Mech Mocha,Mobile Game development & Design platform,Other,Bengaluru,"Blume Ventures, Flipkart",Seed Funding,1000000.0,8.4,2015,December
2188,2015-12-23,Shotang.com,B2B eCommerce Marketplace,Other,Bengaluru,"Exfinity Venture Partners, Unitus Impact Livelihoods Fund",Private Equity,5000000.0,42.0,2015,December
2189,2015-12-23,CityFurnish,Furniture and appliances rental platform,Other,Gurugram,Jitendra Gupta,Seed Funding,0.0,0.0,2015,December
2190,2015-12-24,Black White Orange,B2B Merchandize platform,Other,Mumbai,Collaborative Licensing Ventures Llp,Seed Funding,303000.0,2.55,2015,December
2191,2015-12-24,Kolabro,Real Estate focused Tech platform,Other,Gurugram,"Umang Kumar, Ruchir Arora & Others",Seed Funding,0.0,0.0,2015,December
2192,2015-12-24,Canvera,Photographer Online search & booking platform,Other,Bengaluru,Info Edge Ltd,Private Equity,2200000.0,18.48,2015,December
2193,2015-12-28,Town Essentials,Grocery Delivery platform,Other,Bengaluru,"Sharad Hegde, Girish Reddy, Siddharth Patil, Shrikant Patil",Seed Funding,1000000.0,8.4,2015,December
2194,2015-12-28,Bumper,Mobile Car Servicing appointment app,Other,Bengaluru,Saif Partners,Seed Funding,500000.0,4.2,2015,December
2195,2015-12-29,Hotify,New Curation Mobile App,Other,Bengaluru,Mahavir Pratap Sharma,Seed Funding,150000.0,1.26,2015,December
2196,2015-12-29,MobiKwik,Mobile Wallet,Other,Gurugram,"Sequoia Capital, Tree Line Asia, Innoven Capital",Private Equity,6600000.0,55.44,2015,December
2197,2015-12-30,Intelligent Interfaces,Interface development platform for Government officials,Other,Bengaluru,Yuvraj Singh,Seed Funding,0.0,0.0,2015,December
2198,2015-11-02,Twigly,Online Food Ordering & Delivery platform,Other,Gurugram,"Amit Gupta, Sahil Barua, Mukul Singhal, Tracxn Labs",Seed Funding,200000.0,1.68,2015,November
2199,2015-11-02,CityFlo,Bus Aggregation and rental mobile app,Other,Mumbai,Idg Ventures,Seed Funding,750000.0,6.3,2015,November
2200,2015-11-03,Findyahan,hyperlocal online Services platform,Other,Noida,Times Group Brand Capital,Private Equity,0.0,0.0,2015,November
2201,2015-11-03,Sabse,WiFi \xe2\x80\x93 first Cloud communication platform,Other,Mumbai,Rata Tata,Private Equity,0.0,0.0,2015,November
2202,2015-11-03,Pokkt,Alternate Mobile Monetization platform,Other,Mumbai,"Segnel Venture, Shinji Kimura, Sundar Chanrai, Jafco Asia, Singtel\\Xe2\\X80\\X99S Innov8, Jungle Ventures, K Ganesh",Private Equity,5000000.0,42.0,2015,November
2203,2015-11-03,oibanit,Online Food Ordering Marketplace,Other,Vadodara,"Varun Ahuja, Anubhav Verma",Seed Funding,150000.0,1.26,2015,November
2204,2015-11-03,Stuffed,Quick Service Restaurant & Online Delivery,Other,Mumbai,Riqueza Capital,Seed Funding,385000.0,3.23,2015,November
2205,2015-11-03,LoanBaba,Online Loans Marketplace,Other,Mumbai,Undisclosed,Seed Funding,320000.0,2.69,2015,November
2206,2015-11-03,Deyor Rooms,Budget Hotels Aggregator,Other,New Delhi,Dheeraj Jain & Others,Seed Funding,500000.0,4.2,2015,November
2207,2015-11-03,Bidgely,Efficient Energy Management platform,Other,USA/India,"Constellation Technology Ventures, E.On, Rwe, Khosla Ventures",Private Equity,16600000.0,139.44,2015,November
2208,2015-11-04,Shirsa Labs,Digital Intelligent learning platform,Other,Mumbai,Ah! Ventures,Seed Funding,250000.0,2.1,2015,November
2209,2015-11-04,Paytunes,Voice Call incentivization mobile app,Other,New Delhi,Cio Angel Network,Seed Funding,0.0,0.0,2015,November
2210,2015-11-04,YourDOST,Online Counselling and psychological support platform,Other,Gwalior,"Phanindra Sama, Aprameya Radhakrishna, Aneesh Reddy, Neeraj Jawalkar, Sanjay Anandaram, Pavan Ongole, Venk Krishnan",Seed Funding,400000.0,3.36,2015,November
2211,2015-11-05,BookMyBai,Domestic Help Aggregation platform,Other,Mumbai,Vineel Nalla & Others,Seed Funding,150000.0,1.26,2015,November
2212,2015-11-05,MyIndianStay,Home Stay & room rentals platform,Other,Goa,3 Undisclosed Investors,Seed Funding,200000.0,1.68,2015,November
2213,2015-11-05,Bobble,Selfie Mobile App,Other,New Delhi,Saif Partners & Others,Private Equity,0.0,0.0,2015,November
2214,2015-11-06,RepUp,Online Reputation Management Platform,Other,Gurugram,"Idg, Indian Angel Network",Seed Funding,0.0,0.0,2015,November
2215,2015-11-06,Satvacart,Online Grocery platform,Other,Gurugram,3 Undisclosed Hnis,Private Equity,1800000.0,15.12,2015,November
2216,2015-11-06,POPxo.com,Online content platform for women,Other,New Delhi,"Idg Ventures India, Kalaari Capital, 500 Startups",Private Equity,2000000.0,16.8,2015,November
2217,2015-11-06,SparesHub,Online Vehicle Spare Parts etailer,Other,Pune,"Hyderabad Angels, M&S Partners",Seed Funding,460000.0,3.86,2015,November
2218,2015-11-06,Explara,Event Ticketing platform,Other,Pune,"Hyderabad Angels, Singapore Angel Network, Ness Wadia",Private Equity,490000.0,4.12,2015,November
2219,2015-11-06,Soothe Healthcare,affordable Personal Healthcare Products,Other,Noida,Saina Nehwal,Seed Funding,0.0,0.0,2015,November
2220,2015-11-06,Yuvi Hospitality,Premium dining Lounges & restaurants,Other,Gurugram,Chandralekha Construction Pvt. Ltd.,Private Equity,15000000.0,126.0,2015,November
2221,2015-11-09,AppVirality,Mobile Growth Hacking\\nPlatform,Other,Hyderabad,"Rajan Anandan, Mike Galgon, Ravi Gururaj, Ashim Mehra,\\Xc2\\Xa0 Mohit Saxena, Internet Group, Tnn Capital And Others",Seed Funding,500000.0,4.2,2015,November
2222,2015-11-09,iStar Skill Development,Skill Training Startup,Other,Bengaluru,"Michael & Susan Dell Foundation, Unitus Seed Fund",Private Equity,1500000.0,12.6,2015,November
2223,2015-11-09,BigStylist.com,Beauty and Wellness Marketplace,Other,Mumbai,Info Edge,Private Equity,1000000.0,8.4,2015,November
2224,2015-11-09,Zilingo,Marketplace App for Bangkok,Other,Bangalore/ Bangkok,"Sequoia India, Beenext Ventures, Kunal Shah & Sandeep Tandon",Private Equity,1900000.0,15.96,2015,November
2225,2015-11-09,Didi,On-demand Maids Service Provider,Other,Mumbai,"Jozef Bardik, Leo Wang Sangeeth Ram",Seed Funding,150000.0,1.26,2015,November
2226,2015-11-09,Skoov.com,eCommerce Product Search Engine,Other,Mumbai,3 Undisclosed Investors,Seed Funding,150000.0,1.26,2015,November
2227,2015-11-10,Chefs Basket,Ready to cook packaged Foods,Other,Mumbai,"Saif Partners, Haresh Chawla",Private Equity,6000000.0,50.4,2015,November
2228,2015-11-11,Gingercrush,Product Customization Platform,Other,Vadodara,Tv Mohandas Pai\\Xe2\\X80\\X99S Family Office,Seed Funding,0.0,0.0,2015,November
2229,2015-11-11,Delight Foods,Branded Food products online sales,Other,Bengaluru,"Lensbridge Capital, Mape Advisory Group, Fireside Ventures",Private Equity,600000.0,5.04,2015,November
2230,2015-11-11,6Degree,Talent platform for Fashion professionals,Other,Goa/Hyderabad,"Centre For Incubation & Business Acceleration, Goa",Seed Funding,0.0,0.0,2015,November
2231,2015-11-11,RenewBuy,Auto Insurance Online platform,Other,Gurugram,Mount Nathan Advisors Pte Ltd,Seed Funding,500000.0,4.2,2015,November
2232,2015-11-11,Grab,Hyperlocal Logistics Service Provider,Other,Mumbai,Sixth Sense Ventures,Seed Funding,0.0,0.0,2015,November
2233,2015-11-12,Hitwicket,Cricket Management Mobile Game,Other,Hyderabad,Chennai Angels,Seed Funding,250000.0,2.1,2015,November
2234,2015-11-13,Flashdoor,On Demand Laundry Service platform,Other,Bengaluru,"Sujeet Kumar, Ankit Nagori, Traxcn Labs",Seed Funding,0.0,0.0,2015,November
2235,2015-11-16,Cashkaro.com,Ecommerce Discount & Cashback coupons platform,Other,Gurugram,Kalaari Capital,Private Equity,3700000.0,31.08,2015,November
2236,2015-11-16,Absentia,Virtual Reality Headset creator,Other,Bengaluru,"Astarc Ventures, 50K Ventures & Others",Seed Funding,180000.0,1.51,2015,November
2237,2015-11-16,Renowala,Home Improvement Service platform,Other,Hyderabad,Logtally,Seed Funding,0.0,0.0,2015,November
2238,2015-11-16,TaskBucks,mobile-only tasks marketplace,Other,New Delhi,Times Internet,Private Equity,15000000.0,126.0,2015,November
2239,2015-11-17,CraftsVilla,Women Ethnic Wear\\xc2\\xa0 Online Marketplace,Other,Mumbai,"Sequoia India, Lightspeed Venture Partners, Nexus Venture Partners, Global Founders Capital, Apoletto",Private Equity,34000000.0,285.6,2015,November
2240,2015-11-17,Julia Computing,Numerical Computing & Data Science Platform,Other,Bengaluru,Gordon And Betty Moore Foundation,Seed Funding,600000.0,5.04,2015,November
2241,2015-11-17,StyleTag,Designer fashion Jewellery Marketplace,Other,Bengaluru,Jitu Virwani,Seed Funding,7500000.0,63.0,2015,November
2242,2015-11-17,Smytten,Online Products Discovery Platform,Other,Gurugram,"Rimpal Chawla, Anuj Srivastava",Seed Funding,200000.0,1.68,2015,November
2243,2015-11-17,BiBox,Kids Tool kit for Innovation platform,Other,Bengaluru,Ravi Krishnamurthy,Seed Funding,530000.0,4.45,2015,November
2244,2015-11-17,Convegenius,Mobile Learning Solutions,Other,Noida / Singapore,Enablers Platform,Seed Funding,300000.0,2.52,2015,November
2245,2015-11-18,Ola,Car Aggregator & Retail Mobile App,Other,Bengaluru,"Baillie Gifford, Falcon Edge Capital, Tiger Global, Softbank Group, Dst Global, Didi Kuaidi",Private Equity,500000000.0,4200.0,2015,November
2246,2015-11-18,Goodbox,conversational commerce mobile app,Other,Bengaluru,Nexus Venture Partners,Private Equity,2500000.0,21.0,2015,November
2247,2015-11-18,ScoopWhoop,Viral Content web Platform,Other,New Delhi,Kalaari Capital,Private Equity,4000000.0,33.6,2015,November
2248,2015-11-18,Hipship,Express local delivery platform,Other,Bengaluru,"Inara Capital , Rishi Khiani",Seed Funding,0.0,0.0,2015,November
2249,2015-11-18,Pickrr,On-Demand Local Logistics provider,Other,New Delhi,Palaash Ventures,Seed Funding,0.0,0.0,2015,November
2250,2015-11-18,Truelancer,Curated Freelancer Marketplace,Other,New Delhi,"Blackstone Valley Group, Raghu Vohra, Aditya Dev Sood, Kamal Bansal",Seed Funding,0.0,0.0,2015,November
2251,2015-11-19,AHA Taxis,Online Taxi Rental Platform,Other,Noida,Ah! Ventures,Seed Funding,0.0,0.0,2015,November
2252,2015-11-19,UrbanClap,Mobile Services Marketplace,Other,Gurugram,"Bessemer Venture Partner, Accel, Saif Partners",Private Equity,25000000.0,210.0,2015,November
2253,2015-11-19,SenseGiz,Smartwatch Maker,Other,Belgaum,Karnataka Semiconductor Venture Capital Firm,Seed Funding,500000.0,4.2,2015,November
2254,2015-11-19,PlaceofOrigin,Online Gourmet Food Marketplace,Other,Bengaluru,"S.D. Shibulal, Kris Gopalakrishnan, Srinath Batni, Professor Tarun Khanna,\\Xc2\\Xa0 Ganapathy Venugopal.",Seed Funding,0.0,0.0,2015,November
2255,2015-11-19,Fourseven,Online Jewellery etailer,Other,New Delhi,"Idg, Indian Angel Network",Seed Funding,455000.0,3.82,2015,November
2256,2015-11-20,MindTickle,Sales & Productivity Software,Other,Pune / US,New Enterprise Associates,Private Equity,12500000.0,105.0,2015,November
2257,2015-11-20,Shopsense,ecommerce related software product platform,Other,Mumbai,"Kae Capital, Kunal Bahl, Rohit Bansal",Seed Funding,0.0,0.0,2015,November
2258,2015-11-20,Medinfi,Health-Tech platform,Other,Bengaluru,"Ram Kumar Kakani, Pradeep K Jaisingh, Sunil T V, Vijay Ghadge, Hemant Kaul, Gurmeet Chahal & Others",Seed Funding,305000.0,2.56,2015,November
2259,2015-11-20,OUWT,Nightlife Discovery Mobile App,Other,Mumbai,3 Undisclosed Investors,Seed Funding,150000.0,1.26,2015,November
2260,2015-11-20,HeyPillow,Online Real Estate Marketplace,Other,Bengaluru,Hampton Capital,Private Equity,3000000.0,25.2,2015,November
2261,2015-11-21,Healers At Home,"Home Healthcare Services platform,",Other,New Delhi,"Daljit Singh, Dr. Pramath Raj Sinha, Bvr Mohan Reddy",Seed Funding,0.0,0.0,2015,November
2262,2015-11-21,Caravan Craft,Indian Ethnic Crafts Etailer,Other,Bengaluru,"Unitus Seed Fund, Bijou Kurien, Narayan Ramachandran",Private Equity,1200000.0,10.08,2015,November
2263,2015-11-21,Talkoot,Social platform for traders and investors,Other,Bengaluru,3 Undisclosed Investors,Seed Funding,100000.0,0.84,2015,November
2264,2015-11-23,RentoMojo,"Online Furniture, Home Appliances Rental Platform",Other,Bengaluru,"Idg Ventures India,\\Xc2\\Xa0 Accel Partners India",Private Equity,2000000.0,16.8,2015,November
2265,2015-11-23,Medikoe,Healthcare Services Discovery platform,Other,Bengaluru,Anil Menon,Seed Funding,100000.0,0.84,2015,November
2266,2015-11-24,Stylofie,Health and Beauty Services Marketplace,Other,Gurugram,Swastika,Seed Funding,250000.0,2.1,2015,November
2267,2015-11-24,ServX,Automotive Services platform,Other,New Delhi,Manish Gupta,Seed Funding,0.0,0.0,2015,November
2268,2015-11-24,Naaptol,Online and TV Shopping Marketplace,Other,Mumbai,"Mitsui & Co., New Enterprise Associates, Canaan Partners, Silicon Valley Bank",Private Equity,52000000.0,436.8,2015,November
2269,2015-11-24,Crayon Data,Big Data Analytics Platform,Other,Chennai/ Singapore,Rata Tata,Private Equity,0.0,0.0,2015,November
2270,2015-11-25,EarlySalary.com,Mobile App based Loan disbursement platform,Other,Mumbai,Ashok Agarwal,Seed Funding,1500000.0,12.6,2015,November
2271,2015-11-25,Tooler,On Demand Laundry Services App,Other,New Delhi,"Raghu Khanna, Sameer Gupta",Seed Funding,110000.0,0.92,2015,November
2272,2015-11-25,S Chand,Education Content Provider,Other,New Delhi,Ifc Everstone Group,Private Equity,27000000.0,226.8,2015,November
2273,2015-11-26,Stelae,Content Management Software Solutions,Other,Chennai,Earlsfield Capital,Private Equity,0.0,0.0,2015,November
2274,2015-11-26,GoQii,Fitness Tracking Management Solutions,Other,Mumbai,"New Enterprise Associates, Cheetah Mobile",Private Equity,13400000.0,112.56,2015,November
2275,2015-11-26,Grofers,Hyper-local Grocery Delivery platform,Other,Gurugram,"Softbank, Tiger Global, Sequoia Capital, Apoletto Managers",Private Equity,120000000.0,1008.0,2015,November
2276,2015-11-26,Pluss,Hyperlocal healthcare product Delivery Service provider,Other,Gurugram,"Idg Ventures, M & S Partners, Powerhouse Ventures.",Private Equity,1000000.0,8.4,2015,November
2277,2015-11-26,KountMoney,Online Lending Marketplace,Other,Bengaluru,"Tracxn, Ashish Goenka & Others",Seed Funding,0.0,0.0,2015,November
2278,2015-11-27,StayGlad,On Demand Beauty Services Platform,Other,Bengaluru,"Bessemer Venture Partners, Anil Chopra",Private Equity,0.0,0.0,2015,November
2279,2015-11-27,JustRide,Self Driven Rental Car Platform,Other,Mumbai,Undisclosed,Private Equity,2000000.0,16.8,2015,November
2280,2015-11-27,Fastudent,Education Content etailer,Other,Noida,Ashish Gupta,Seed Funding,0.0,0.0,2015,November
2281,2015-11-27,LearnOn,Clud based Learning platform,Other,Chennai,Jmr Infotech India Pvt Ltd,Seed Funding,0.0,0.0,2015,November
2282,2015-11-27,Talentrack,Talent Exchange & Talent Services Marketplace,Other,New Delhi,Unigrowth Inc,Seed Funding,0.0,0.0,2015,November
2283,2015-11-28,M-TAXI,Two-Wheeler Taxi Service,Other,Gurugram,"Mandeep Singh, Jairaj Singh",Seed Funding,0.0,0.0,2015,November
2284,2015-11-30,Baxi,Two-Wheeler Taxi Service,Other,Gurugram,"Manish Kheterpal, Alok Mittal,\\Xc2\\Xa0 Puneet Dalmia,",Seed Funding,1450000.0,12.18,2015,November
2285,2015-11-30,Superhero Brands,character merchandize sales platform,Other,Mumbai,Dsg Consumer Partners,Seed Funding,540000.0,4.54,2015,November
2286,2015-11-30,MoMagic,Mobile Application Developer,Other,New Delhi,Fih Mobile Ltd,Private Equity,0.0,0.0,2015,November
2287,2015-11-30,QikPod,Ecommerce Delivery locker services,Other,Bengaluru,"Flipkart, Accel Partners, Delhivery, Foxconn",Private Equity,9000000.0,75.6,2015,November
2288,2015-11-30,Butterfly Interactive,extra curricular activities marketplace app,Other,New Delhi,3 Undisclosed Investors,Seed Funding,0.0,0.0,2015,November
2289,2015-11-30,Bro4U,Hyperlocal Online Home services provider,Other,Bengaluru,Sargod Ventures,Seed Funding,0.0,0.0,2015,November
2290,2015-10-01,Indifi,Easy Business Loans platform,Other,Gurugram,"Accel Partners, Elevar Equity, Pramod Bhasin, Rajan Anandan, Gaurav Dalmia, Abhishek Goyal, Gagan Hasteer , Arun Tadanki",Seed Funding,0.0,0.0,2015,October
2291,2015-10-01,Wydr,Performance based Wholesale Marketplace,Other,New Delhi,Sandeep Aggarwal,Seed Funding,0.0,0.0,2015,October
2292,2015-10-01,EasyFix,Professional Services Marketplace,Other,Gurugram,Axilor Ventures,Seed Funding,0.0,0.0,2015,October
2293,2015-10-01,Muvizz,Movie-on-demand platform,Other,Singapore,"Ashish Todi, Abhinav Patodia, Kumar Shwetabh",Seed Funding,350000.0,2.94,2015,October
2294,2015-10-01,Abhibus,us ticketing and fleet management platform,Other,Hyderabad,Paytm,Private Equity,0.0,0.0,2015,October
2295,2015-10-01,Cleartax,Online Income Tax Filing platform,Other,New Delhi,Paytm,Private Equity,0.0,0.0,2015,October
2296,2015-10-02,Shopalyst,Product discovery & recommendation platform,Other,Bengaluru,Kalaari Capital,Private Equity,2000000.0,16.8,2015,October
2297,2015-10-03,Chillr,Mobile Payments App,Other,Mumbai,Sequoia Capital,Private Equity,6000000.0,50.4,2015,October
2298,2015-10-05,Nykaa,Beauty & Wellness Products e-tailer,Other,Mumbai,"Harsh Mariwala, Atul Nishar, Dalip Pathak, Michael Carlos",Private Equity,9500000.0,79.8,2015,October
2299,2015-10-05,Voylla,Fashion jewelry and accessories e-tailer,Other,Jaipur,Peepul Capital,Private Equity,15000000.0,126.0,2015,October
2300,2015-10-05,IndiaLends,Online Consumer Lending platform,Other,New Delhi,"Dsg Consumer Partners, Paragon Partners",Private Equity,1000000.0,8.4,2015,October
2301,2015-10-05,Rock N Shop,Premium Apparel shopping portal,Other,New Delhi,High Networth Individuals,Seed Funding,150000.0,1.26,2015,October
2302,2015-10-06,DocPlexus,Exclusive Platform for Doctors & Healthcare professionals,Other,Pune,"Uniqorn Ventures, Asp Consulting",Seed Funding,700000.0,5.88,2015,October
2303,2015-10-06,WorkIndia,Job Board,Other,Mumbai,"Satyen Kothari, Keshav Sanghi, Riddhesh Gandhi & Others",Seed Funding,500000.0,4.2,2015,October
2304,2015-10-06,SportzVillage,Sports Management & Physical Education Business,Other,Bengaluru,Gaja Capital Private Equity Fund,Private Equity,10000000.0,84.0,2015,October
2305,2015-10-06,SportyBeans,multi-sport program for preschoolers,Other,Pune,Yourwecan Ventures,Seed Funding,0.0,0.0,2015,October
2306,2015-10-06,Burger Singh,QSR & Online delivery portal,Other,Gurugram,"Ashvin Chadha, Avtar Monga, Udaan Angels, Dheeraj Jain",Seed Funding,500000.0,4.2,2015,October
2307,2015-10-06,Welcome Cure,Online Homeopathy Clinic,Other,Mumbai,Unnamed Media House And Hnis,Private Equity,6000000.0,50.4,2015,October
2308,2015-10-07,SchoolGuru,E-Learning Service Provider,Other,Mumbai,High Networth Individuals From India & Usa,Private Equity,3000000.0,25.2,2015,October
2309,2015-10-07,Naturally Yours,Organic Food etailer,Other,Mumbai,Sanjay Mehta,Seed Funding,0.0,0.0,2015,October
2310,2015-10-07,GoJavas,Delivery & Logistics Service provider,Other,Gurugram,Snapdeal,Private Equity,20000000.0,168.0,2015,October
2311,2015-10-07,Scandid,Product Discovery & comparison App,Other,Pune,Micromax Informatics,Private Equity,0.0,0.0,2015,October
2312,2015-10-07,StalkBuyLove,Online Apparels Fashion brand,Other,New Delhi,"Mato Peric, Peter Kabel & Others",Private Equity,0.0,0.0,2015,October
2313,2015-10-08,ZuperMeal,Home Cooked Food marketplace & Delivery,Other,Mumbai,"Sanjeev Kapoor,\\Xc2\\Xa0 Ravi Saxena & Others",Private Equity,2000000.0,16.8,2015,October
2314,2015-10-08,Cube26,Gesture based Mobile Development,Other,New Delhi,"Tiger Global Management, Flipkart",Private Equity,7700000.0,64.68,2015,October
2315,2015-10-08,Mobikon,Hotel Mobile CRM Software platform,Other,Pune / Singapore,"Life.Sreda, Qualgro",Private Equity,0.0,0.0,2015,October
2316,2015-10-08,Grabhouse,Rental Accommodation Search platform,Other,Bengaluru,Sequoia And Kalaari Capital.,Private Equity,10000000.0,84.0,2015,October
2317,2015-10-08,Quifers,Logistics Tech Platform,Other,Mumbai,"Vikas Agarwal, Vishal Khare, Sanjeev Kakkar, Smile Group",Seed Funding,310000.0,2.6,2015,October
2318,2015-10-09,Stockroom.io,Developer Portfolio Showcase platform,Other,Hyderabad,3 Undisclosed Investors,Seed Funding,70000.0,0.59,2015,October
2319,2015-10-09,Curofy,Doctors Network Mobile App,Other,New Delhi,Roundglass Partners,Private Equity,0.0,0.0,2015,October
2320,2015-10-09,Cloud Lending,End-to-End Lending platform,Other,Bangalore / San Mateo,Sf Capital Group,Private Equity,8000000.0,67.2,2015,October
2321,2015-10-09,Inayo,on-demand healthcare marketplace,Other,Mumbai,"Kemark Ventures, Amit Ranjan, Zishaan Hayath And Others",Seed Funding,300000.0,2.52,2015,October
2322,2015-10-09,WoNoBo,360-degree view creating platform,Other,Bengaluru,Quikr,Private Equity,0.0,0.0,2015,October
2323,2015-10-09,Kulzy,Advertising & Marketing Community Networking platform,Other,New Delhi,"Seedfund, Bedrock Ventures",Seed Funding,1000000.0,8.4,2015,October
2324,2015-10-09,Zeppery,Food Ordering & Delivery App,Other,New Delhi,Suyash Sharma,Seed Funding,77000.0,0.65,2015,October
2325,2015-10-12,Zify,Ride Sharing platform,Other,Hyderabad,Sean O\\Xe2\\X80\\X99Sullivan & Others,Seed Funding,190000.0,1.6,2015,October
2326,2015-10-12,Faircent,Online P2P lending marketplace,Other,Gurugram,Aarin Capital Partners,Private Equity,0.0,0.0,2015,October
2327,2015-10-12,Bizongo,B2B marketplace for industrial goods,Other,Mumbai,Accel Partners,Seed Funding,0.0,0.0,2015,October
2328,2015-10-12,Gridle,Cloud Based Collaboration platform,Other,Ahmedabad,Letsventure,Seed Funding,100000.0,0.84,2015,October
2329,2015-10-12,Tripoto,global community for travellers,Other,New Delhi,"500 Startups, Idg Ventures & Advantedge Fund, Neeraj Arora, Leon Seynave",Private Equity,0.0,0.0,2015,October
2330,2015-10-12,Mubble,Prepaid Bill manager App,Other,Bengaluru,Accel Partners,Private Equity,0.0,0.0,2015,October
2331,2015-10-13,Voodoo,Mobile Only Shopping Assistant,Other,New Delhi,Saif Partners,Seed Funding,1000000.0,8.4,2015,October
2332,2015-10-13,Lookup,Mobile Messaging Assistant App,Other,Bengaluru,"Khosla Impact, Biz Stone, Catamaran Ventures, Global Founders Capital, European Investment Fund",Private Equity,2500000.0,21.0,2015,October
2333,2015-10-14,AskMyGift,Personalized Wish List creator app,Other,Noida,Turning Ideas,Seed Funding,50000.0,0.42,2015,October
2334,2015-10-14,Gaana.com,Music Streaming mobile app,Other,Mumbai,Micromax Informatics,Private Equity,0.0,0.0,2015,October
2335,2015-10-14,Zappfresh,Raw Meat & Ready to eat food etailer,Other,Gurugram,3 Undisclosed Investors,Seed Funding,77000.0,0.65,2015,October
2336,2015-10-14,GymTrekker,Gym Discovery platform,Other,Mumbai,"Dewang Neralla,Roopak Taneja, Manisha Gupta",Seed Funding,0.0,0.0,2015,October
2337,2015-10-15,Bounty App,Online Purchase rewards app,Other,Bengaluru,"Fireside Ventures, Mumbai Angels Mape Advisory Group.",Seed Funding,0.0,0.0,2015,October
2338,2015-10-16,Homers.in,Home rental platform,Other,Gurugram,"Devesh Rai G, Rajesh Aggarwal, Amitpal Bhutani",Seed Funding,0.0,0.0,2015,October
2339,2015-10-16,mShipper,Crowdsourced Delivery platform,Other,New Delhi,Vijai Laxmi,Seed Funding,0.0,0.0,2015,October
2340,2015-10-16,BolRealty,Real Estate Insights platform,Other,New Delhi,Manpreet Singh,Seed Funding,0.0,0.0,2015,October
2341,2015-10-17,S-Cube Futuretech,Structural & Civil Engg Service Automation,Other,Mumbai,Parampara Capital,Private Equity,1000000.0,8.4,2015,October
2342,2015-10-19,LetsVenture,Startup Funding Marketplace,Other,Bengaluru,"Accel Partners, Anupam Mittal & Other Marquee Investors",Private Equity,0.0,0.0,2015,October
2343,2015-10-19,Citrus Payment,Payments Solution platform,Other,Mumbai,"Sequoia Capital, Ascent Capital, Econtext Asia, Beenos Asia",Private Equity,25000000.0,210.0,2015,October
2344,2015-10-19,Holidify,Travel Destination Discovery platform,Other,New Delhi,Aarti Group,Seed Funding,100000.0,0.84,2015,October
2345,2015-10-20,PrimaSeller,Order Fulfillment SAAS platform,Other,Bengaluru,"Dr. Aniruddha Malpani Manish Gupta, M&S Partners & Others",Seed Funding,0.0,0.0,2015,October
2346,2015-10-20,Opinio,Last Mile Delivery Service,Other,Bengaluru,"Delhivery, Sands Capital And Accel Partners",Private Equity,7000000.0,58.8,2015,October
2347,2015-10-20,Attune Technologies,Healthcare IT Solutions & services,Other,Chennai,"Qualcomm Venture, Norwest Venture Partners",Private Equity,10000000.0,84.0,2015,October
2348,2015-10-20,iChef.in,Gourmet Meals Delivery,Other,Mumbai,Springboard Ventures,Private Equity,0.0,0.0,2015,October
2349,2015-10-21,Jiyo Natural,Healthy Meals Food delivery platform,Other,Bengaluru,"Idg, Indian Angel Network",Seed Funding,0.0,0.0,2015,October
2350,2015-10-21,AgentDesks,Real Estate Mobile CRM,Other,New York/ India,"Sierra Ventures, Cota Capital, Vegas Tech Fund",Seed Funding,2950000.0,24.78,2015,October
2351,2015-10-21,White Owl Brewery,Micro-Brewery,Other,Mumbai,"Arihant Patni, Raay Global Investments",Private Equity,1530000.0,12.85,2015,October
2352,2015-10-21,MealHopper,Home Made Food Marketplace,Other,Gurugram,"Alok Bajpai, Rajnish Kumar, Amit Dey",Seed Funding,100000.0,0.84,2015,October
2353,2015-10-21,Zenify.in,residential rental management platform,Other,Bengaluru,"Atul Jalan, Shrikanth & Bharath",Seed Funding,640000.0,5.38,2015,October
2354,2015-10-21,Stockal,Personalized Stock Intelligence Platform,Other,Bengaluru,"R Natarajan, Mohan Alexander",Seed Funding,0.0,0.0,2015,October
2355,2015-10-23,Medd,Personal Diagnostic Mobile App,Other,Mumbai,Group Of 15 Angel Investors,Seed Funding,150000.0,1.26,2015,October
2356,2015-10-23,Leaping Caravan,Online food ordering & Delivery service,Other,Gurugram,Group Of 15 Angel Investors,Seed Funding,150000.0,1.26,2015,October
2357,2015-10-23,Frsh,Online food ordering & Delivery service,Other,Gurugram,"Mumbai Angels, Mayank Bhangdia, Kae Capital",Private Equity,1000000.0,8.4,2015,October
2358,2015-10-23,Qik Stay,Hotel Aggregator & booking platform,Other,New Delhi,Id Enablers Pvt Ltd,Seed Funding,250000.0,2.1,2015,October
2359,2015-10-26,Parcelled,Online Logistics Platform,Other,Bengaluru,Delhivery,Private Equity,5000000.0,42.0,2015,October
2360,2015-10-26,AlmaMapper,Online Student & Campus Social Networking platform,Other,Ahmedabad,Oswal Techno Ventures Llp,Seed Funding,400000.0,3.36,2015,October
2361,2015-10-26,Flexing It,Professionals & Project Search Marketplace,Other,New Delhi,Undisclosed Private Investors,Seed Funding,500000.0,4.2,2015,October
2362,2015-10-26,Netmeds.com,Online Pharmacy,Other,Chennai,"Orbimed, Pradip Dadha Group",Private Equity,50000000.0,420.0,2015,October
2363,2015-10-26,Razorpay,Online Payment Gateway,Other,Jaipur,"Tiger Global Management, Matrix Partners",Private Equity,9000000.0,75.6,2015,October
2364,2015-10-27,Jombay,Psychometric Test Online Software,Other,Pune,Ventureworks India,Private Equity,0.0,0.0,2015,October
2365,2015-10-27,Happitoo,Location based Nightlife recommendation\\xc2\\xa0 Platform,Other,Mumbai,Unnamed Investor,Seed Funding,77000.0,0.65,2015,October
2366,2015-10-27,Care24,Professional Health Services Platform,Other,Mumbai,India Quotient,Seed Funding,350000.0,2.94,2015,October
2367,2015-10-27,Roadrunnr,Hyperlocal Logistics Service,Other,Bengaluru,"Sequoia Capital, Nexus Venture Partners",Private Equity,10000000.0,84.0,2015,October
2368,2015-10-27,Simpli5d,Online user engagement platform,Other,Gurugram,"Redcliffe Capital, Yournest Angel Fund",Private Equity,0.0,0.0,2015,October
2369,2015-10-28,ORIGA Leasing,Asset Financing platform,Other,Mumbai,"Ah! Ventures, 500 Startups & Other Hnis",Seed Funding,1100000.0,9.24,2015,October
2370,2015-10-28,Smartivity.in,Virtual Reality activity based learning platform,Other,New Delhi,S Chand And Co Pvt Ltd,Seed Funding,200000.0,1.68,2015,October
2371,2015-10-28,UrDoorStep,Online Grocery Store,Other,Bengaluru,Jupiter Capital,Private Equity,0.0,0.0,2015,October
2372,2015-10-29,Tavaga,Investment management platform,Other,Mumbai,Tracxn Syndicate,Seed Funding,0.0,0.0,2015,October
2373,2015-10-29,Moglix,Industrial Toons Marketplace,Other,Noida,"Accel Partner, Jungle Ventures",Private Equity,0.0,0.0,2015,October
2374,2015-10-29,ZopHop,Public Commute helper App,Other,Mumbai,"Amit Singhal, Pk Gulati & Others",Seed Funding,450000.0,3.78,2015,October
2375,2015-10-30,Niki.ai,Artificial Intelligence Ecommerce Chatbot,Other,Bengaluru,Unilazer Ventures,Seed Funding,0.0,0.0,2015,October
2376,2015-10-30,Instavans,Truck Aggregator & Logistics service,Other,Bengaluru,Suresh Vaswani,Seed Funding,0.0,0.0,2015,October
2377,2015-10-30,LiftO,Ridesharing Mobile app,Other,Mumbai,"Rajesh Bhatia, Dheeraj Mehta & Others",Seed Funding,130000.0,1.09,2015,October
2378,2015-10-30,TinyOwl,Food Discovery & Delivery Mobile app,Other,Mumbai,"Sequoia Capital, Matrix Partners",Private Equity,7500000.0,63.0,2015,October
2379,2015-10-30,Toppr.com,Competitive exam learning platform,Other,Mumbai,Innoven Capital,Private Equity,2000000.0,16.8,2015,October
2380,2015-10-30,Kleeto,Document Digitization platform,Other,Gurugram,Grex,Seed Funding,230000.0,1.93,2015,October
2381,2015-10-30,BeaconsTalk,proximity marketing & Mobile Advertising platform,Other,Mumbai,Puneet Bhatia & Others,Seed Funding,80000.0,0.67,2015,October
2382,2015-10-31,Jugnoo,Autorickshaw Aggregator & Booking platform,Other,Chandigarh,Paytm,Private Equity,10000000.0,84.0,2015,October
2383,2015-09-01,TOFlo,FinTech Startup Incubation platform,Other,Mumbai,Tania Johny Palathinkal,Seed Funding,100000.0,0.84,2015,September
2384,2015-09-01,FXMartIndia,Payment Services platform,Other,Chandigarh,Flipkart,Private Equity,0.0,0.0,2015,September
2385,2015-09-01,Stylecracker,Personalized Styling platform,Other,Mumbai,Group Of Hni Investors,Private Equity,1000000.0,8.4,2015,September
2386,2015-09-01,Luxuryhues,Luxury goods\\xc2\\xa0 Shopping Platform,Other,Gurugram,Reliance Capital,Private Equity,900000.0,7.56,2015,September
2387,2015-09-02,HolaChef,Food Delivery Platform,Other,Mumbai,Rata Tata,Private Equity,0.0,0.0,2015,September
2388,2015-09-02,Zivame,Online Lingerie Marketplace,Other,Bengaluru,"Zodius Technology Fund, Khazanah Nasional Berhad",Private Equity,40000000.0,336.0,2015,September
2389,2015-09-02,Capillary Tech,Cloud software solutions,Other,New Delhi,"Warburg Pincus, Sequoia Capital, Norwest Venture Partners",Private Equity,45000000.0,378.0,2015,September
2390,2015-09-03,Jobspire,Job Search Platform,Other,Bengaluru,Purvi Capital,Seed Funding,260000.0,2.18,2015,September
2391,2015-09-03,MeraDoctor,Doctor consultancy Mobile App,Other,Mumbai,India Quotient & Other Investors,Seed Funding,0.0,0.0,2015,September
2392,2015-09-03,Vistaar Finance,Small Business Financing (NBFC),Other,Bengaluru,"Westbridge Capital, Omidyar Network, Elevar Equity, Saama Capital,\\Xc2\\Xa0 Lok Capital",Private Equity,40000000.0,336.0,2015,September
2393,2015-09-03,HiJinny,Beauty & Wellness Services Marketplace,Other,Mumbai,Cmyk Health Boutique Pvt Ltd & Other Individual Investors,Seed Funding,0.0,0.0,2015,September
2394,2015-09-04,Clapsnslaps,Online Movie Review Platform,Other,Mumbai,R M Picture Company Pvt. Ltd.,Seed Funding,150000.0,1.26,2015,September
2395,2015-09-04,Blubox,ECommerce Brands\\xe2\\x80\\x99 Full Service Agency,Other,Mumbai,Ashish Jhalani,Seed Funding,100000.0,0.84,2015,September
2396,2015-09-04,RoomCentral,Cloud-based Hotel Booking Platform,Other,Bengaluru,Karanpal Singh,Seed Funding,2000000.0,16.8,2015,September
2397,2015-09-07,YouthKiAwaaz,Community Driven News/Views Platform,Other,New Delhi,"Raghav Bahl, Ritu Kapur",Seed Funding,600000.0,5.04,2015,September
2398,2015-09-07,Prozo,Study Material Marketplace,Other,New Delhi,"Nalin Jain, Shomil Pant, Dinesh Kundu & Others",Seed Funding,205000.0,1.72,2015,September
2399,2015-09-07,Zomato,Restaurant Ratings & Reviews platform,Other,Gurugram,"Temasek, Vy Capital",Private Equity,60000000.0,504.0,2015,September
2400,2015-09-07,Sahayog Dairy,Dairy Based Product Manufacturer,Other,Bhopal,Acumen Fund,Private Equity,1800000.0,15.12,2015,September
2401,2015-09-08,MockBank,Government Test Preparation platform,Other,Bengaluru,Blume Ventures,Seed Funding,400000.0,3.36,2015,September
2402,2015-09-08,ReportBee,Smart Report Cards for Schools,Other,Chennai,India Educational Investment Fund,Seed Funding,0.0,0.0,2015,September
2403,2015-09-08,GuruG Learning,Teacher empowerment platform,Other,Bengaluru,India Educational Investment Fund,Seed Funding,0.0,0.0,2015,September
2404,2015-09-10,OnlineTyari,Multilingual Test Preparation Platform,Other,Gurugram,"500 Startups, Tv Mohandas Pai, Tandem Capital, Vikram Chachra, Aloke Bajpai",Private Equity,770000.0,6.47,2015,September
2405,2015-09-10,IndustryBuying,Industrial Tools Marketplace,Other,New Delhi,"Kalaari Capital, Saif Partners, Beenextan Investment Fund",Private Equity,9200000.0,77.28,2015,September
2406,2015-09-10,The/Nudge Foundation,Non Profit Organization to alleviate poverty,Other,Bengaluru,"Nanadan Nilekani, Inmobi, Paytm",Seed Funding,315000.0,2.65,2015,September
2407,2015-09-11,FitMeIn,Gym & Fitness Studios Subscription platform,Other,New Delhi,Green House Ventures,Seed Funding,100000.0,0.84,2015,September
2408,2015-09-11,Envoged,pre-used luxury item Marketplace,Other,Mumbai,"Ankush Nijhawan, Manish Dhingra, Gaurav Bhatnagar",Seed Funding,0.0,0.0,2015,September
2409,2015-09-11,Zapyle,pre-used apparel shopping mobile app,Other,Bengaluru,Undisclosed,Seed Funding,1000000.0,8.4,2015,September
2410,2015-09-11,Renomania,Home Design & D\\xc3\\xa9cor platform,Other,New Delhi,Subodh Gupta,Seed Funding,0.0,0.0,2015,September
2411,2015-09-12,CredR,Used Vehicles Marketplace,Other,Mumbai,Eight Road Ventures,Private Equity,15000000.0,126.0,2015,September
2412,2015-09-12,YatraGenie,Online Bus & Cab ticketing platform,Other,Hyderabad,Ash Bhardwaj,Private Equity,0.0,0.0,2015,September
2413,2015-09-14,CanvasFlip,Mobile App testing platform,Other,Hyderabad,Bessemer Venture Partners,Seed Funding,1200000.0,10.08,2015,September
2414,2015-09-14,Shadowfax,Hyperlocal Delivery Services,Other,Gurugram,Eight Road Ventures,Private Equity,9000000.0,75.6,2015,September
2415,2015-09-14,UE Life Sciences,Early Cancer Detection Solutions,Other,US/India,"Aarin Capital, Unitus Seed Fund",Private Equity,3000000.0,25.2,2015,September
2416,2015-09-14,Ola Cabs,Cab rental Mobile app,Other,Bengaluru,"Falcon Edge Capital, Ny Based Hedge Fund, Tiger Global, Softbank",Private Equity,225000000.0,1890.0,2015,September
2417,2015-09-15,Coverfox,Online Insurance Distribution Platform,Other,Mumbai,Cataraman Ventures,Private Equity,2000000.0,16.8,2015,September
2418,2015-09-15,MoEngage,Mobile Marketing Automation Platform,Other,Bengaluru,"Helion Venture Partners, Exfinity Ventures",Private Equity,4250000.0,35.7,2015,September
2419,2015-09-15,Mubble,Prepaid Mobile Bill Manager App,Other,Bengaluru,Nandan Nilekani,Seed Funding,0.0,0.0,2015,September
2420,2015-09-15,Tea Trails,Chain of Tea Caf\\xc3\\xa9\\xe2\\x80\\x99s,Other,Mumbai,"Anil Matai, Vikram Tandon, Shyam Sundar R & Others",Seed Funding,1000000.0,8.4,2015,September
2421,2015-09-15,Room on Call,Branded Budget Hotel Marketplace,Other,Noida,Payal Syal,Seed Funding,300000.0,2.52,2015,September
2422,2015-09-15,FYNE,Home Fitting & Fixtures Marketplace,Other,Bengaluru,Sandeep Dama & Others,Seed Funding,0.0,0.0,2015,September
2423,2015-09-16,ChaiPoint,Food Subscription platform,Other,Bengaluru,Eight Road Ventures,Private Equity,10000000.0,84.0,2015,September
2424,2015-09-16,WedmeGood.com,Wedding Planning Platform,Other,Gurugram,"Idg, Indian Angel Network",Seed Funding,410000.0,3.44,2015,September
2425,2015-09-16,XSTOK,B2B Mobile Auction Marketplace,Other,Mumbai,Oliphabs Capital,Seed Funding,450000.0,3.78,2015,September
2426,2015-09-17,UniLog,ECommerce Data Analytics Platform,Other,Bengaluru,Kalaari Capital,Private Equity,0.0,0.0,2015,September
2427,2015-09-17,Paintcollar,Designer Merchandize Marketplace,Other,Mumbai,Applyifi,Seed Funding,0.0,0.0,2015,September
2428,2015-09-17,YepMe,Private label Fashion eTailer,Other,Gurugram,"Khazanah Nasional Berhad, Helion Venture Partners",Private Equity,75000000.0,630.0,2015,September
2429,2015-09-17,Bueno,Online Food ordering & delivery,Other,Gurugram,High Networth Individuals,Seed Funding,600000.0,5.04,2015,September
2430,2015-09-18,Plabro,Real Estate Broker Platform App,Other,New Delhi,"Sachin Bansal & Binny Bansal, Sol Primero, Outbox Ventures, Sangram Singh",Seed Funding,350000.0,2.94,2015,September
2431,2015-09-18,CureJoy,Online Health & Wellness platform,Other,Bengaluru,"Accel Partners, Subrata Mitra, Larry Braitman, Venk Krishna",Private Equity,1150000.0,9.66,2015,September
2432,2015-09-18,Briston Technomach,Internet of Things platform,Other,New Delhi,Undisclosed,Seed Funding,150000.0,1.26,2015,September
2433,2015-09-18,LabStreet,Diagnostic Labs aggregator platform,Other,Gurugram,Multiple Investors,Seed Funding,150000.0,1.26,2015,September
2434,2015-09-19,DailyNinja,Hyperlocal Delivery Platform,Other,Bengaluru,"Aprameya Radhakrishna, Naman Sarawagi, Afsal Salu,",Seed Funding,0.0,0.0,2015,September
2435,2015-09-21,Portea Medical,Home Medical Care Services,Other,Bengaluru,"Accel Partners, International Finance Corporation, Qualcomm Ventures, Ventureast",Private Equity,37500000.0,315.0,2015,September
2436,2015-09-21,Neotrade Analytics,Real-Time stock data platform,Other,Bengaluru,Rainmatter,Seed Funding,235000.0,1.97,2015,September
2437,2015-09-21,DishCo,Food discovery & table booking app,Other,Mumbai,"Anand Mahindra, Uday Punj, Ashish Hemrajani, Sanjeev Mehra",Seed Funding,0.0,0.0,2015,September
2438,2015-09-21,LafaLafa,coupons and cashback aggregator app,Other,Mumbai,500 Startups,Seed Funding,125000.0,1.05,2015,September
2439,2015-09-21,ConnectAbank,Financial Products lead generation platform,Other,Mumbai,Prakhar Bumb,Seed Funding,0.0,0.0,2015,September
2440,2015-09-22,VillFarm,Sustainable Agri-inputs Firm,Other,Bengaluru,"Unitus Seed Fund, Rianta Capital, R Ramaraj, Sunil Edwards",Seed Funding,0.0,0.0,2015,September
2441,2015-09-22,Bestdealfinance,Financial Services Portal,Other,Mumbai,"Kalaari Capital, Yournest Angel Fund",Private Equity,3000000.0,25.2,2015,September
2442,2015-09-22,GameXS.in,Pre-owned games Marketplace,Other,New Delhi,Lead Angels,Seed Funding,0.0,0.0,2015,September
2443,2015-09-22,The Man Company,Content-based Subscription eCommerce platform,Other,New Delhi,"Karan Bajwa, Amanpreet Bajaj, Manish Vij",Seed Funding,0.0,0.0,2015,September
2444,2015-09-22,Virtual Logic,"virtual reality, 3d simulation and stereoscopic products",Other,Bengaluru,Swarnim Multiventures,Private Equity,800000.0,6.72,2015,September
2445,2015-09-22,Furdo,Online Interior Designing platform,Other,Bengaluru,Bhavdeep Reddy,Seed Funding,400000.0,3.36,2015,September
2446,2015-09-22,LogiNext,End-to-end Logistics platform,Other,Mumbai,Paytm,Private Equity,10000000.0,84.0,2015,September
2447,2015-09-22,Korra,Private Label Apparel sales,Other,New Delhi,Asha Jadeja Motwani & Others,Seed Funding,300000.0,2.52,2015,September
2448,2015-09-23,Credihealth,Healthcare Consulting platform,Other,Gurugram,Rajat Malhotra,Seed Funding,0.0,0.0,2015,September
2449,2015-09-23,Amigobulls,Stock Market Portal,Other,Bengaluru,"Sharad Sharma, Vijay Anand, Mohandas Pai. Pallav Nadhani, Singapore Angels Network & Others",Seed Funding,0.0,0.0,2015,September
2450,2015-09-23,SilverPush,Cross-device retargeting platform,Other,Gurgaon / SFO,M&S Partners,Private Equity,1200000.0,10.08,2015,September
2451,2015-09-23,Juggernaut,Digital & Physical Publishing platform,Other,New Delhi,"William Bissell, Neeraj Aggarwal, Nandan Nilekani",Private Equity,2250000.0,18.9,2015,September
2452,2015-09-23,InnerChef,Food Delivery Platform,Other,New Delhi,"Phanindra Sama, Anupam Mittal, Vijay Shekhar Sharma, Vishal Gondal, Sateesh Andara & Others",Private Equity,1750000.0,14.7,2015,September
2453,2015-09-24,Quintype,Data Driven Publishing platform,Other,Bengaluru,Raghav Bahl,Private Equity,3300000.0,27.72,2015,September
2454,2015-09-24,Capabiliti,Employee OnBoarding & Orientation platform,Other,Noida,"500 Startups, Smile Multimedia, Kunal Bahl, Rohit Bansal, Girish Matrubootham",Seed Funding,400000.0,3.36,2015,September
2455,2015-09-24,Fourth Partner Energy,Solar Power Solutions company,Other,Hyderabad,"Infuse Ventures, The Chennai Angels",Private Equity,2000000.0,16.8,2015,September
2456,2015-09-24,Licious,Online Meat Ordering platform,Other,Bengaluru,"Kanwaljit Singh, Tv Mohandas Pai",Seed Funding,1000000.0,8.4,2015,September
2457,2015-09-25,TravelKhana,online meal-booking platform for train travelers,Other,New Delhi,Astarc Ventures & Others,Seed Funding,0.0,0.0,2015,September
2458,2015-09-28,Quickli,hyperlocal delivery platform,Other,New Delhi,"500 Startups, Mato Peric & Others",Seed Funding,0.0,0.0,2015,September
2459,2015-09-28,Ola Cabs,Cab Booking app platform,Other,Bengaluru,Didi Kuaidi,Private Equity,30000000.0,252.0,2015,September
2460,2015-09-29,Paytm,E-Commerce & M-Commerce platform,Other,New Delhi,"Alibaba Group, Ant Financial",Private Equity,680000000.0,5712.0,2015,September
2461,2015-09-29,Inmobi,Mobile Advertising platform,Other,Bengaluru,Tennenbaum Capital Partners & Others,Private Equity,100000000.0,840.0,2015,September
2462,2015-09-29,Peppertap,Hyperlocal Grocery Delivery,Other,Gurugram,"Sequoia India, Saif Partners.",Private Equity,36000000.0,302.4,2015,September
2463,2015-09-29,Hugefly,Ecommerce Product recommendation platform,Other,Pune,Mayank Singhal And Others,Seed Funding,0.0,0.0,2015,September
2464,2015-09-29,Brigge,Activity Based Social Network,Other,Chennai,The Chennai Angels,Seed Funding,0.0,0.0,2015,September
2465,2015-09-29,Zakoopi,Fashion Discovery platform,Other,New Delhi,Unicorn Venture,Seed Funding,350000.0,2.94,2015,September
2466,2015-09-29,LoanCircle,Consumer lending marketplace,Other,Bengaluru,"Zishaan Hayath, Rahul Khanna & Others",Seed Funding,0.0,0.0,2015,September
2467,2015-09-30,Infoworks,Big Data Management Platform,Other,Bangalore / USA,"Nexus Venture Partners, Knoll Ventures And Others",Private Equity,5000000.0,42.0,2015,September
2468,2015-09-30,RedDoorz,Budget Accommodation Platform,Other,Noida,Jungle Ventures,Seed Funding,1000000.0,8.4,2015,September
2469,2015-09-30,FirstTouch,Local Mobile OS,Other,Gurugram,"Kunal Bahl, Rohit Bansal, Pranay Chulet, Naveen Tiwari, Amit Gupta, Mayank Singhal",Seed Funding,0.0,0.0,2015,September
2470,2015-09-30,Eywa Media,Digital Signal processing platform,Other,Bengaluru,"Ah! Ventures, Viktor Koenig Pe Fund, Mantra Ventures",Seed Funding,1000000.0,8.4,2015,September
2471,2015-08-01,Snapdeal,Ecommerce Marketplace,Other,New Delhi,"Alibaba, Foxconn, Softbank",Private Equity,500000000.0,4200.0,2015,August
2472,2015-08-01,Ressy,Restaurant Discount app,Other,Pune,Mohandas Pai & Others,Seed Funding,400000.0,3.36,2015,August
2473,2015-08-03,Cuelearn,Tech-enabled learning,Other,New Delhi,Alok Mittal,Seed Funding,0.0,0.0,2015,August
2474,2015-08-03,Connect India,ECommerce Logistics provider,Other,New Delhi,Aavishkaar,Private Equity,5000000.0,42.0,2015,August
2475,2015-08-03,The Home Salon,on-demand home beauty and wellness portal,Other,Mumbai,Venturenursery,Seed Funding,0.0,0.0,2015,August
2476,2015-08-03,Jusride,Self Driven Car rental,Other,Mumbai,"Alok Mittal, Zeeshan Hayat, Niraj Singh, Nikunj Jain, Anirudh Damani, Punit Goyal",Seed Funding,0.0,0.0,2015,August
2477,2015-08-03,Oyorooms,Budget Hotel accommodation brand,Other,New Delhi,"Softbank Group, Greenoaks Capital, Sequoia Capital,\\Xc2\\Xa0 Lightspeed India",Private Equity,100000000.0,840.0,2015,August
2478,2015-08-03,Glowship,Energy & Environment Online Marketplace,Other,Bengaluru,Infuse Ventures,Seed Funding,0.0,0.0,2015,August
2479,2015-08-03,Wizrocket,User Engagment & Analytics platform,Other,Mumbai,"Sequoia Capital India, Accel Partners",Private Equity,9600000.0,80.64,2015,August
2480,2015-08-04,Pickingo,On-Demand Delivery Logistics,Other,New Delhi,"Orios Venture Partners, Zishaan Hayath",Private Equity,1300000.0,10.92,2015,August
2481,2015-08-05,Grex,fund raising platform for startups,Other,Pune,"Kunal Bajaj, Chandru Badrinarayanan",Seed Funding,650000.0,5.46,2015,August
2482,2015-08-05,LetsTransport,Logistics Tech Platform,Other,Bengaluru,"Rebright Partners, Ankush Nijhawan, Gaurav Bhatnagar, Manish Dhingra",Seed Funding,1300000.0,10.92,2015,August
2483,2015-08-05,Zo Rooms,Online budget hotel chain,Other,New Delhi,"Tiger Global Management, Lightspeed Venture Partners",Private Equity,30000000.0,252.0,2015,August
2484,2015-08-05,Doormint,Hyperlocal Handyman services,Other,Mumbai,"Helion Venture Partners, Kae Capital",Private Equity,3000000.0,25.2,2015,August
2485,2015-08-05,NightStay,hotel booking app,Other,Noida,"Bedrock Ventures, Rajesh Sawhney, Shailesh Singh",Seed Funding,500000.0,4.2,2015,August
2486,2015-08-05,Zocalo,Rental Accomodation finder,Other,New Delhi,"Sachin Bhatia, Rajesh Sawhney",Seed Funding,0.0,0.0,2015,August
2487,2015-08-05,Sunday Realty Solutions,Tech Platform for property brokers,Other,Mumbai,"Ramesh Jogani, Shailesh Viswanathan, Jay Srinivasan",Seed Funding,785000.0,6.59,2015,August
2488,2015-08-06,Klozee,Luxury Apparel rental,Other,Bengaluru,Tracxn Labs,Seed Funding,0.0,0.0,2015,August
2489,2015-08-06,Appvigil,App security\\xc2\\xa0 testing platform,Other,Mumbai,"Ravi Gururaj, Gaurav Sharma, Viswanath Ramachandran, Ripplewave",Seed Funding,500000.0,4.2,2015,August
2490,2015-08-06,practo,Doctor Appointment booking app,Other,Bengaluru,"Sofina, Google Capital, Altimeter Capital, Sequoia Capital Global Equities, Yuri Milner, Sequoia Capital, Matrix Partners",Private Equity,90000000.0,756.0,2015,August
2491,2015-08-06,LoudShout,anonymous bulletin board app,Other,New Delhi,"Sanjay Sethi, Ravi Jaipuria & Others",Seed Funding,0.0,0.0,2015,August
2492,2015-08-06,Wetravelsolo,Travel community platform,Other,New Delhi,"Ccube Angels, Frontline Strategy",Seed Funding,0.0,0.0,2015,August
2493,2015-08-06,Ketto,Crowd funding platform,Other,Mumbai,"Chennai Angels, Calcutta Angels, Ah! Ventures, Intellecap Impact Investment Network, Indus Age Partners, Singapore Angel Network, India Internet Fund, Letsventure",Seed Funding,700000.0,5.88,2015,August
2494,2015-08-06,Ezetap,Mobile based PoS solution,Other,Bengaluru,"Horizons Ventures, Capricorn Investment Group, Social+Capital, Helion Advisors, Berggruen Holdings",Private Equity,25000000.0,210.0,2015,August
2495,2015-08-06,NDTV ecommerce venture,Car & Bike ecommerce platform,Other,Mumbai,"Inflexionpoint, Pramod Bhasin, Sixth Sense Ventures, Vindi Banga, Hiro Mashita",Private Equity,0.0,0.0,2015,August
2496,2015-08-07,Carl\\xe2\\x80\\x99s Jr,Fast food Chain Franchisee,Other,Gurugram,Yourwecan Ventures,Seed Funding,630000.0,5.29,2015,August
2497,2015-08-07,EasyRewardz,Loyalty Programs & Reward Points,Other,Mumbai,"Wealth First, Ashneer Grover, Atul Phadnis",Private Equity,500000.0,4.2,2015,August
2498,2015-08-07,GIBSS,Energy saving solutions provider,Other,Mumbai,"Responsability Investments, Infuse Ventures",Private Equity,0.0,0.0,2015,August
2499,2015-08-07,StoreMore.in,Self-Storage Spaces,Other,Noida,Bedrock Ventures,Seed Funding,0.0,0.0,2015,August
2500,2015-08-07,iOrderFresh,Grocery retail Mobile app,Other,New Delhi,Best Foodworks,Seed Funding,0.0,0.0,2015,August
2501,2015-08-10,MyTaxiIndia,Taxi Rental platform,Other,Gurugram,"Nihon Kotsu,",Private Equity,500000.0,4.2,2015,August
2502,2015-08-10,eSadar,ecommerce,Other,New Delhi,"Neha Vats, Gaurav Vats",Seed Funding,80000.0,0.67,2015,August
2503,2015-08-10,Actionable Analytics,Machine Learning Platform,Other,New Delhi/ Houston,"B M Gupta, Vinod Singhal",Seed Funding,0.0,0.0,2015,August
2504,2015-08-10,MyPoolin,mobile social network,Other,New Delhi,Qprize From Qualcomm Ventures,Seed Funding,250000.0,2.1,2015,August
2505,2015-08-10,NearBuy (previously\\xc2\\xa0 groupon India),Hyper-Local Ecommerce,Other,New Delhi,Sequoia Capital,Private Equity,16000000.0,134.4,2015,August
2506,2015-08-10,Inkmonk,Online printing marketplace,Other,Chennai,"Girish Mathrubootham, Phanindra Sama, Vikram Chachra, Others From Letsventure",Seed Funding,250000.0,2.1,2015,August
2507,2015-08-10,ToneTag,mobile payment software platform,Other,Bengaluru,Reliance Capital Venture,Private Equity,1000000.0,8.4,2015,August
2508,2015-08-10,Grey Orange,Automated Storage & Warehousing Solution,Other,Gurugram,Tiger Global Management,Private Equity,30000000.0,252.0,2015,August
2509,2015-08-11,Livspace,Home Design & D\\xc3\\xa9cor solutions,Other,Bengaluru,"Helion Ventures, Jungle Ventures & Bessemer Venture Partners",Private Equity,8000000.0,67.2,2015,August
2510,2015-08-11,WOW! MOMO,Quick Service Restaurant Chain,Other,Kolkata,"Idg, Indian Angel Network",Seed Funding,1600000.0,13.44,2015,August
2511,2015-08-11,RainCan,Subscription based Online Grocery platform,Other,Pune,Ajeet Khurana & Others,Seed Funding,100000.0,0.84,2015,August
2512,2015-08-11,Allygrow Technologies,engineering services company,Other,Mumbai,Zodius Technology Fund,Private Equity,20000000.0,168.0,2015,August
2513,2015-08-11,Infogain,Business and IT consulting,Other,New Delhi / US,Chryscapital,Private Equity,63000000.0,529.2,2015,August
2514,2015-08-12,OneAssist,Credit Card Fraud protection solutions,Other,Mumbai,"Sequoia Capital, Lightspeed Ventures",Private Equity,7500000.0,63.0,2015,August
2515,2015-08-12,BigBasket,Online & mobile Grocery store,Other,Bengaluru,Bessemer Venture Partners,Private Equity,50000000.0,420.0,2015,August
2516,2015-08-12,Sheroes,Career Community for Women,Other,Noida,"Quintillion Media, 500 Startups",Seed Funding,770000.0,6.47,2015,August
2517,2015-08-12,Scripbox,Mutual Fund Investing platform,Other,Bengaluru,"Accel Partners, Deep Kalra, Rajesh Magow, Mohit Gupta, Shamik Sharma",Private Equity,2500000.0,21.0,2015,August
2518,2015-08-13,etaout,Ecommerce Marketing Software Platform,Other,Noida,"Amit Ranjan, Vijay Shekhar Sharma, Kunal Bahl, Girish Mathrubootham &\\Xc2\\Xa0 Group Of Other Angel Investors",Seed Funding,500000.0,4.2,2015,August
2519,2015-08-13,IFMR Holdings,Financial Inclusion platform,Other,Chennai,"Accion, Leapfrog Investments, Lok Capital",Private Equity,25000000.0,210.0,2015,August
2520,2015-08-13,Massblurb,Digital Marketing automation solution,Other,Mumbai,"Letsventure, Mumbai Angels",Seed Funding,0.0,0.0,2015,August
2521,2015-08-13,Agrostar,Mobile Commerce for Farmers,Other,Pune,Idg Ventures,Private Equity,4000000.0,33.6,2015,August
2522,2015-08-14,VoxWeb,Picture based Social App,Other,Mumbai,Jitendra Gupta & Others,Seed Funding,100000.0,0.84,2015,August
2523,2015-08-14,Trukky,Logistics service platform,Other,Ahmedabad,"Gujarat Based Angel Investors, Mmy Co-Founder",Seed Funding,245000.0,2.06,2015,August
2524,2015-08-14,VanityCube,On-Demand Beauty Services,Other,New Delhi,Group Of 15 Angel Investors,Seed Funding,0.0,0.0,2015,August
2525,2015-08-17,Edu4Share,Exam Preparation Platform,Other,New Delhi,Nalin Jain & Other Angel Investors,Seed Funding,220000.0,1.85,2015,August
2526,2015-08-17,YourStory,Startup Focused Online Publisher,Other,Mumbai,"Ratan Tata, Vani Kola, T V Mohandas Pai, Karthee Madasamay",Seed Funding,0.0,0.0,2015,August
2527,2015-08-17,Sampurnearth,Waste Management Solutions,Other,Mumbai,"Intellecap Impact Investment Network, Family Office Fund",Seed Funding,160000.0,1.34,2015,August
2528,2015-08-17,Orobind,App based Fitness coaching,Other,Bengaluru,Existing & New Investors,Private Equity,0.0,0.0,2015,August
2529,2015-08-17,Fixy,On demand cleaning & fixing services,Other,Mumbai,Venturenursery,Seed Funding,0.0,0.0,2015,August
2530,2015-08-17,MSM Box,Beauty & Lifestyle platform,Other,New Delhi,Mohit Goel,Seed Funding,0.0,0.0,2015,August
2531,2015-08-17,ShadowFax,on-demand delivery service,Other,Gurugram,"Kunal Bahl, Rohit Bansal, Zishaan Hayath, Prashant Malik",Seed Funding,310000.0,2.6,2015,August
2532,2015-08-17,Gadgets 360,Car & Bike ecommerce platform,Other,New Delhi,One 97 Communications,Private Equity,0.0,0.0,2015,August
2533,2015-08-18,Roposo,Fashion Discovery platform,Other,Gurugram,Tiger Global,Private Equity,15000000.0,126.0,2015,August
2534,2015-08-18,IntelligenceNODE,Data Analytics Platform,Other,Mumbai,"New Enterprise Associates, Orios Venture Partners",Private Equity,4200000.0,35.28,2015,August
2535,2015-08-18,HyperVerge,Deep Learning Cloud Algorithms,Other,Chennai,"Nea, Milliways Ventures, Naya Ventures",Seed Funding,1000000.0,8.4,2015,August
2536,2015-08-18,Twyst,Location based engagement & rewards platform,Other,Gurugram,"Rohit Bhatia, Sunil Nikhar, Vaibhav Domkundwar, Siddharth Nautiyal",Seed Funding,0.0,0.0,2015,August
2537,2015-08-18,IDfy,Online Identity Verification Services platform,Other,Mumbai,Blume Ventures & Others,Private Equity,0.0,0.0,2015,August
2538,2015-08-18,Zoojoo.be,Corporate Wellness App,Other,Bengaluru,Roundglass Partners,Private Equity,1000000.0,8.4,2015,August
2539,2015-08-19,Fashionove,Fashion Search & Review Platform,Other,Kolkata,Umesh Yadav,Seed Funding,0.0,0.0,2015,August
2540,2015-08-19,TimeSaverz,"Hyperlocal Maintenance, Repair & Cleaning services",Other,Mumbai,Unilazer Ventures,Private Equity,2400000.0,20.16,2015,August
2541,2015-08-19,Envoged,pre-owned Luxury online apparel seller,Other,Mumbai,"Manish Dhingra, Ankush Nijhawa, Gaurav Bhatnagar",Seed Funding,0.0,0.0,2015,August
2542,2015-08-19,MebelKart,Online Furniture Marketplace,Other,Bengaluru,Askme,Private Equity,20000000.0,168.0,2015,August
2543,2015-08-20,LabsAdvisor,Online Diagnostic Tests Marketplace,Other,New Delhi,Group Of 15 Angel Investors,Seed Funding,156000.0,1.31,2015,August
2544,2015-08-20,Flatpebble,Online marketplace for Photographers,Other,Hyderabad,"Idg, Indian Angel Network",Seed Funding,600000.0,5.04,2015,August
2545,2015-08-20,Bluegape.com,Visual Blogging platform,Other,New Delhi,"Ah! Ventures, Times Internet, Rudy Gopalakrishnan",Seed Funding,600000.0,5.04,2015,August
2546,2015-08-21,ePoise,Job Search Platform,Other,Bengaluru,"Orios Venture Partners, Amit Ranjan & Others",Seed Funding,500000.0,4.2,2015,August
2547,2015-08-24,Jolly Food Fellow,Food Customer analytics platform,Other,Ahmedabad,The 1947,Seed Funding,300000.0,2.52,2015,August
2548,2015-08-24,BookMeIn,Professional Service Appointment booking service,Other,Mumbai,Ajmera Group Of Companies,Seed Funding,400000.0,3.36,2015,August
2549,2015-08-24,iZofy,Scientific Horoscope Online Assistance platform,Other,Kolkata,Prime Capital Markets Ltd,Seed Funding,0.0,0.0,2015,August
2550,2015-08-24,rBus,Tech enabled AC bus service,Other,Mumbai,"India Quotient, Anupam Mittal & Others",Seed Funding,0.0,0.0,2015,August
2551,2015-08-25,Qyk App,On-Demand App based Professional service provider,Other,Bengaluru,"Growx Ventures, Tracxn Labs, Powai Lake Ventures, And Sahil Barua",Private Equity,1000000.0,8.4,2015,August
2552,2015-08-25,EazyDiner,Restaurant Reservation Platform,Other,Gurugram,"Dsg Consumer Partners, Saama Capital",Private Equity,3000000.0,25.2,2015,August
2553,2015-08-25,RevX,Cross-channel CRM platform,Other,Mumbai,"Norwest Venture Partners, Nexus Venture Partners, Helion Venture Partners, Draper Fisher Jurvetson, Peepul Capital",Private Equity,4000000.0,33.6,2015,August
2554,2015-08-25,ICustomMadeIt,Professional Custom creators Marketplace,Other,Pune,Group Of 15 Angel Investors,Seed Funding,250000.0,2.1,2015,August
2555,2015-08-26,PickMyLaundry,on-Demand Washing & Dry-Cleaning,Other,New Delhi,Ghv Accelerator,Seed Funding,100000.0,0.84,2015,August
2556,2015-08-26,Belita,On-Demand Beauty Service,Other,Mumbai,"India Quotient, Letsventure Investors, Lead Angels",Seed Funding,400000.0,3.36,2015,August
2557,2015-08-26,EzySolare,solar products and services marketplace,Other,Ahmedabad,Infuse Ventures,Seed Funding,0.0,0.0,2015,August
2558,2015-08-26,FoodTalkIndia,Online Food Community Platform,Other,Gurugram,3 Undisclosed Investors,Seed Funding,500000.0,4.2,2015,August
2559,2015-08-27,InstaSafe,Private Cloud Networks SAAS platform,Other,Bengaluru,Group Of Hni Investors,Seed Funding,0.0,0.0,2015,August
2560,2015-08-27,Eazy Coach,Education Marketplace,Other,Kolkata,Ravi Agarwal,Seed Funding,0.0,0.0,2015,August
2561,2015-08-27,Djubo.com,Cloud Based Hotel Sales Platform,Other,New Delhi,Ibibo Group,Private Equity,0.0,0.0,2015,August
2562,2015-08-28,BetterButter.in,online recipe sharing platform,Other,New Delhi,"Growx Ventures, Manish Singhal",Seed Funding,0.0,0.0,2015,August
2563,2015-08-28,Vyomo,Beauty & Lifestyle Mobile Marketplace,Other,Bengaluru,Rocket Internet,Private Equity,2000000.0,16.8,2015,August
2564,2015-08-28,RollMafia,QSR Restaurant Chain,Other,Pune,Equentia Natural Resources,Seed Funding,160000.0,1.34,2015,August
2565,2015-08-29,iamwire,Digital Media publishing platform,Other,Gurugram,"Li Tao, Li Jian, Draphant Consultants, Nitin Garg, Saurabh Jain, Mohit Agarwal",Seed Funding,0.0,0.0,2015,August
2566,2015-08-31,DropKaffe,Online Coffee Delivery platform,Other,Bengaluru,"Manish Singhal, P39 Capital & Others",Seed Funding,300000.0,2.52,2015,August
2567,2015-08-31,Reverie,Language Localization Cloud platform,Other,Bengaluru,"Aspada Investment Advisors, Blume Ventures.",Private Equity,4000000.0,33.6,2015,August
2568,2015-08-31,Infinite Analytics,Big Data & predictive Analysis Platform,Other,Mumbai,"Ratan Tata, Nikhil Vora & Others",Private Equity,0.0,0.0,2015,August
2569,2015-07-01,Parcelled,Online Logistics Platform,Other,Bengaluru,"Delhivery, Tracxn Labs",Seed Funding,0.0,0.0,2015,July
2570,2015-07-01,Retigence Technologies,Business IT Intelligence Services,Other,Mumbai,Omnivore Partners,Private Equity,0.0,0.0,2015,July
2571,2015-07-01,Cloudcherry Analytics,CRM / Analytics platform,Other,Chennai,"The Chennai Angels, Idg Ventures India",Seed Funding,1000000.0,8.4,2015,July
2572,,HandyHome,Hyperlocal Electronics repair Service,Other,Mumbai,"Bessemer Ventures, Kae Capital",Seed Funding,630000.0,5.29,2016,Unknown
2573,2015-07-01,iDreamCareer,Ed-Tech Platform,Other,New Delhi,"Ah! Ventures, Vivek Joshi, Mohit Satyanand & Others",Seed Funding,0.0,0.0,2015,July
2574,2015-07-01,Ola Cabs,Cab rental Mobile app,Other,Bengaluru,Rata Tata,Private Equity,0.0,0.0,2015,July
2575,2015-07-01,NxtGen,IT infrastructure & Data Center services,Other,Bengaluru,"Ifc, Axon Partners, Intel Capital",Private Equity,13500000.0,113.4,2015,July
2576,2015-07-02,BankBazaar,Online Financial Services,Other,Chennai,"Amazon, Fidelity Growth Partners, Mousse Partners",Private Equity,60000000.0,504.0,2015,July
2577,2015-07-02,Gozoomo,Used Car Marketplace,Other,Bengaluru,Saif Partners,Private Equity,5000000.0,42.0,2015,July
2578,2015-07-02,Zenatix,Internet of Things platform,Other,Gurugram,"Rajan Anandan, Kunal Bahl, Rohit Bansal, Rahul Khanna",Seed Funding,161000.0,1.35,2015,July
2579,2015-07-03,CultureAlley,Language Learning App,Other,Jaipur,Tiger Global,Private Equity,6500000.0,54.6,2015,July
2580,2015-07-03,Goqii,Mobile Fitness Marketplace,Other,Mumbai,Vijay Shekhar Sharma,Private Equity,0.0,0.0,2015,July
2581,2015-07-03,Gingercrush,Custom Merchandize platform,Other,Ahmedabad,"Gokul Jaykrishna, Brand Capital",Seed Funding,1000000.0,8.4,2015,July
2582,2015-07-04,Elanic,P2P Pre-owned goods marketplace,Other,Bengaluru,"Rebright Partners, Tracxn Labs, Aneesh Reddy",Seed Funding,0.0,0.0,2015,July
2583,2015-07-04,Stitchwood,Custom Furniture Marketplace,Other,Mumbai,"Powai Lake Ventures, Ajeet Khurana & Others",Seed Funding,395000.0,3.32,2015,July
2584,2015-07-05,Urban Tailor,Online Tailoring Services,Other,Bengaluru,Group Of 15 Angel Investors,Seed Funding,0.0,0.0,2015,July
2585,2015-07-06,ConfirmtTkt,Rail Ticket Confirmation predictor,Other,Bengaluru,Pravin Agarwala & Others,Seed Funding,0.0,0.0,2015,July
2586,2015-07-06,Paper Boat,Ethnic Beverages manufacturer,Other,Gurugram,"Sofina, Hillhouse Capital",Private Equity,30000000.0,252.0,2015,July
2587,2015-07-06,getNow,Hyperlocal Goods marketplace,Other,Nagpur,Atulya Mittal,Seed Funding,0.0,0.0,2015,July
2588,2015-07-07,Wudstay,Budget Accommodation aggregator,Other,Gurugram,"Mangroves Capital Partners, Vikas Saxena",Private Equity,3000000.0,25.2,2015,July
2589,2015-07-07,Liases Foras,Real Estate Rating & Analysis,Other,New Delhi,Dmg Information Asia Pacific,Private Equity,5000000.0,42.0,2015,July
2590,2015-07-07,Eatlo,Food Delivery platform,Other,Bengaluru,"Powai Lake Ventures, Globeinvestor, Abhishekh Goyal",Seed Funding,0.0,0.0,2015,July
2591,2015-07-07,IndiaLends,Financial Tech,Other,New Delhi,"Dsg Consumer Partners, Siddharth Parekh",Private Equity,0.0,0.0,2015,July
2592,2015-07-08,Quinto,Food Discovery App,Other,Pune,Jaydeep Barman,Seed Funding,0.0,0.0,2015,July
2593,2015-07-08,Saavn,Music Streaming App,Other,Mumbai,"Tiger Global Management, Bertelsmann India, Steadview Capital, Liberty Media, Mousse Partners, Quilvest",Private Equity,100000000.0,840.0,2015,July
2594,2015-07-08,Flytxt,Big Data & Analytics platform,Other,Mumbai / Global,"Sunrise Capital Gmbh, Big Data Investments B.V",Private Equity,11000000.0,92.4,2015,July
2595,2015-07-08,Axtria,Big Data & Analytics platform,Other,India / US,"Helion Venture Partners,Amarpreet Sawhney, Deshpande Foundation, Fred Khosravi, Richard S. Braddock",Private Equity,30000000.0,252.0,2015,July
2596,2015-07-08,33Coupons,Coupon Aggregator Platform,Other,Kanpur,Not Disclosed,Seed Funding,20000.0,0.17,2015,July
2597,2015-07-08,Ampere,Electric Scooter manufacturer,Other,Coimbatore,Rata Tata,Seed Funding,0.0,0.0,2015,July
2598,2015-07-08,Hopping Chef,Online Food-Tech Platform,Other,Mumbai,Mirah Hospitality,Seed Funding,470000.0,3.95,2015,July
2599,2015-07-08,Collectabillia,Celebrity Fashion Brand,Other,Bengaluru,Accel Partners,Private Equity,7500000.0,63.0,2015,July
2600,2015-07-08,Lendingkart,Online Finance lending platform,Other,Ahmedabad,"Saama Capital, Mayfield, Ashvin Chadha, Shailesh Mehta",Private Equity,10000000.0,84.0,2015,July
2601,2015-07-08,Lybrate,Healthcare Mobile App,Other,New Delhi,"Tiger Global Management, Ratan Tata, Nexus Venture Partners",Private Equity,10200000.0,85.68,2015,July
2602,2015-07-08,Zoomcar,Self-driven vehicle rental,Other,Bengaluru,"Sequoia Capital, Empire Angels, Ngp",Private Equity,11000000.0,92.4,2015,July
2603,2015-07-09,\\xc2\\xa0News in shorts,\\xc2\\xa0News Aggregator mobile app,Other,\\xc2\\xa0Noida,\\Xc2\\Xa0Tiger Global,Private Equity,0.0,0.0,2015,July
2604,2015-07-09,\\xc2\\xa0Bluestone,\\xc2\\xa0Online Jewellery Store,Other,\\xc2\\xa0Bangalore,"\\Xc2\\Xa0Ivycap Ventures, Accel Partners, Dragoneer Investment Group",Private Equity,0.0,0.0,2015,July
2605,2015-07-09,\\xc2\\xa0Shopsity,\\xc2\\xa0Fashion Info Aggregator App,Other,\\xc2\\xa0Gurgaon,"\\Xc2\\Xa0 Sandeep Aggarwal, Teruhide Sato",Seed Funding,0.0,0.0,2015,July
2606,2015-07-09,\\xc2\\xa0Notesgen,\\xc2\\xa0Online Study Notes Marketplace,Other,\\xc2\\xa0New Delhi,"\\Xc2\\Xa0Rajeev Saraf, Arvind Jha, R. Satya Narayanan",Seed Funding,0.0,0.0,2015,July
2607,,\\xc2\\xa0Infinity Assurance,\\xc2\\xa0Warranty Programs Service Administration,Other,\\xc2\\xa0New Delhi,\\Xc2\\Xa0Indian Angel Network,Seed Funding,0.0,0.0,2016,Unknown
2608,2015-07-10,\\xc2\\xa0Footprints Education,\\xc2\\xa0Pre-School Chain,Other,\\xc2\\xa0Gurgaon,"\\Xc2\\Xa0Letsventure, Kumar Bansal, Kshitij Jain",Seed Funding,0.0,0.0,2015,July
2609,2015-07-10,\\xc2\\xa0Loylty Rewards,\\xc2\\xa0Premium Loyalty Rewards Point Management,Other,\\xc2\\xa0Mumbai,\\Xc2\\Xa0Indianideas.Com,Private Equity,0.0,0.0,2015,July
2610,2015-07-13,\\xc2\\xa0Ameyo,\\xc2\\xa0Contact Center Software Platform,Other,\\xc2\\xa0Gurgaon,\\Xc2\\Xa0Forum Synergies Pe Fund,Private Equity,0.0,0.0,2015,July
2611,2015-07-13,\\xc2\\xa0Mamagoto,\\xc2\\xa0Casual Dining restaurant Chain,Other,\\xc2\\xa0New Delhi,\\Xc2\\Xa0Goldman Sachs,Private Equity,0.0,0.0,2015,July
2612,2015-07-13,\\xc2\\xa0Satvacart,\\xc2\\xa0Online Grocery Delivery,Other,\\xc2\\xa0Gurgaon,\\Xc2\\Xa0Palaash Ventures,Seed Funding,0.0,0.0,2015,July
2613,2015-07-14,MySmartPrice,Online comparison engine,Other,Hyderabad,"Accel Partners, Helion Venture Partners",Private Equity,10000000.0,84.0,2015,July
2614,2015-07-14,Zenify,Residential Rental management platform,Other,Bengaluru,Atul Jalan,Seed Funding,0.0,0.0,2015,July
2615,2015-07-14,Boxmyspace,Physical Storage warehouses,Other,Mumbai,"Ritesh Veera, Singapore Angel Network, Orios Venture Partners,",Seed Funding,300000.0,2.52,2015,July
2616,2015-07-14,HackerRank,Tech Recruitment platform,Other,Bengaluru,Hr Technology Fund,Private Equity,7500000.0,63.0,2015,July
2617,2015-07-14,WickedRide,Bike Rental Platform,Other,Bengaluru,Undisclosed,Seed Funding,790000.0,6.64,2015,July
2618,2015-07-14,WoWexpress,Tech enabled logistics platform,Other,Mumbai,Tamarind Family Private Trust,Seed Funding,500000.0,4.2,2015,July
2619,2015-07-15,Oyo Rooms,Budget Hotel Accommodation,Other,Gurugram,"Softbank, Sequoia Capital",Private Equity,100000000.0,840.0,2015,July
2620,2015-07-15,Mobikon,Restaurant customer engagement platform,Other,Pune,Jungle Ventures,Private Equity,2300000.0,19.32,2015,July
2621,2015-07-15,InstaLively.com,Live video streaming app,Other,New Delhi,"Anupam Mittal, Anand Chandrasekaran, Uday Shankar, Chetan Bhagat",Seed Funding,0.0,0.0,2015,July
2622,2015-07-15,Roadrunnr,Hyper local logistics platform,Other,Bengaluru,"Sequoia Capital, Nexus Venture Partners, Blume Ventures",Private Equity,11000000.0,92.4,2015,July
2623,2015-07-16,Ketto,Crowd Funding Platform,Other,Mumbai,"Pradyumna Dalmia, Sudhir Rao & Others",Seed Funding,700000.0,5.88,2015,July
2624,2015-07-17,QuikWallet,F&B sector Mobile Payment platform,Other,Mumbai,Snow Leopard Technology Ventures,Private Equity,1600000.0,13.44,2015,July
2625,2015-07-17,Omnikart,Industrial Supplies B2B ecommerce,Other,Mumbai,"Sumit Gandhi, Manish Gandhi",Seed Funding,100000.0,0.84,2015,July
2626,2015-07-20,Zo Rooms,Online budget hotel chain,Other,New Delhi,"Tiger Global, Orios Venture Partners.",Private Equity,15000000.0,126.0,2015,July
2627,2015-07-20,Innoviti,Payment Solutions platform,Other,Bengaluru,"Catamaran Ventures, New India Investment Corporation",Private Equity,4850000.0,40.74,2015,July
2628,2015-07-21,ZenRadius,Online Hiring Platform,Other,Bengaluru,"Tracxn Labs, Deepak Singh",Seed Funding,0.0,0.0,2015,July
2629,2015-07-21,Joy by nature,Organic Food ecommerce,Other,New Delhi,"Mumbai Angels, Vriddhi Fund, Others",Private Equity,1000000.0,8.4,2015,July
2630,2015-07-22,Iqlect,Big Data & Analytics platform,Other,Bengaluru,Exfinity Venture Partners,Private Equity,2000000.0,16.8,2015,July
2631,2015-07-22,deGustibus,Fine Dining Restaurant Chain,Other,Mumbai,India Value Fund Advisors,Private Equity,30000000.0,252.0,2015,July
2632,2015-07-23,Nestaway,Luxury Rental Homes,Other,Bengaluru,"Flipkart, Tiger Global",Private Equity,12750000.0,107.1,2015,July
2633,2015-07-23,Mswipe,Mobile Point of Sale payment solution,Other,Unknown,"Falcon Edge Capital, Meru Capital, Ola, Matrix Partners, Dsg Consumer Partners, Axis Bank",Private Equity,25000000.0,210.0,2015,July
2634,2015-07-23,Myonsto,Online Grocers,Other,Ahmedabad,Jayant Bokadia,Seed Funding,320000.0,2.69,2015,July
2635,2015-07-23,iCrushiFlush,Casual Dating App,Other,Mumbai,Idg Ventures India,Seed Funding,0.0,0.0,2015,July
2636,2015-07-23,MedGenome,Clinical Genomics Provider,Other,Bengaluru,Sequoia Capital,Private Equity,20000000.0,168.0,2015,July
2637,2015-07-23,HolidayIQ,Travel information portal,Other,Bengaluru,Makemytrip,Private Equity,15000000.0,126.0,2015,July
2638,2015-07-23,Fitternity,Fitness Marketplace,Other,Mumbai,Exfinity Venture Partners,Private Equity,1000000.0,8.4,2015,July
2639,2015-07-23,Quikr,Online & Mobile classified listings,Other,Mumbai,"Ab Kinnevik, Falcon Edge Capital, Coatue Management",Private Equity,60000000.0,504.0,2015,July
2640,2015-07-23,JetSetGo,Private Jet/ Helicopter Marketplace,Other,New Delhi,Yourwecan Ventures,Seed Funding,0.0,0.0,2015,July
2641,2015-07-24,BroEx,Real Estate Broker network App,Other,Gurugram,Lightspeed India,Private Equity,1000000.0,8.4,2015,July
2642,2015-07-25,Shopatplaces,Ethnic/ Traditional Fashion Store,Other,New Delhi,"Idg, Indian Angel Network",Seed Funding,0.0,0.0,2015,July
2643,2015-07-25,CredR,Used Bikes Marketplace,Other,Mumbai,Fidelity Growth Partners,Private Equity,15000000.0,126.0,2015,July
2644,2015-07-27,ManageMySpa,Spa & Salon Management Software,Other,Hyderabad,Accel Partners,Private Equity,6000000.0,50.4,2015,July
2645,2015-07-27,Townrush,B2B logistics delivery platform,Other,Bengaluru,Lightspeed Venture Partners,Seed Funding,0.0,0.0,2015,July
2646,2015-07-27,Locus,Logistics Automation Platform,Other,Bengaluru,"Growx Ventures,\\Xc2\\Xa0 Manish Singhal",Seed Funding,0.0,0.0,2015,July
2647,2015-07-27,Bevy,Online Hiring Platform,Other,Bengaluru,Varun Agarwal & Others,Seed Funding,0.0,0.0,2015,July
2648,2015-07-28,Pepperfry,Online home d\\xc3\\xa9cor marketplace,Other,Mumbai,"Goldman Sachs, Zodius Technology Fund, Bertelsmann India Investments Norwest Venture Partners.",Private Equity,100000000.0,840.0,2015,July
2649,2015-07-28,Flipkart.com,Online Marketplace,Other,Bengaluru,Steadview Capital And Existing Investors,Private Equity,700000000.0,5880.0,2015,July
2650,2015-07-28,Opinio,Hyperlocal food & grocery store,Other,Bengaluru,"Accel Partners, Traxcn Labs & Others",Seed Funding,1300000.0,10.92,2015,July
2651,2015-07-28,Zoctr,Health-Tech platform,Other,Mumbai,"Sandeep Parwal, Krishan Gupta & Others",Seed Funding,1000000.0,8.4,2015,July
2652,2015-07-29,Zimmber,Hyperlocal Handyman Services,Other,Mumbai,"Idg Ventures India, Omidyar Network, Sherpalo Ventures,\\Xc2\\Xa0 Mohandas Pai",Private Equity,2000000.0,16.8,2015,July
2653,2015-07-29,trueHb,Medical Tech Instruments,Other,New Delhi,"Sachin And Binny Bansal, Malvinder And Shivinder Singh, Gurpreet Singh & Others",Seed Funding,2400000.0,20.16,2015,July
2654,2015-07-29,Zovi.com / Little App,Hyperlocal Deals Marketplace,Other,Bengaluru,"Paytm, Saif Partners,\\Xc2\\Xa0 Tiger Global Management & Others",Private Equity,50000000.0,420.0,2015,July
2655,2015-07-29,Swajal,Innovative Water Solutions,Other,Gurugram,Abhishek Gupta,Private Equity,1200000.0,10.08,2015,July
2656,2015-07-30,Pipa Bella,Online Jewelry Store,Other,Mumbai,Lionrock Capital,Private Equity,600000.0,5.04,2015,July
2657,2015-07-30,Pragmatix,Business intelligence & Analytics,Other,Mumbai,Sidbi Venture Capital Ltd,Private Equity,2400000.0,20.16,2015,July
2658,2015-07-30,Droom.in,Used Vehicle Marketplace,Other,New Delhi,"Lightbox Ventures, Beenos",Private Equity,16000000.0,134.4,2015,July
2659,2015-07-30,MadRat Games,Educational Board Games,Other,Bengaluru,"Kunal Bahl, Rohit Bansal",Seed Funding,168000.0,1.41,2015,July
2660,2015-07-30,Noodle Play,Chinese food delivery,Other,Mumbai,"Elliot Stechman, Gautam Sinha, Ambarish Ray",Seed Funding,168000.0,1.41,2015,July
2661,2015-07-30,Wassup,On-Demand Laundry & Dry cleaning App,Other,Chennai,B S Nagesh,Private Equity,0.0,0.0,2015,July
2662,2015-07-30,Cartisan,On-Demand Car services App,Other,Bengaluru,"Youwecan Ventures,\\Xc2\\Xa0 Aprameya Radhakrishna",Seed Funding,0.0,0.0,2015,July
2663,2015-07-31,LazyLad,Hyperlocal Grocery App,Other,Gurugram,"Jai Choi, Kiyohiro Sugashita, Hirokazu",Private Equity,500000.0,4.2,2015,July
2664,2015-07-31,TripFactory,Online Curated Holiday package bookings,Other,Bengaluru,Aarin Capital Partners,Private Equity,0.0,0.0,2015,July
2665,2015-07-31,Prothom,Hasbro Toy Manufacturer,Other,Pune,Oliphabs Capital,Private Equity,2000000.0,16.8,2015,July
2666,2015-07-31,Bona Vita,Travel Tech,Other,Gurugram,Makemytrip,Private Equity,5000000.0,42.0,2015,July
2667,2015-06-01,Vyomo,Beauty and Wellness Platform,Other,New Delhi,Aprameya Radhakrishna,Seed Funding,0.0,0.0,2015,June
2668,2015-06-01,Veeba Foods,Healthy Food Manufacturer,Other,New Delhi,"Dsg Consumer Partners, Saama Capital",Private Equity,6000000.0,50.4,2015,June
2669,2015-06-01,Truebil,Used Car Marketplace,Other,Mumbai,"Kae Capital, Anupam Mittal",Seed Funding,500000.0,4.2,2015,June
2670,2015-06-01,Meritnation,Online Learning Platform,Other,New Delhi,Info Edge,Private Equity,4000000.0,33.6,2015,June
2671,2015-06-01,Eattreatonline,Healthy Food Online Community,Other,New Delhi,Group Of 15 Angel Investors,Seed Funding,350000.0,2.94,2015,June
2672,2015-06-01,CredR,Used two-wheeler Marketplace,Other,Mumbai,Growthstory,Seed Funding,0.0,0.0,2015,June
2673,2015-06-01,Glamrs,Online Fashion Video Portal,Other,Mumbai,"Ventureworks India, Blume Ventures, Batlivala & Karani Securities, Nikunj Jhaveri",Private Equity,1000000.0,8.4,2015,June
2674,2015-06-01,Proviera,Probiotic Technology Products Manufacturer,Other,Chennai,Infuse Ventures,Private Equity,550000.0,4.62,2015,June
2675,2015-06-01,Arth DesignBuild,Architectural Design & Consulting,Other,Hyderabad,Srinivas Tirupati,Seed Funding,500000.0,4.2,2015,June
2676,2015-06-02,Saama,Big Data & Analytics Services,Other,Pune / US,Carrick Capital Partners,Private Equity,35000000.0,294.0,2015,June
2677,2015-06-02,AllIzHealth,Preventive Healthcare Services,Other,Pune,Mumbai Angels & Other Angel Investors,Seed Funding,350000.0,2.94,2015,June
2678,2015-06-02,Karma Healthcare,Tech-enabled Rural Healthcare Services,Other,Udaipur,Ennovent Impact Investment Holding,Private Equity,0.0,0.0,2015,June
2679,2015-06-03,Entropy Innovations,Engineering Innovations,Other,Mumbai,Mark Mobius & 9 Other Angel Investors,Seed Funding,0.0,0.0,2015,June
2680,2015-06-03,Propstack,Real Estate Intelligence Platform,Other,Mumbai,Dmg Information,Private Equity,3000000.0,25.2,2015,June
2681,2015-06-03,MyTaxiIndia,Online Car Rental Affiliates,Other,New Delhi,Green House Ventures,Seed Funding,100000.0,0.84,2015,June
2682,2015-06-03,Arkin Net,Data Center Software platform,Other,Pune / US,Nexus Venture Partners,Private Equity,15000000.0,126.0,2015,June
2683,2015-06-03,Little Black Book Delhi,Online City & Lifestyle Guide,Other,New Delhi,"Rajan Anandan, Niraj Singh, Sachin Bhatia, Singapore Angel Network & Aseem Vadehra",Seed Funding,150000.0,1.26,2015,June
2684,2015-06-03,MyPoolin,P2P Payments platform,Other,New Delhi,"Sharad Sharma, Rajan Anandan, Sunil Kalra, Amit Ranjan, Rohan Malhotra,\\Xc2\\Xa0 Arjun Malhotra, Gautam Gandhi",Seed Funding,0.0,0.0,2015,June
2685,2015-06-03,iCustomadeit,Bespoke Merchandize Marketplace,Other,Pune,"Virendra Shahney, Dr Paresh Doshi",Seed Funding,250000.0,2.1,2015,June
2686,2015-06-03,KAARYAH,Women Lifestyle Marketplace,Other,Gurugram,Rata Tata,Seed Funding,0.0,0.0,2015,June
2687,2015-06-04,Ecom Express,Logistics Solution Provider,Other,New Delhi,Warburg Pincus,Private Equity,137000000.0,1150.8,2015,June
2688,2015-06-04,Vidooly,Video Intelligence Platform,Other,Noida,Bessemer Venture Partners,Private Equity,1000000.0,8.4,2015,June
2689,2015-06-04,Zopper,Hyperlocal Shopping App,Other,Mumbai,"Tiger Global,\\Xc2\\Xa0 Nirvana Ventures Advisors",Private Equity,20000000.0,168.0,2015,June
2690,2015-06-04,Flipkart,eCommerce platform,Other,Bengaluru,Morgan Stanley,Private Equity,50000000.0,420.0,2015,June
2691,2015-06-05,kWatt Solutions,Renewable energy solutions,Other,Mumbai,Undisclosed,Seed Funding,500000.0,4.2,2015,June
2692,2015-06-05,Medwell Ventures,Healthcare\\nService provider,Other,Bengaluru,"Fidelity Growth Partners, Fidelity Biosciences",Private Equity,10000000.0,84.0,2015,June
2693,2015-06-05,Jugnoo,Auto Rickshaw Based Services,Other,Chandigarh,"Snow Leopard, Paytm",Private Equity,5000000.0,42.0,2015,June
2694,2015-06-08,PosterGully,Artist / Designer Marketplace,Other,New Delhi,"Natarajan Iyer,Rajesh Sawhney,\\Xc2\\Xa0 & Other Angel Investors.",Seed Funding,0.0,0.0,2015,June
2695,2015-06-08,Applied Solar Technologies,Off-grid Solar Power,Other,Mumbai,"Future Fund,Bessemer Venture, Capricorn Investment And Ifc",Private Equity,40000000.0,336.0,2015,June
2696,2015-06-09,Clovia,Private Label lingerie Ecommerce,Other,New Delhi,Ivycamp Ventures,Private Equity,5000000.0,42.0,2015,June
2697,2015-06-09,Swiggy,Online Food Ordering,Other,Bengaluru,"Norwest Venture Partners, Saif Partners, Accel Partners",Private Equity,16500000.0,138.6,2015,June
2698,2015-06-09,PayMango,Mobile Commerce Platform,Other,Gurugram,Group Of 15 Angel Investors,Seed Funding,234000.0,1.97,2015,June
2699,2015-06-09,Printland,Online Printing Services,Other,New Delhi,Sidbi Venture Capital Ltd,Private Equity,0.0,0.0,2015,June
2700,2015-06-09,Teritree,Digital Marketing Services,Other,Bengaluru,Kcl,Seed Funding,140000.0,1.18,2015,June
2701,2015-06-10,Guiddoo,Travel Guide Mobile App,Other,Mumbai,"Pawan Borle, Svp Fly Dubai & Others",Seed Funding,0.0,0.0,2015,June
2702,2015-06-10,Voonik,Fashion Ecommerce store,Other,Bengaluru,"Sequoia Capital, Seedfund",Private Equity,5000000.0,42.0,2015,June
2703,2015-06-11,AdStringO,Mobile Compression Software,Other,Mumbai,"Arihant Patni, Vishal Khare,\\Xc2\\Xa0 Viswanath Ramachandran",Seed Funding,350000.0,2.94,2015,June
2704,2015-06-11,Faircent.com,Peer to Peer Lending platform,Other,Gurugram,M&S Partners Pte. Ltd,Seed Funding,250000.0,2.1,2015,June
2705,2015-06-12,La Renon,Global Healthcare products,Other,Ahmedabad,Sequoia Capital,Private Equity,16000000.0,134.4,2015,June
2706,2015-06-15,Homelane,Home Furnishing Solutions,Other,Bengaluru,Sequoia Capital,Private Equity,50000000.0,420.0,2015,June
2707,2015-06-15,iSTAR,Skill Training & Placement Platform,Other,Bengaluru,Unitus Seed Fund,Private Equity,0.0,0.0,2015,June
2708,2015-06-15,Shippr,Intra-City Logistics service,Other,Bengaluru,I2India Pvt Ltd,Seed Funding,500000.0,4.2,2015,June
2709,2015-06-16,FoodAbhi,online tiffin service aggregator,Other,Mumbai,Group Of 15 Angel Investors,Seed Funding,0.0,0.0,2015,June
2710,2015-06-16,Karma Recycling,Electronic Goods recycling service,Other,New Delhi,"Infuse Ventures, Low Carbon Enterprise Fund",Private Equity,0.0,0.0,2015,June
2711,2015-06-16,CouponRaja,Online Coupon & comparison platform,Other,Mumbai,"Mahesh Pratapneni, Pallab Chatterjee & Others",Seed Funding,500000.0,4.2,2015,June
2712,2015-06-17,Babychakra,Parents & Kids Online platform,Other,Mumbai,"Mumbai Angels, Patni Family Office, Singapore Angel Network, Karan Maheshwari, Jatin Aneja, Kishor Ganji, Roopa Nath",Seed Funding,0.0,0.0,2015,June
2713,2015-06-17,Jiffstore,Online Grocery platform,Other,Bengaluru,"Unitus Seed Fund, Times Internet",Seed Funding,0.0,0.0,2015,June
2714,2015-06-17,MyDentist,Dental Clinic chain,Other,Mumbai,"Lgt Group, Asian Healthcare Fund, Seedfund",Private Equity,8200000.0,68.88,2015,June
2715,2015-06-18,Moovo,On-Demand Logistics Service,Other,New Delhi,Yourwecan Ventures,Seed Funding,0.0,0.0,2015,June
2716,2015-06-18,Fracktal Works,3D Printer Manufacturer,Other,Bengaluru,Neoteric Infomatique Limited,Private Equity,3000000.0,25.2,2015,June
2717,2015-06-18,Hansa Customer Equity,IT / Customer Engagement Consulting,Other,Mumbai,Ask Pravi,Private Equity,5000000.0,42.0,2015,June
2718,2015-06-18,HealthifyMe,Health & Fitness App,Other,Bengaluru,"Gopal Srinivasan, Sashi Reddy, Amit Gupta, Pallav Nadhani",Private Equity,0.0,0.0,2015,June
2719,2015-06-18,CAKART.in,Online Education Marketplace,Other,Bengaluru,Sunil Maheshwari & Group Of Investors,Seed Funding,0.0,0.0,2015,June
2720,2015-06-19,Housejoy,Home services marketplace,Other,Bengaluru,Matrix Partners,Private Equity,4000000.0,33.6,2015,June
2721,2015-06-19,FundsIndia.com,Financial Services Platform,Other,Chennai,"Faering Capital, Foundation Capital, Inventus Capital Partners",Private Equity,11000000.0,92.4,2015,June
2722,2015-06-20,Cupick,Social Network for Artists,Other,Bengaluru,Group Of Angel Investors From Us/India,Seed Funding,120000.0,1.01,2015,June
2723,2015-06-20,Tracxn,Startup funding platform,Other,Bengaluru,"Sachin Bansal, Bunny Bansal & Other Investors",Private Equity,10000000.0,84.0,2015,June
2724,2015-06-21,Holachef,Food Delivery Platform,Other,Mumbai,"Kalaari Capital, India Quotient",Private Equity,3100000.0,26.04,2015,June
2725,2015-06-22,elong,Data Driven recruitment recommendation,Other,Bengaluru,"Kunal Bahl, Rohit Bansal, Blume Ventures, Phanindra Sama, Raju Reddy",Private Equity,5000000.0,42.0,2015,June
2726,2015-06-22,Ixigo,Travel Search Engine,Other,Gurugram,Micromax Informatics,Private Equity,0.0,0.0,2015,June
2727,2015-06-22,SkillAngels,Brain Games Platform,Other,Chennai,Sprout Angels Llp,Seed Funding,0.0,0.0,2015,June
2728,2015-06-22,Vidgyor,Video Advertisement Platform,Other,Bengaluru,Angelprime,Seed Funding,500000.0,4.2,2015,June
2729,2015-06-22,Banihal,Algorithmic Match Making Platform,Other,New Delhi / California,Dr David Cheriton,Seed Funding,0.0,0.0,2015,June
2730,2015-06-23,Goodservice,Mobile Chat based concierge service,Other,New Delhi,Sequoia Capital,Private Equity,1600000.0,13.44,2015,June
2731,2015-06-23,Treebo,Online Budget Hotel Booking Service,Other,Bengaluru,"Matrix Partners India, Saif Partners",Private Equity,6000000.0,50.4,2015,June
2732,2015-06-23,EduKart,Online education marketplace,Other,New Delhi,"Holostik Group, Youwecan Ventures, 500 Startups, Vijay Shekhar Sharma, Manish Kheterpal, Amit Patni",Private Equity,1000000.0,8.4,2015,June
2733,2015-06-23,Healthians.com,Preventive healthcare services,Other,Hyderabad,Yourwecan Ventures,Seed Funding,0.0,0.0,2015,June
2734,2015-06-24,LabInApp,Science Learning App,Other,Bengaluru,Unitus Seed Fund,Seed Funding,0.0,0.0,2015,June
2735,2015-06-24,Syona Cosmetics,Beauty and Wellness platform,Other,Chennai,Chennai Angels,Seed Funding,0.0,0.0,2015,June
2736,2015-06-24,Sigrid Education,Online Education Platform,Other,Noida,Oliphabs Capital,Seed Funding,0.0,0.0,2015,June
2737,2015-06-24,Indix,SaaS product intelligence platform,Other,Unknown,"Nokia Growth Partners, Nexus Venture Partners, Avalon Ventures",Private Equity,15000000.0,126.0,2015,June
2738,2015-06-24,The Porter,Logistics Tech,Other,Mumbai,"Sequoia Capital, Kae Capital, Anupam Mittal, Sandeep Tandon",Private Equity,5500000.0,46.2,2015,June
2739,2015-06-24,Retention.ai,App Analytics platform,Other,Bengaluru,"Mercury Fund, Anshu Sharma, Pratyush Prasanna, Robert Winters & Others",Seed Funding,500000.0,4.2,2015,June
2740,2015-06-25,Fusion Microfinance,Micro Finance Platform,Other,New Delhi,"Development Finance Institution Belgian Investment Company, Oikocredit",Private Equity,8600000.0,72.24,2015,June
2741,2015-06-25,Zinka,Freight logistics platform,Other,Bengaluru,"Accel Partners, Flipkart",Private Equity,6000000.0,50.4,2015,June
2742,2015-06-26,CreditMantri,Credit Management Services,Other,Chennai,"Idg Ventures India, Elevar Equity, Accion Venture Lab",Private Equity,2500000.0,21.0,2015,June
2743,2015-06-26,GetMyPeon,Hyperlocal Handyman Services,Other,Mumbai,3 Undisclosed Investors,Seed Funding,250000.0,2.1,2015,June
2744,2015-06-29,UrbanClap,Hyperlocal services marketplace,Other,New Delhi,"Saif Partners,\\Xc2\\Xa0 Accel Partners",Private Equity,10000000.0,84.0,2015,June
2745,2015-06-29,StayGlad,Beauty services Mobile Marketplace,Other,Bengaluru,"Tracxn Labs, Sahil Barua",Seed Funding,0.0,0.0,2015,June
2746,2015-06-29,AdWyze,Marketing / Advertising Automation platform,Other,Bengaluru,Mape Advisory,Seed Funding,1000000.0,8.4,2015,June
2747,2015-06-29,Zimmber,Hyperlocal Handyman Services,Other,Mumbai,"Naveen Tiwari, Mohit Saxena, Amit Gupta, Piyush Shah, Manish Dugar",Seed Funding,400000.0,3.36,2015,June
2748,2015-06-30,Buttercups,Online Lingerie platform,Other,Bengaluru,"Kanwaljit Singh, Angie Mahtaney, Manoj Varghese",Seed Funding,0.0,0.0,2015,June
2749,2015-06-30,RailYatri,Railways Information Mobile app,Other,Bengaluru,"Helion Ventures, Omidiyar Network, Blume Ventures And Ujama",Private Equity,0.0,0.0,2015,June
2750,2015-06-30,aagaar.com,Hyperlocal grocery delivery,Other,Gurugram,Group Of Hni Investors,Seed Funding,0.0,0.0,2015,June
2751,2015-06-30,Flatchat,Flat rental Mobile App,Other,Bengaluru,Commonfloor,Private Equity,2500000.0,21.0,2015,June
2752,2015-06-30,MyCFO,Wealth Management Platform,Other,Mumbai,Sameer Koticha,Private Equity,1500000.0,12.6,2015,June
2753,2015-05-01,Foodpanda,Online Food Delivery,Other,Gurugram,"Goldman Sachs, Rocket Internet",Private Equity,100000000.0,840.0,2015,May
2754,2015-05-01,Termsheet,Fund Raising Platform,Other,Chennai,"Anand Vijay, Nipun Dureja, Satyajit Heeralal, Keith Rodricks, Gaurav Lochan, Azmul Haque, Nikhil Bagri",Seed Funding,100000.0,0.84,2015,May
2755,2015-05-04,Applicate,Workforce Management Software,Other,Bengaluru,"Rishi Vasudev, Amit Gupta, Rajiv Nayan",Seed Funding,550000.0,4.62,2015,May
2756,2015-05-04,World Art Community,Online Art Marketplace,Other,Gurugram,Viraj Tyagi & Others,Seed Funding,200000.0,1.68,2015,May
2757,2015-05-04,SpoonJoy,Online Food Delivery,Other,Bengaluru,Saif Partners,Seed Funding,1000000.0,8.4,2015,May
2758,2015-05-05,Seed Schools,Affordable Education,Other,Hyderabad,Acumen Fund,Seed Funding,650000.0,5.46,2015,May
2759,2015-05-05,Ignis Careers,Career Development,Other,Hyderabad,Acumen Fund,Seed Funding,250000.0,2.1,2015,May
2760,2015-05-05,Square Yards,Real Estate Advisory,Other,Gurugram,3 Undisclosed Investors,Private Equity,6000000.0,50.4,2015,May
2761,2015-05-05,Fintellix,Banking Analytics Platform,Other,Bengaluru,"Idg Ventures, Sequoia Capital",Private Equity,15000000.0,126.0,2015,May
2762,2015-05-05,Customer360,Customer Engagement Platform,Other,Mumbai,Vishwas Patel,Seed Funding,0.0,0.0,2015,May
2763,2015-05-06,Delhivery,Ecommerce Logistics,Other,Gurugram,"Tiger Global Management, Multiples Alternate Asset Management, Nexus Venture Partners, Times Internet",Private Equity,85000000.0,714.0,2015,May
2764,2015-05-06,Swiggy,Online Food Delivery,Other,Bengaluru,Norwest Venture Partners,Private Equity,15000000.0,126.0,2015,May
2765,2015-05-07,Uniphore,Speech Recognition Solutions,Other,Chennai,"Idg Ventures, Kris Gopalakrishnan",Private Equity,0.0,0.0,2015,May
2766,2015-05-07,Box8,Online Food Delivery,Other,Mumbai,Mayfield Ventures,Private Equity,3500000.0,29.4,2015,May
2767,2015-05-07,Toppr,Online Education Platform,Other,Mumbai,"Fidelity Growth Partners India, Saif Partners,\\Xc2\\Xa0 Helion Ventures",Private Equity,10000000.0,84.0,2015,May
2768,2015-05-07,Vedantu,Online Education Platform,Other,Bengaluru,"Accel Partners, Tiger Global Management",Private Equity,5000000.0,42.0,2015,May
2769,2015-05-08,BuyHatke,Online Product Comparison,Other,Bengaluru,"S.Gopalakrishnan, Beenos",Seed Funding,1000000.0,8.4,2015,May
2770,2015-05-08,KleverKid,Online Education Platform,Other,New Delhi,Aarin Capital Partners,Seed Funding,0.0,0.0,2015,May
2771,2015-05-08,Uniken,Online Security Platform,Other,Pune,Exfinity Ventures,Private Equity,2000000.0,16.8,2015,May
2772,2015-05-08,GrandOpinion,Online Medical Diagnostic,Other,New Delhi,Florida Based Angel Investor,Seed Funding,150000.0,1.26,2015,May
2773,2015-05-08,HealthifyMe,Health & Fitness App,Other,Bengaluru,Micromax Informatics,Private Equity,0.0,0.0,2015,May
2774,2015-05-12,ZapStitch,Cloud Data Integration Platform,Other,Bengaluru,"Helion Venture Partners, Orios Venture Partners",Private Equity,2000000.0,16.8,2015,May
2775,2015-05-12,Wassup,Mobile Laundry Cleaning Service,Other,Chennai,"Arun Chandra Mohan, Praveen Sinha",Private Equity,2000000.0,16.8,2015,May
2776,,Mobiefit,Mobile Fitness App,Other,Goa,Prototyze,Seed Funding,0.0,0.0,2016,Unknown
2777,,Plancess,Online Education Platform,Other,Mumbai,"Rajendra Gogri,\\Xc2\\Xa0 Chandrakant Gogri",Seed Funding,2000000.0,16.8,2016,Unknown
2778,2015-05-12,WorkHorse,Service-On-Demand Mobile App,Other,Mumbai,3 Undisclosed Investors,Seed Funding,0.0,0.0,2015,May
2779,2015-05-13,Innovaccer,Intelligent Data Analytics,Other,Noida,"Rajan Anandan, Teru Sato, Aneesh Reddy, Venkatesh Valluri",Seed Funding,0.0,0.0,2015,May
2780,2015-05-13,MyCuteOffice,Online Office Rental,Other,Mumbai,Lead Angels,Seed Funding,0.0,0.0,2015,May
2781,2015-05-14,IndianRoots.com,Lifestyle Ecommerce Portal,Other,Gurugram,Kjs Group,Private Equity,5000000.0,42.0,2015,May
2782,2015-05-14,RedPolka,Online Fashion Aggregator,Other,Mumbai,3 Undisclosed Investors,Seed Funding,250000.0,2.1,2015,May
2783,2015-05-15,Venturesity,Online Job skills Showcase,Other,Bengaluru,"Phanindra Sama, Jay Sethuram, Hemant Kanakia, Ravi Trivedi",Seed Funding,270000.0,2.27,2015,May
2784,2015-05-18,TheBetterIndia.com,Online News Media,Other,Bengaluru,Mohandas Pai,Seed Funding,0.0,0.0,2015,May
2785,2015-05-18,Awaaz De,Enterprise Communication Platform,Other,Ahmedabad,Samir Shah,Seed Funding,0.0,0.0,2015,May
2786,2015-05-19,Chaayos,Offline Tea Chain,Other,New Delhi,Tiger Global Management,Private Equity,1000000.0,8.4,2015,May
2787,2015-05-19,Akosha,Business Messaging App,Other,New Delhi,Sequoia Capital,Private Equity,16000000.0,134.4,2015,May
2788,2015-05-19,Cooey,Health Mobile App,Other,Bengaluru,Subhash Goyal,Seed Funding,470000.0,3.95,2015,May
2789,2015-05-19,MeetUniv,Online Ed-Tech Platform,Other,Noida,Peesh Venture Capital,Seed Funding,1000000.0,8.4,2015,May
2790,2015-05-19,Inspirock,Online Travel Planning,Other,Unknown,Makemytrip Innovation Fund,Private Equity,0.0,0.0,2015,May
2791,2015-05-19,Crown-it,Hyperlocal Mobile Marketplace,Other,Gurugram,"Accel Partners, Helion Venture Partners",Private Equity,5500000.0,46.2,2015,May
2792,2015-05-19,Trucksfirst,Trucking Logistic Operations,Other,Gurugram,Saif Partners,Private Equity,10000000.0,84.0,2015,May
2793,2015-05-20,Lookup,B2C Messaging App,Other,Bengaluru,Biz Stone,Private Equity,3000000.0,25.2,2015,May
2794,2015-05-21,SunTerrace,Rooftop Solar Plants,Other,New Delhi,Sunergy Investors,Private Equity,0.0,0.0,2015,May
2795,2015-05-22,\\xc2\\xa0Nudgespot,Customer Engagement Platform,Other,Bengaluru,"Kae Capital, Anoop Goyal, Mike Shah, Va Sastry",Seed Funding,625000.0,5.25,2015,May
2796,2015-05-22,CarDekho,Online Car Portal,Other,Jaipur,Hdfc Bank,Private Equity,0.0,0.0,2015,May
2797,2015-05-22,EveningFlavors,Online Table Reservation,Other,Bengaluru,Sandiep Shrivatsava,Seed Funding,500000.0,4.2,2015,May
2798,2015-05-25,Razorpay,Online Payment Gateway,Other,Bengaluru,Punit Soni,Seed Funding,0.0,0.0,2015,May
2799,2015-05-25,ZenParent,Parents focused Web Content,Other,Bengaluru,I2India Ventures,Seed Funding,500000.0,4.2,2015,May
2800,2015-05-25,Newgen Payments,Payments Solution Provider,Other,New Delhi,Jan Manten,Seed Funding,0.0,0.0,2015,May
2801,2015-05-26,UrbanPro,On-demand Service marketplace,Other,Bengaluru,Nirvana Venture Advisors,Private Equity,2000000.0,16.8,2015,May
2802,2015-05-26,Goodbox,On-Demand Business messaging,Other,Bengaluru,Manipal Group,Seed Funding,200000.0,1.68,2015,May
2803,2015-05-26,Renderlogy,Online Home D\\xc3\\xa9cor,Other,Hyderabad,Astarc Ventures,Private Equity,1000000.0,8.4,2015,May
2804,2015-05-27,Postman,API Workflow platform,Other,Bengaluru,Nexus Venture Partners,Seed Funding,1000000.0,8.4,2015,May
2805,2015-05-27,Casa2inns,Affordable Hotel Booking Online,Other,New Delhi,"Accel Partners, Kalaari Capital",Private Equity,5000000.0,42.0,2015,May
2806,2015-05-27,FleetRover,Logistics Intelligence,Other,Goa,"Tim Chen, Sanjay Venkat",Seed Funding,180000.0,1.51,2015,May
2807,2015-05-28,TheKarrier,Last Mile Logistics,Other,Bengaluru,"Sol Primero, Outbox Ventures, Nikunj Jain",Seed Funding,240000.0,2.02,2015,May
2808,2015-05-28,Zoomcar,Self-driven Car rental,Other,Bengaluru,Sequoia Capital,Private Equity,5000000.0,42.0,2015,May
2809,2015-05-28,Truweight,Weight Management Service,Other,Hyderabad,Kalaari Capital,Private Equity,0.0,0.0,2015,May
2810,2015-05-30,Ather Energy,Electric Scooter Manufacturer,Other,Bengaluru,Tiger Global,Private Equity,12000000.0,100.8,2015,May
2811,2015-04-03,Swiggy,Online Food Delivery,Other,Bengaluru,"Accel Partners, Saif Partners",Private Equity,2000000.0,16.8,2015,April
2812,2015-04-04,Bluegape,Web Content Publishing,Other,Gurugram,"Rudy Gopalakrishnan, Ah! Ventures",Seed Funding,200000.0,1.68,2015,April
2813,2015-04-04,KeepTrax,Location Based App,Other,Dallas / Hyderabad,Undisclosed,Seed Funding,1000000.0,8.4,2015,April
2814,2015-04-06,InstaLively,Video Streaming,Other,New Delhi,"Rajesh Sawheny , Rajan Anandan, Amit Ranjan, Niraj Singh, Aecal, Meraevents.",Seed Funding,120000.0,1.01,2015,April
2815,2015-04-07,Pricejugaad,Price Comparison,Other,Hyderabad,"Amit Tyagi, Sandeep Acharya & Others",Seed Funding,165000.0,1.39,2015,April
2816,2015-04-07,Quikr,Online Classifieds,Other,Mumbai,"Tiger Global, Investment Ab Kinnevik, Steadview Capital",Private Equity,150000000.0,1260.0,2015,April
2817,2015-04-07,PressPlay,Travel Entertainment,Other,New Delhi,"Sequoia Capital, Jason Hirschhorn, Jarett Posner, And Amit Bhatiani",Seed Funding,2200000.0,18.48,2015,April
2818,2015-04-07,LogiNext,Logistics Tech,Other,Mumbai,"Ajit Surana, Sanjay Mehta",Seed Funding,0.0,0.0,2015,April
2819,2015-04-08,FirstCry.com,eCommerce,Other,Pune,"Silicon Valley Ventures, Nea Ventures, Valiant Capital, Idg Ventures India,\\Xc2\\Xa0 Saif Partners, Vertex Ventures",Private Equity,10000000.0,84.0,2015,April
2820,2015-04-08,MobiKwik,Digital / Mobile Wallet,Other,Gurugram,"Tree Line Asia, Cisco Investments, American Express, Sequoia Capital",Private Equity,25000000.0,210.0,2015,April
2821,2015-04-08,Olacabs,Cab Aggregator,Other,Bengaluru,"Dst Global, Steadview Capital, Tiger Global, Accel Partners & Others",Private Equity,400000000.0,3360.0,2015,April
2822,2015-04-09,Gadgetwood,Device Repair Svcs,Other,New Delhi,"Ajai Chowdhry, Ashvin Chadha, Yogesh Bansal,\\Nnitin Singhal & Others",Seed Funding,200000.0,1.68,2015,April
2823,2015-04-09,Bonhomia,Premium Beverages,Other,New Delhi,"Kanwaljit Singh, Shripad Nadkarni, Sarvesh Shahra & Others",Seed Funding,2000000.0,16.8,2015,April
2824,2015-04-09,Changer Mints,Digital / Mobile Wallet,Other,Kolkata,Hyderabad Based Investor,Seed Funding,165000.0,1.39,2015,April
2825,2015-04-09,Urban Ladder,Online Furnishing\\neCommerce,Other,Bengaluru,"Sequoia Capital, Tr Capital, Steadview Capital, Saif Partners, Kalaari Capital",Private Equity,50000000.0,420.0,2015,April
2826,2015-04-09,Purple Squirrel,Ed-Tech,Other,Mumbai,"Matrix Partners India, India Quotient",Private Equity,0.0,0.0,2015,April
2827,2015-04-10,Whatfix,Interactive\\xc2\\xa0 How-To Guides,Other,Bengaluru,"Helion Venture Partner, Powerhouse Ventures, Gsf And Other Angel Investors",Seed Funding,900000.0,7.56,2015,April
2828,2015-04-10,iMMi Life,Mobile Health Tech,Other,Chennai,Unitus Seed Fund,Seed Funding,0.0,0.0,2015,April
2829,2015-04-11,Zomato,Restaurant Reviews,Other,Gurugram,Info Edge,Private Equity,25000000.0,210.0,2015,April
2830,2015-04-13,ZopNow,Online Grocer,Other,Bengaluru,"Dragoneer Investment, Accel Partners, Qualcomm Ventures, Times Internet",Private Equity,10000000.0,84.0,2015,April
2831,2015-04-13,Nayi Disha,Ed-Tech,Other,New Delhi,Ajay Relan,Seed Funding,300000.0,2.52,2015,April
2832,,The Porter,Logistics Tech,Other,Mumbai,Kae Capital,Seed Funding,500000.0,4.2,2016,Unknown
2833,2015-04-13,Commeasure,Online Hotel Booking,Other,Noida,Jungle Ventures,Seed Funding,1000000.0,8.4,2015,April
2834,2015-04-13,Capricoast,Online Kitchen Furniture,Other,Bengaluru,Accel Partners India,Seed Funding,1250000.0,10.5,2015,April
2835,2015-04-14,LocalOye,Hyper-local Online Services,Other,Mumbai,"Tiger Global Management, Lightspeed Venture Partners",Private Equity,5000000.0,42.0,2015,April
2836,2015-04-15,Grofers,Hyper-Local Online/Mobile Grocery,Other,Gurugram,"Tiger Global, Sequoia Capital",Private Equity,35000000.0,294.0,2015,April
2837,2015-04-15,PepperTap,Hyper-Local Online/Mobile Grocery,Other,Gurugram,"Accel Partners, Sequoia Capital",Private Equity,10000000.0,84.0,2015,April
2838,2015-04-15,PolicyBazaar,Online Policy Aggregator,Other,Gurugram,"Premjiinvest, Tiger Global, Ribbit Capital",Private Equity,40000000.0,336.0,2015,April
2839,2015-04-16,UrbanClap,Hyperlocal Mobile Services Marketplace,Other,New Delhi,"Saif Partners, Accel Partners, Kunal Bahl, Rohit Bansal",Seed Funding,1600000.0,13.44,2015,April
2840,2015-04-16,Taskbob,OnDemand\\nMobile Handyman Services,Other,Mumbai,"Orios Venture Partners, Mayfield India",Seed Funding,1200000.0,10.08,2015,April
2841,2015-04-17,Robosoft,Mobile App Development,Other,Udupi,"Ascent Capital, Kalaari Capital",Private Equity,12000000.0,100.8,2015,April
2842,2015-04-18,Doormint,On-Demand Handyman Services,Other,Mumbai,Powai Lake Ventures,Seed Funding,0.0,0.0,2015,April
2843,2015-04-20,Vyomo,Beauty & Wellness Mobile App,Other,Gurugram,Yourwecan Ventures,Seed Funding,0.0,0.0,2015,April
2844,2015-04-20,Pastiwala,Material Collection & Recycling,Other,Vadodara,Agnus Capital,Private Equity,4000000.0,33.6,2015,April
2845,2015-04-20,1mg (Healthkartplus),Online Pharmacy & Drug DB,Other,Gurugram,"Deep Kalra, Sequoia Capital, Omidyar Network, Intel Capital & Kae Capital",Private Equity,6000000.0,50.4,2015,April
2846,2015-04-20,Freshdesk,Online / Mobile Customer Support,Other,Chennai,"Tiger Global, Google Capital & Accel Partners",Private Equity,50000000.0,420.0,2015,April
2847,2015-04-20,Sulekha.com,Online Classifieds & Listings,Other,Chennai,Gic Ventures,Private Equity,28000000.0,235.2,2015,April
2848,2015-04-22,FindYahan,Hyperlocal services marketplace,Other,New Delhi,The Phoenix Fund,Private Equity,0.0,0.0,2015,April
2849,2015-04-22,Eat.Shop.Love,Fashion ECommerce,Other,Bengaluru,3 Undisclosed Investors,Private Equity,3500000.0,29.4,2015,April
2850,2015-04-22,Avanti Learning,Private Coaching Centers,Other,New Delhi,"Michael & Susan Dell Foundation, Pearson Learning Fund",Private Equity,1500000.0,12.6,2015,April
2851,2015-04-23,Simplilearn,Online Certification Courses,Other,Bengaluru,"Mayfield India, Kalaari Capital, Helion Ventures",Private Equity,15000000.0,126.0,2015,April
2852,2015-04-23,Craftstvilla,Ethnic Product eCommerce,Other,Mumbai,"Sequoia Capital, Nexus Venture Partners, Lightspeed Ventures, Gfc",Private Equity,18000000.0,151.2,2015,April
2853,2015-04-23,HeadOut,Last Minute Travel Deals mobile marketplace,Other,Bangalore / SFO,"Version One Ventures, 500 Startups, Nexus Venture Partners And Arena Ventures",Seed Funding,1800000.0,15.12,2015,April
2854,2015-04-23,happay,usiness expense management,Other,Bengaluru,Angelprime,Seed Funding,500000.0,4.2,2015,April
2855,2015-04-23,Jugnoo,Auto Rickshaw based Logistics,Other,Chandigarh,"Rakesh Mathur, Vikas Taneja & Others",Seed Funding,1000000.0,8.4,2015,April
2856,2015-04-23,EazyDiner,Restaurant reservation app,Other,New Delhi,"Deepak Shahdadpuri, Gulpreet Kohli",Seed Funding,0.0,0.0,2015,April
2857,2015-04-23,Phone Warrior,Spam Call block App,Other,New Delhi,Lightspeed Ventures,Seed Funding,0.0,0.0,2015,April
2858,2015-04-24,Coverfox,Online Insurance Aggregator,Other,Mumbai,"Accel Us, Accel India, Saif Partners.",Private Equity,12000000.0,100.8,2015,April
2859,2015-04-27,Torqus,Restaurant Management Platform,Other,Pune,S S Mukherji & Others,Seed Funding,350000.0,2.94,2015,April
2860,2015-04-27,Grab,Food Logistics & Delivery,Other,Mumbai,"Oliphans Capital, Haresh Chawla",Seed Funding,1000000.0,8.4,2015,April
2861,2015-04-27,LogicRoots,Interactive Educational Games,Other,Jaipur,"Ah! Ventures, Calcutta Angels,\\Xc2\\Xa0 91Springboard",Seed Funding,400000.0,3.36,2015,April
2862,2015-04-27,GIBBS,Clean Tech,Other,New Delhi,Infuse Ventures Fund,Private Equity,0.0,0.0,2015,April
2863,2015-04-28,Babajobs,Grey collar Job Board,Other,Bengaluru,Seek Ltd & Affiliates,Private Equity,10000000.0,84.0,2015,April
2864,2015-04-28,Urban Ladder,Online Furniture ecommerce,Other,Bengaluru,"Anand Rajaraman, Venky Harinarayan",Private Equity,0.0,0.0,2015,April
2865,2015-04-28,Jay Robotix,Robotic Program learning,Other,Hyderabad,Cross Border Angels & Others,Seed Funding,250000.0,2.1,2015,April
2866,2015-04-28,Naaptol.com,Tele-Shopping / eCommerce,Other,Mumbai,Mitsui & Co & Existing Investors,Private Equity,21500000.0,180.6,2015,April
2867,2015-04-29,ReGlobe,Used Gadgets Buy / Refurbishing,Other,Gurugram,"Bessemer Ventures, Blume Ventures",Seed Funding,1000000.0,8.4,2015,April
2868,2015-04-29,Icertis,Cloud Enterprise Software,Other,Pune / US,"Greycroft Partners, Fidelity Growth Partners",Private Equity,6000000.0,50.4,2015,April
2869,2015-04-29,Tracxn,Startup Analytics platform,Other,Bengaluru,Saif Partners,Private Equity,3500000.0,29.4,2015,April
2870,2015-04-29,Dazo,Mobile Food Ordering app,Other,Bengaluru,"Sumit Jain, Aprameya Radhakrishna, Alok Goel, Rajan Anandan, Amit Agrawal, Vinay Goel, Gaurav Munjal, Ashish Dev Kapur",Seed Funding,0.0,0.0,2015,April
2871,2015-04-29,Tradelab,Financial Markets Software,Other,Bengaluru,Rainmatter,Seed Funding,400000.0,3.36,2015,April
2872,2015-04-29,PiQube,Hiring Analytics platform,Other,Chennai,The Hr Fund,Seed Funding,500000.0,4.2,2015,April
2873,2015-04-29,Travel Triangle,Online Travel Marketplace,Other,Noida,"Bessemer Venture Partner, Accel, Saif Partners",Private Equity,8000000.0,67.2,2015,April
2874,2015-03-02,TrulyMadly.com,Other,Other,Unknown,"Helion Venture Partners, Kae Capital",Private Equity,5500000.0,46.2,2015,March
2875,2015-03-02,InstaLively,Other,Other,Unknown,Group Of 15 Angel Investors,Seed Funding,120000.0,1.01,2015,March
2876,2015-03-03,Vserv,Other,Other,Unknown,"Maverick Capital, Idg Ventures India",Private Equity,15000000.0,126.0,2015,March
2877,2015-03-03,Intruo.com,Other,Other,Unknown,"Ashutosh Lawania, Alok Goel & Others",Seed Funding,0.0,0.0,2015,March
2878,2015-03-05,Niffler,Other,Other,Unknown,Saif Partners,Seed Funding,1000000.0,8.4,2015,March
2879,2015-03-05,CustomFurnish.com,Other,Other,Unknown,"Madhukar Gangadi, Satish Reddy, Srini Raju, Srini Koppolu & Sidbi",Private Equity,2500000.0,21.0,2015,March
2880,2015-03-06,MapMyGenome,Other,Other,Unknown,Rajan Anandan & Other Angel Investors,Private Equity,1200000.0,10.08,2015,March
2881,2015-03-09,Crowdfire (formerly Justunfollow),Other,Other,Unknown,Kalaari Capital,Private Equity,2500000.0,21.0,2015,March
2882,2015-03-09,Bite Club,Other,Other,Unknown,"Powai Lake Ventures, Aneesh Reddy, Ashish Kashyap, Alok Mittal",Seed Funding,500000.0,4.2,2015,March
2883,2015-03-10,Localbanya,Other,Other,Unknown,Shrem Strategies,Private Equity,0.0,0.0,2015,March
2884,2015-03-11,Appedo,Other,Other,Unknown,3 Undisclosed Investors,Seed Funding,1000000.0,8.4,2015,March
2885,2015-03-11,Fitraq.com,Other,Other,Unknown,Tarun Arora,Seed Funding,150000.0,1.26,2015,March
2886,2015-03-11,ChargeBee,Other,Other,Unknown,"Tiger Global, Accel Partners",Private Equity,5000000.0,42.0,2015,March
2887,2015-03-11,Groupon India,Other,Other,Unknown,Sequoia Capital,Private Equity,20000000.0,168.0,2015,March
2888,2015-03-12,Process 9,Other,Other,Unknown,"Ian Ventures, Alok Sharma, Kris Gopalakrishnan, Saurabh Srivastava, Ajai Chowdhry",Seed Funding,0.0,0.0,2015,March
2889,2015-03-12,MoonFrog Labs,Other,Other,Unknown,"Tiger Global, Sequoia Capital",Private Equity,15000000.0,126.0,2015,March
2890,2015-03-13,Foodpanda,Other,Other,Unknown,Rocket Internet Ag & Others,Private Equity,110000000.0,924.0,2015,March
2891,2015-03-13,Paytm,Other,Other,Unknown,Rata Tata,Private Equity,0.0,0.0,2015,March
2892,2015-03-13,DiabetOmics,Other,Other,Unknown,"Ventureeast,\\Xc2\\Xa0 Varaprasad Reddy",Private Equity,5000000.0,42.0,2015,March
2893,2015-03-13,Qyk,Other,Other,Unknown,"Powai Lake Ventures, Zishan Hayath, Abhishek Goyal, Sahil Barua",Seed Funding,0.0,0.0,2015,March
2894,2015-03-14,Daily Rounds,Other,Other,Unknown,"Kae Capital, Gsf, Teruhide Sato",Seed Funding,500000.0,4.2,2015,March
2895,2015-03-14,Orobind,Other,Other,Unknown,"Zishaan Hayath, Lalit Mangal, Harpreet Singh Grover",Seed Funding,200000.0,1.68,2015,March
2896,2015-03-14,Routofy,Other,Other,Unknown,"Kunal Bahl, Rohit Bansal",Seed Funding,0.0,0.0,2015,March
2897,2015-03-16,Digital Gorkha,Other,Other,Unknown,Ramesh Kavediya,Seed Funding,166000.0,1.39,2015,March
2898,2015-03-16,NestAway,Other,Other,Unknown,"Idg Ventures, Naveen Tewari",Seed Funding,1300000.0,10.92,2015,March
2899,2015-03-16,The Better India,Other,Other,Unknown,I-Cube-N,Seed Funding,166000.0,1.39,2015,March
2900,2015-03-16,Meru Cabs,Other,Other,Unknown,Value Fund Advisors,Private Equity,50000000.0,420.0,2015,March
2901,2015-03-17,GolfLAN,Other,Other,Unknown,Yournest Angel Fund,Seed Funding,0.0,0.0,2015,March
2902,2015-03-18,Drivestream,Other,Other,Unknown,Wipro,Private Equity,5000000.0,42.0,2015,March
2903,2015-03-18,wWhere,Other,Other,Unknown,Group Of 15 Angel Investors,Seed Funding,200000.0,1.68,2015,March
2904,2015-03-18,GoJavas,Other,Other,Unknown,Snapdeal,Private Equity,0.0,0.0,2015,March
2905,2015-03-19,Tripoto,Other,Other,Unknown,"Idg Ventures, Outbox Ventures",Private Equity,2000000.0,16.8,2015,March
2906,2015-03-19,Graphic India,Other,Other,Unknown,"Ca Media Lp,\\Xc2\\Xa0 Start Media.",Seed Funding,2800000.0,23.52,2015,March
2907,2015-03-20,Harness Handitouch,Other,Other,Unknown,Armat Group,Private Equity,0.0,0.0,2015,March
2908,2015-03-20,Lets Corp,Other,Other,Unknown,Wu Chay Chin,Seed Funding,3000000.0,25.2,2015,March
2909,2015-03-20,CollateBox,Other,Other,Unknown,Letsventure,Seed Funding,180000.0,1.51,2015,March
2910,2015-03-20,Mahindra First Choice,Other,Other,Unknown,Valiant Capital,Private Equity,15000000.0,126.0,2015,March
2911,2015-03-21,Round One,Other,Other,Unknown,"Ht Media, Arun Duggal",Seed Funding,0.0,0.0,2015,March
2912,2015-03-23,RazorPay,Other,Other,Unknown,Y Combinator,Seed Funding,120000.0,1.01,2015,March
2913,2015-03-23,Mosambee,Other,Other,Unknown,Rvcf And Sidbi,Private Equity,0.0,0.0,2015,March
2914,2015-03-24,Furlenco,Other,Other,Unknown,Lightbox Ventures,Private Equity,6000000.0,50.4,2015,March
2915,2015-03-24,Cubito,Other,Other,Unknown,Sol Primero,Seed Funding,160000.0,1.34,2015,March
2916,2015-03-25,Teabox,Other,Other,Unknown,"Jafco Asia, Keystone Group, Dragoneer Investment, Accel Partners",Private Equity,6000000.0,50.4,2015,March
2917,2015-03-25,Artoo,Other,Other,Unknown,"Accion Venture Labs, Rianta Capital",Private Equity,500000.0,4.2,2015,March
2918,2015-03-25,Fxkart.com,Other,Other,Unknown,"Dr Mushtaq Shah, Dr Faraz Naqvi",Seed Funding,2000000.0,16.8,2015,March
2919,2015-03-25,Rozgar Mela,Other,Other,Unknown,"Impact Investment Holding, Upaya Social Ventures",Seed Funding,0.0,0.0,2015,March
2920,2015-03-25,OYO Rooms,Other,Other,Unknown,"Greenoaks Capital, Sequoia Capital, Lightspeed Ventures",Private Equity,25000000.0,210.0,2015,March
2921,2015-03-26,Roposo.com,Other,Other,Unknown,"Tiger Global Management, Indian Quotient, Binny Bansal",Private Equity,5000000.0,42.0,2015,March
2922,2015-03-26,Teewe,Other,Other,Unknown,"Sequoia Capital, India Quotient",Seed Funding,1750000.0,14.7,2015,March
2923,2015-03-26,ePoise,Other,Other,Unknown,Undisclosed,Seed Funding,0.0,0.0,2015,March
2924,2015-03-27,Urjas,Other,Other,Unknown,Solidarity Venture Capital & Others,Seed Funding,100000.0,0.84,2015,March
2925,2015-03-27,Chargein,Other,Other,Unknown,Pittie Group,Seed Funding,100000.0,0.84,2015,March
2926,2015-03-28,Yogurt Labs,Other,Other,Unknown,"Nick Adams, Kiran Bhat, Family Pot Investments Llp",Seed Funding,115000.0,0.97,2015,March
2927,2015-03-28,LimeRoad.com,Other,Other,Unknown,"Tiger Global, Matrix Partners, Lightspeed Venture Partners",Private Equity,30000000.0,252.0,2015,March
2928,2015-03-28,Team Indus,Other,Other,Unknown,"Nandan Nilekani, Rajiv Mody, Ajai Chowdhary",Private Equity,1500000.0,12.6,2015,March
2929,2015-03-30,Arohan Financial Services,Other,Other,Unknown,Tano Capital,Private Equity,10000000.0,84.0,2015,March
2930,2015-03-30,BillDesk,Other,Other,Unknown,Ta Associates,Private Equity,75000000.0,630.0,2015,March
2931,2015-03-31,Triphobo,Other,Other,Unknown,"Mayfield Ventures, Kalaari Capital",Private Equity,3000000.0,25.2,2015,March
2932,2015-03-31,Aryaka,Other,Other,Unknown,"Trinity Ventures, Interwest Partners, Mohr Davidow Ventures, Presidio Ventures",Private Equity,16000000.0,134.4,2015,March
2933,2015-03-31,Appsdaily,Other,Other,Unknown,"Zodius Capital, Ru-Net, Kalaari Capital,\\Xc2\\Xa0 Qualcomm Ventures",Private Equity,16000000.0,134.4,2015,March
2934,2015-02-02,Faaya,Other,Other,Unknown,Group Of 15 Angel Investors,Seed\\nFunding,16600.0,0.14,2015,February
2935,2015-02-02,InstaBounce,Other,Other,Unknown,Group Of 15 Angel Investors,Seed\\nFunding,16600.0,0.14,2015,February
2936,2015-02-02,Chloroplast Foods,Other,Other,Unknown,Group Of 15 Angel Investors,Seed\\nFunding,16600.0,0.14,2015,February
2937,2015-02-02,Dealwithus,Other,Other,Unknown,Group Of 15 Angel Investors,Seed\\nFunding,16600.0,0.14,2015,February
2938,2015-02-02,CleverSharks,Other,Other,Unknown,Group Of 15 Angel Investors,Seed\\nFunding,16600.0,0.14,2015,February
2939,2015-02-02,Leaf,Other,Other,Unknown,Group Of 15 Angel Investors,Seed\\nFunding,16600.0,0.14,2015,February
2940,2015-02-02,SmartPocket,Other,Other,Unknown,"Sol Primero, Rajiv Mehta",Seed\\nFunding,250000.0,2.1,2015,February
2941,2015-02-02,Yumist,Other,Other,Unknown,Orios Venture Partner,Private Equity,1000000.0,8.4,2015,February
2942,2015-02-02,NowFloats,Other,Other,Unknown,Omidyar Network,Private Equity,0.0,0.0,2015,February
2943,2015-02-02,FirstCry,Other,Other,Unknown,Valiant Capital Partners,Private Equity,26000000.0,218.4,2015,February
2944,2015-02-02,HolaChef,Other,Other,Unknown,India Quotient,Seed\\nFunding,325000.0,2.73,2015,February
2945,2015-02-03,Frsh.co.in,Other,Other,Unknown,"India Quotient, Kae Capital",Seed\\nFunding,518000.0,4.35,2015,February
2946,2015-02-03,Manthan,Other,Other,Unknown,"Temasek, Norwest Venture Partners",Private Equity,60000000.0,504.0,2015,February
2947,2015-02-05,Kobster.com,Other,Other,Unknown,Splice Advisors,Seed\\nFunding,0.0,0.0,2015,February
2948,2015-02-05,Culture Machine,Other,Other,Unknown,"Tiger Global, Times Internet, Zodius Capital",Private Equity,18000000.0,151.2,2015,February
2949,2015-02-05,Paytm,Other,Other,Unknown,Ant Financial Services,Private Equity,0.0,0.0,2015,February
2950,2015-02-05,Aisle.co,Other,Other,Unknown,"Anand Vijay, Shashank Mehrotra & Others",Seed\\nFunding,100000.0,0.84,2015,February
2951,2015-02-06,FreeCharge,Other,Other,Unknown,"Valiant Capital, Tybourne Capital, Sequoia Capital, Runet And Sofina",Private Equity,80000000.0,672.0,2015,February
2952,2015-02-06,NewsHunt,Other,Other,Unknown,"Falcon Edge Capital, Matrix Partners India, Sequoia Capital India And Omidyar Network",Private Equity,40000000.0,336.0,2015,February
2953,2015-02-09,MyNoticePeriod,Other,Other,Unknown,Idg Ventures,Private Equity,3000000.0,25.2,2015,February
2954,2015-02-09,CarDekho.com,Other,Other,Unknown,Rata Tata,Private Equity,0.0,0.0,2015,February
2955,2015-02-09,Faaso\\xe2\\x80\\x99s,Other,Other,Unknown,Lightbox Ventures,Private Equity,20000000.0,168.0,2015,February
2956,2015-02-10,CarTrade.com,Other,Other,Unknown,Chip Perry,Private Equity,0.0,0.0,2015,February
2957,2015-02-10,StoreKing,Other,Other,Unknown,Mangrove Capital Partners,Private Equity,0.0,0.0,2015,February
2958,2015-02-11,Capital Float,Other,Other,Unknown,"Saif Partners, Sequoia Capital, Aspada",Private Equity,13000000.0,109.2,2015,February
2959,2015-02-11,Nimble Wireless,Other,Other,Unknown,Angelprime,Seed\\nFunding,3000000.0,25.2,2015,February
2960,2015-02-11,Townscript,Other,Other,Unknown,Group Of 15 Angel Investors,Seed\\nFunding,0.0,0.0,2015,February
2961,2015-02-11,FindYahan,Other,Other,Unknown,"Karan Bajwa, Parvesh Bareja , Sunjay Kapur, Amanpreet Bajaj",Seed\\nFunding,0.0,0.0,2015,February
2962,2015-02-12,Stayzilla,Other,Other,Unknown,"Nexus Venture Partners, Matrix Partners",Private Equity,20000000.0,168.0,2015,February
2963,2015-02-12,Practo,Other,Other,Unknown,"Sequoia Capital, Matrix Partners",Private Equity,30000000.0,252.0,2015,February
2964,2015-02-13,CimplyFive,Other,Other,Unknown,"Suresh Senapaty, Tv Mohandas Pai",Seed\\nFunding,0.0,0.0,2015,February
2965,2015-02-13,20Dresses,Other,Other,Unknown,"Srinivas Aluri, Srinivas Modukury, Bs Nagesh",Seed\\nFunding,1000000.0,8.4,2015,February
2966,2015-02-13,Itzcash,Other,Other,Unknown,Ashok Goel,Private Equity,16500000.0,138.6,2015,February
2967,2015-02-16,NewsInShorts,Other,Other,Unknown,"Tiger Global, Rebright Partners, Sachin And Binny Bansal",Private Equity,4150000.0,34.86,2015,February
2968,2015-02-16,iTraveller.com,Other,Other,Unknown,Ah! Ventures,Private Equity,1000000.0,8.4,2015,February
2969,2015-02-17,NextGen,Other,Other,Unknown,Mumbai Angels & Group Of Other Investors,Seed\\nFunding,0.0,0.0,2015,February
2970,2015-02-18,Wooplr.com,Other,Other,Unknown,Epsilon Venture Partners,Private Equity,5000000.0,42.0,2015,February
2971,2015-05-19,Springleap,Other,Other,Unknown,Cross Border Angels,Seed\\nFunding,800000.0,6.72,2015,May
2972,2015-02-20,Klip.in,Other,Other,Unknown,"Calcutta Angels, Venture Nursery Angels Mumbai Angels",Seed\\nFunding,500000.0,4.2,2015,February
2973,2015-02-20,Renderlogy,Other,Other,Unknown,Brick Eagle,Private Equity,1600000.0,13.44,2015,February
2974,2015-02-21,Appbase,Other,Other,Unknown,"Da-Iict, Techstars, Carnegie Mellon University, Startup Brasil Program",Seed\\nFunding,290000.0,2.44,2015,February
2975,2015-02-23,HomeLane,Other,Other,Unknown,"Sequoia Capital, Ranjan Pai, Mohandas Pai & Others",Private Equity,4500000.0,37.8,2015,February
2976,2015-02-23,Trip38,Other,Other,Unknown,"Interglobe Technology Quotient, Lantern Capital",Private Equity,1000000.0,8.4,2015,February
2977,2015-02-23,Smartairtrip.com,Other,Other,Unknown,Undisclosed,Private Equity,10000000.0,84.0,2015,February
2978,2015-02-23,NoBroker,Other,Other,Unknown,"Saif Partners, Fulcrum Ventures",Private Equity,3000000.0,25.2,2015,February
2979,2015-02-24,Caravan Craft Retail,Other,Other,Unknown,"Unitus Seed Fund\\Nnarayan Ramachandran, Bijou Kurien",Seed\\nFunding,500000.0,4.2,2015,February
2980,2015-02-25,SquadRun,Other,Other,Unknown,"Amit Ranjan, Deepinder Goyal, Zishaan Hayath, Powai Lake Ventures",Seed\\nFunding,0.0,0.0,2015,February
2981,2015-02-25,Clonect Solutions,Other,Other,Unknown,"V Balakrishnan, T V Mohandas Pai, Bc Prabhakar",Seed\\nFunding,250000.0,2.1,2015,February
2982,2015-02-25,TaxSutra,Other,Other,Unknown,"V Balakrishnan, T V Mohandas Pai",Seed\\nFunding,160000.0,1.34,2015,February
2983,2015-02-25,PepperTap,Other,Other,Unknown,Sequoia Capital,Seed\\nFunding,0.0,0.0,2015,February
2984,2015-02-25,Sattviko,Other,Other,Unknown,"Sumit Jain, Rajat Jain, Sanjay Bhasin",Seed\\nFunding,320000.0,2.69,2015,February
2985,2015-02-25,IndustryBuying,Other,Other,Unknown,Saif Partners,Private Equity,2000000.0,16.8,2015,February
2986,2015-02-26,FreshWorld,Other,Other,Unknown,"Kris Gopalakrishnan, Nagaraja Prakasam",Seed\\nFunding,0.0,0.0,2015,February
2987,2015-02-26,TinyOwl,Other,Other,Unknown,"Matrix Partners, Sequoia Capital, Nexus Venture Partners",Private Equity,16000000.0,134.4,2015,February
2988,2015-02-27,Momoe,Other,Other,Unknown,"Idg Ventures India, Jungle Ventures, India Quotient.",Seed\\nFunding,1200000.0,10.08,2015,February
2989,2015-02-27,Grofers,Other,Other,Unknown,"Tiger Global Management, Sequoia Capital India",Private Equity,10000000.0,84.0,2015,February
2990,2015-01-02,LensKart,Other,Other,Unknown,"Tpg Growth, Tr Capital, Idg Ventures",Private Equity,2150000.0,18.06,2015,January
2991,2015-01-02,VioletStreet,Other,Other,Unknown,"Venkat Vallabhneni, Sudhakar Reddy, Srinivasa Rao Paturi",Seed\\nFunding,315000.0,2.65,2015,January
2992,2015-01-05,Lookup,Other,Other,Unknown,"Dena Co., Japan & Teruhide Sato",Seed\\nFunding,380000.0,3.19,2015,January
2993,2015-01-05,#Fame,Other,Other,Unknown,To The New Ventures,Private Equity,10000000.0,84.0,2015,January
2994,2015-01-05,Gympik,Other,Other,Unknown,"Tom Clausen, Rohan Ajila, Haldyn Glass",Seed Funding,135000.0,1.13,2015,January
2995,2015-01-06,Near.in,Other,Other,Unknown,"Anupam Mittal, Manish Vij, Prashant Tandon, Gaurav Agarwal, Akash Agarwal, Himanshu Aggarwal, Kevin Parikh",Seed Funding,285000.0,2.39,2015,January
2996,2015-01-06,Purplle.com,Other,Other,Unknown,Ivycamp Ventures,Private Equity,0.0,0.0,2015,January
2997,2015-01-06,NumberMall,Other,Other,Unknown,Sri Capital,Private Equity,10000000.0,84.0,2015,January
2998,2015-01-06,Tookitaki,Other,Other,Unknown,"Jungle Ventures, Redbright Partners, Blume Ventures",Private\\nEquity,1000000.0,8.4,2015,January
2999,2015-01-06,Frankly,Other,Other,Unknown,Matrix Partners,Seed Funding,600000.0,5.04,2015,January
3000,2015-01-07,Faircent,Other,Other,Unknown,"Devesh Sachdev, Ashish Tiwari",Seed Funding,0.0,0.0,2015,January
3001,2015-01-07,Nurturey,Other,Other,Unknown,Seedrs Crowd Funding Platform,Crowd funding,125000.0,1.05,2015,January
3002,2015-01-07,Bewakoof,Other,Other,Unknown,"Rohit Bansal, Kunal Bahl, Nikhil Vora",Seed Funding,0.0,0.0,2015,January
3003,2015-01-07,Stridalyzer,Other,Other,Unknown,Kickstarter,Crowd Funding,30768.0,0.26,2015,January
3004,2015-01-07,Commonfloor,Other,Other,Unknown,Google Capital,Private Equity,5000000.0,42.0,2015,January
3005,2015-01-09,Sokrati,Other,Other,Unknown,"Ivycap Ventures, Inventus Capital",Private Equity,0.0,0.0,2015,January
3006,2015-01-09,YepMe,Other,Other,Unknown,"Js Capital, Helion Venture Partners, Capricorn Investment Group",Private Equity,13000000.0,109.2,2015,January
3007,2015-01-09,TapCibo,Other,Other,Unknown,Alok Goel,Seed Funding,0.0,0.0,2015,January
3008,2015-01-12,Verayu,Other,Other,Unknown,"Gwb Group, Blume Ventures",Private Equity,0.0,0.0,2015,January
3009,2015-01-12,MyDreamStore,Other,Other,Unknown,3 Undisclosed Investors,Seed Funding,290000.0,2.44,2015,January
3010,2015-01-13,AppVirality,Other,Other,Unknown,"Rajan Anandan, Mike Galgon, Ashim Mehra, Mohit Saxena, Ravi Gururaj, Tnn Capital & Iig",Seed Funding,0.0,0.0,2015,January
3011,2015-01-14,RateGain,Other,Other,Unknown,Ta Associates,Private Equity,50000000.0,420.0,2015,January
3012,,Wishberry,Other,Other,Unknown,"Rajan Anandan, Shankar Mahadevan, Deep Kalra & Others",Seed Funding,650000.0,5.46,2016,Unknown
3013,2015-01-16,eKincare,Other,Other,Unknown,Adroitent Pvt. Ltd.,Seed Funding,161000.0,1.35,2015,January
3014,2015-01-18,ShopClues,Other,Other,Unknown,Tiger Global & Other Investors,Private Equity,100000000.0,840.0,2015,January
3015,2015-01-19,Refiral,Other,Other,Unknown,Cogent E Services,Seed Funding,330000.0,2.77,2015,January
3016,2015-01-19,Ping Digital,Other,Other,Unknown,Consortium Of Angel Investors,Seed Funding,0.0,0.0,2015,January
3017,2015-01-19,HealthyWorld.in,Other,Other,Unknown,Group Of 15 Angel Investors,Seed Funding,200000.0,1.68,2015,January
3018,2015-01-19,Hostel Dunia,Other,Other,Unknown,Hyderabad Angels,Seed Funding,16000.0,0.13,2015,January
3019,2015-01-19,Play your sport,Other,Other,Unknown,Hyderabad Angels,Seed Funding,16000.0,0.13,2015,January
3020,2015-01-19,Yo Grad,Other,Other,Unknown,Hyderabad Angels,Seed Funding,16000.0,0.13,2015,January
3021,2015-01-19,Enabli,Other,Other,Unknown,Hyderabad Angels,Seed Funding,16000.0,0.13,2015,January
3022,2015-01-19,CBS,Other,Other,Unknown,Hyderabad Angels,Seed Funding,16000.0,0.13,2015,January
3023,2015-01-20,Hopscotch,Other,Other,Unknown,Eduardo Saverin & Velos Capital,Private Equity,11000000.0,92.4,2015,January
3024,2015-01-20,Amagi Media Labs,Other,Other,Unknown,Premji Invest & Mayfield Fund,Private Equity,0.0,0.0,2015,January
3025,2015-01-20,HealthyWorld.in,Other,Other,Unknown,Group Of 15 Angel Investors,Seed Funding,200000.0,1.68,2015,January
3026,2015-01-21,Simplilearn,Other,Other,Unknown,"Mayfield India, Kalaari Capital, Helion Ventures",Private Equity,14750000.0,123.9,2015,January
3027,2015-01-21,MyDreamStore,Other,Other,Unknown,3 Undisclosed Investors,Seed Funding,325000.0,2.73,2015,January
3028,2015-05-21,Knit,Other,Other,Unknown,"Rohit Jain, Amit Rambhia & Others",Seed Funding,0.0,0.0,2015,May
3029,2015-05-21,Villgro,Other,Other,Unknown,Michael & Susan Dell Foundation,Seed Funding,3250000.0,27.3,2015,May
3030,,Corporate360,Other,Other,Unknown,Group Of 15 Angel Investors,Seed Funding,200000.0,1.68,2016,Unknown
3031,2015-01-22,Freshmonk,Other,Other,Unknown,"August Capital Partners, Michael Blakey",Seed Funding,0.0,0.0,2015,January
3032,2015-01-22,Englishleap.com,Other,Other,Unknown,Analec,Private Equity,0.0,0.0,2015,January
3033,2015-01-22,Antuit,Other,Other,Unknown,"Goldman Sachs, Zodius Capital",Private Equity,56000000.0,470.4,2015,January
3034,2015-01-22,Caratlane.com,Other,Other,Unknown,Tiger Global,Private Equity,31000000.0,260.4,2015,January
3035,2015-01-24,Aasaanjobs,Other,Other,Unknown,"Inventus Capital Partners, Idg Ventures",Seed Funding,1500000.0,12.6,2015,January
3036,2015-01-24,Impartus,Other,Other,Unknown,Kaizen Private Equity,Private Equity,0.0,0.0,2015,January
3037,2015-01-25,Thrill App,Other,Other,Unknown,People Group,Private Equity,1000000.0,8.4,2015,January
3038,2015-01-27,CarDekho.com,Other,Other,Unknown,"Hillhouse Capital, Tybourne Capital",Private Equity,50000000.0,420.0,2015,January
3039,2015-01-28,Grabhouse.com,Other,Other,Unknown,"Kalaari Capital, Sequoia Capital",Private Equity,2500000.0,21.0,2015,January
3040,2015-01-29,Printvenue,Other,Other,Unknown,Asia Pacific Internet Group,Private Equity,4500000.0,37.8,2015,January
3041,2015-01-29,Graphene,Other,Other,Unknown,Karsemven Fund,Private Equity,825000.0,6.93,2015,January
3042,2015-01-30,Mad Street Den,Other,Other,Unknown,"Exfinity Fund, Growx Ventures.",Private Equity,1500000.0,12.6,2015,January
3043,2015-01-30,Simplotel,Other,Other,Unknown,Makemytrip,Private Equity,0.0,0.0,2015,January
3044,2015-01-31,couponmachine.in,Other,Other,Unknown,Uk Based Group Of Angel Investors,Seed Funding,140000.0,1.18,2015,January
